protoPayload.status.code,anonymous_principal,timestamp__epoch_s,logName__le,labels.authorization.k8s.io/decision__le,resource.labels.project_id__le,resource.labels.location__le,resource.labels.cluster_name__le,protoPayload.methodName__le,protoPayload.requestMetadata.callerSuppliedUserAgent__le,hour,dayofweek,is_weekend,timestamp_delay_s
0,0,1730651887.0,3,1,3,1,4,12,7,16,6,1,51.0
7,0,1720267159.0,3,1,3,3,0,9,6,11,5,1,127.0
0,1,1709697932.0,3,1,3,5,2,8,6,4,2,0,257.0
3,1,1734449091.0,3,1,3,1,2,14,1,15,1,0,5.0
3,0,1726553364.0,3,1,3,1,2,14,6,6,1,0,76.0
7,1,1733447521.0,3,0,3,0,2,9,2,1,4,0,86.0
13,0,1721470594.0,3,0,3,1,0,8,7,10,5,1,40.0
13,0,1721938892.0,3,1,3,0,4,13,6,20,3,0,49.0
3,0,1735163128.0,3,1,3,0,6,8,3,21,2,0,155.0
16,0,1721588949.0,3,0,3,3,6,13,7,19,6,1,64.0
0,0,1728150256.0,3,1,3,3,2,12,2,17,5,1,158.0
7,0,1715301518.0,3,1,3,1,0,8,6,0,4,0,203.0
13,0,1712710484.0,3,1,3,3,0,13,6,0,2,0,186.0
3,0,1728093229.0,3,1,3,0,5,8,7,1,5,1,150.0
13,0,1727026209.0,3,0,3,3,2,9,3,17,6,1,55.0
16,1,1734578887.0,3,1,3,5,6,14,6,3,3,0,76.0
13,0,1720446400.0,3,1,3,5,0,14,3,13,0,0,224.0
0,0,1727602409.0,3,1,3,5,5,12,1,9,6,1,29.0
13,0,1734596393.0,3,0,3,5,2,9,2,8,3,0,50.0
0,1,1724050548.0,3,0,3,1,6,13,1,6,0,0,95.0
0,0,1732855158.0,3,0,3,3,2,12,6,4,4,0,54.0
7,1,1712174566.0,3,1,3,5,4,14,2,20,2,0,114.0
16,0,1714450468.0,3,0,3,3,5,9,1,4,1,0,87.0
7,0,1715788039.0,3,1,3,0,6,14,7,15,2,0,106.0
7,0,1704468978.0,3,1,3,3,4,12,3,15,4,0,163.0
0,0,1726474268.0,3,1,3,3,5,14,7,8,0,0,134.0
3,1,1716635594.0,3,0,3,5,0,9,1,11,5,1,115.0
3,0,1732302733.0,3,0,3,5,5,13,1,19,4,0,166.0
16,1,1712685438.0,3,0,3,1,4,14,1,17,1,0,185.0
0,0,1707466672.0,3,1,3,5,2,9,1,8,4,0,117.0
7,1,1708846344.0,3,0,3,0,5,8,3,7,6,1,256.0
7,1,1704516506.0,3,1,3,0,5,14,3,4,5,1,92.0
7,0,1709713999.0,3,1,3,0,6,14,1,8,2,0,281.0
7,0,1729140749.0,3,0,3,0,6,9,7,4,3,0,152.0
3,0,1719130135.0,3,1,3,3,5,12,2,8,6,1,28.0
16,0,1705027403.0,3,1,3,1,6,14,3,2,4,0,159.0
0,0,1713717932.0,3,0,3,3,2,9,3,16,6,1,234.0
3,1,1721134316.0,3,1,3,3,4,14,7,12,1,0,35.0
16,0,1704349534.0,3,0,3,5,2,12,2,6,3,0,15.0
7,1,1713640356.0,3,0,3,5,4,13,6,19,5,1,97.0
3,0,1727333102.0,3,0,3,0,0,14,7,6,3,0,195.0
7,0,1709374366.0,3,1,3,3,2,9,3,10,5,1,177.0
0,0,1713249959.0,3,0,3,1,2,12,3,6,1,0,153.0
13,1,1710189363.0,3,1,3,0,6,9,2,20,0,0,42.0
13,0,1712870021.0,3,1,3,1,2,8,7,21,3,0,287.0
16,0,1733267400.0,3,0,3,1,0,14,6,23,1,0,131.0
13,0,1731465631.0,3,0,3,5,6,14,2,2,2,0,34.0
3,0,1715030362.0,3,0,3,1,6,8,3,21,0,0,59.0
3,0,1717604845.0,3,0,3,1,4,14,1,16,2,0,193.0
13,0,1730180873.0,3,0,3,0,2,12,2,5,1,0,241.0
16,1,1721167236.0,3,1,3,3,6,12,2,22,1,0,287.0
3,1,1705943048.0,3,1,3,5,5,9,3,17,0,0,260.0
13,1,1732964630.0,3,1,3,1,4,8,1,11,5,1,172.0
7,1,1709134709.0,3,1,3,1,2,13,1,15,2,0,141.0
0,0,1708932580.0,3,1,3,5,6,13,7,7,0,0,83.0
7,0,1733460771.0,3,1,3,5,4,12,2,4,4,0,159.0
16,0,1705012793.0,3,0,3,5,0,13,2,22,3,0,199.0
0,1,1721614761.0,3,0,3,1,2,9,7,2,0,0,100.0
16,1,1705227071.0,3,0,3,5,0,13,2,10,6,1,76.0
16,1,1716570797.0,3,1,3,0,2,14,2,17,4,0,130.0
16,0,1724907208.0,3,0,3,0,6,13,1,4,3,0,230.0
13,0,1724967999.0,3,0,3,5,0,14,1,21,3,0,196.0
16,0,1719584298.0,3,0,3,0,2,14,7,14,4,0,25.0
13,0,1722410372.0,3,1,3,0,4,13,2,7,2,0,249.0
0,0,1727442867.0,3,0,3,1,5,8,2,13,4,0,17.0
13,0,1727667938.0,3,1,3,1,4,12,7,3,0,0,254.0
16,0,1704305589.0,3,1,3,0,0,12,1,18,2,0,118.0
7,1,1713535629.0,3,1,3,3,5,8,3,14,4,0,145.0
0,1,1716802528.0,3,0,3,0,2,8,3,9,0,0,67.0
0,1,1716887298.0,3,1,3,1,4,14,1,9,1,0,89.0
13,0,1719742154.0,3,0,3,1,5,13,6,10,6,1,284.0
13,0,1706119326.0,3,0,3,0,4,8,7,18,2,0,97.0
3,0,1706148422.0,3,0,3,5,4,12,3,2,3,0,220.0
3,1,1723306037.0,3,1,3,1,0,9,7,16,5,1,126.0
16,0,1715772564.0,3,1,3,0,4,8,7,11,2,0,119.0
0,0,1735142439.0,3,0,3,5,6,14,3,16,2,0,243.0
16,0,1723794085.0,3,0,3,1,4,9,2,7,4,0,237.0
7,0,1727633815.0,3,1,3,3,5,12,3,18,6,1,187.0
13,1,1718902897.0,3,1,3,1,2,9,6,17,3,0,159.0
16,0,1705489134.0,3,1,3,5,4,8,2,10,2,0,208.0
3,0,1708517144.0,3,1,3,1,4,8,6,12,2,0,270.0
3,1,1711994169.0,3,0,3,3,4,8,6,17,0,0,251.0
16,0,1726490137.0,3,1,3,5,6,12,7,12,0,0,103.0
7,0,1735494704.0,3,0,3,0,6,13,6,17,6,1,137.0
13,0,1718002463.0,3,0,3,5,5,12,3,6,0,0,296.0
13,0,1721151805.0,3,0,3,1,2,13,2,17,1,0,130.0
3,0,1721069259.0,3,1,3,0,2,13,2,18,0,0,40.0
0,0,1708068374.0,3,0,3,5,2,12,7,7,4,0,117.0
0,0,1709975119.0,3,1,3,1,6,8,6,9,5,1,83.0
3,1,1706733968.0,3,0,3,0,0,14,3,20,2,0,194.0
3,0,1719223448.0,3,1,3,5,2,12,6,10,0,0,53.0
7,1,1712249732.0,3,0,3,0,5,8,1,16,3,0,248.0
16,0,1717891395.0,3,1,3,0,4,14,1,0,6,1,152.0
13,1,1721234401.0,3,0,3,3,5,9,7,16,2,0,118.0
16,1,1716508812.0,3,1,3,3,2,8,2,0,4,0,276.0
3,0,1712675894.0,3,1,3,3,5,12,1,15,1,0,108.0
16,1,1731069293.0,3,1,3,0,5,12,7,12,4,0,154.0
3,0,1732012213.0,3,1,3,5,4,12,3,10,1,0,27.0
3,0,1724487035.0,3,0,3,3,0,12,3,8,5,1,206.0
0,0,1726824345.0,3,1,3,5,6,14,3,9,4,0,41.0
3,0,1712264657.0,3,0,3,0,6,13,7,21,3,0,289.0
7,1,1728791367.0,3,0,3,0,0,9,3,3,6,1,257.0
16,0,1706116075.0,3,0,3,1,2,12,2,17,2,0,45.0
13,1,1729138956.0,3,0,3,0,6,8,7,4,3,0,274.0
16,0,1721144442.0,3,0,3,1,5,13,2,15,1,0,198.0
13,1,1719387183.0,3,0,3,0,5,13,7,7,2,0,253.0
16,1,1724662246.0,3,0,3,3,4,13,1,8,0,0,196.0
3,0,1721210675.0,3,1,3,5,4,8,2,10,2,0,11.0
16,1,1705984020.0,3,0,3,1,6,12,3,4,1,0,57.0
3,0,1732294138.0,3,1,3,0,4,13,7,16,4,0,55.0
0,0,1748885384.0,0,0,0,4,1,5,8,17,0,0,119.0
0,0,1743639601.0,1,0,1,5,6,3,8,0,3,0,121.0
0,0,1756814595.0,3,0,3,1,6,6,9,12,1,0,203.0
0,0,1737033621.0,3,0,3,4,3,3,9,13,3,0,125.0
0,0,1739712537.0,1,0,1,5,2,2,9,13,6,1,23.0
0,0,1762782558.0,1,0,1,2,3,1,8,13,0,0,227.0
0,0,1746392849.0,2,0,2,1,1,1,8,21,6,1,99.0
0,0,1738016006.0,2,0,2,3,2,3,8,22,0,0,7.0
0,0,1764643733.0,3,0,3,4,4,10,4,2,1,0,156.0
0,0,1738326878.0,2,0,2,5,3,11,4,12,4,0,162.0
0,0,1742195381.0,3,0,3,5,2,10,8,7,0,0,121.0
0,0,1764341458.0,0,0,0,3,2,2,4,14,4,0,236.0
0,0,1764131285.0,0,0,0,3,2,2,4,4,2,0,54.0
0,0,1743485971.0,1,0,1,0,4,2,9,5,1,0,171.0
0,0,1736072320.0,0,0,0,1,1,3,9,10,6,1,153.0
0,0,1745430756.0,0,0,0,2,5,3,4,17,2,0,14.0
0,0,1746504652.0,2,0,2,1,3,2,4,4,1,0,129.0
0,0,1772072613.0,0,0,0,3,3,10,4,2,3,0,234.0
0,0,1755174649.0,1,0,1,0,6,3,8,12,3,0,3.0
0,0,1765943099.0,2,0,2,0,1,6,8,3,2,0,170.0
0,0,1769361190.0,3,0,3,2,2,1,5,17,6,1,215.0
0,0,1748718351.0,0,0,0,3,6,2,9,19,5,1,153.0
0,0,1764577804.0,1,0,1,4,2,3,0,8,0,0,45.0
0,0,1751249180.0,3,0,3,2,6,2,8,2,0,0,62.0
0,0,1747390306.0,3,0,3,0,5,2,5,10,4,0,79.0
0,0,1748010887.0,3,0,3,3,1,1,9,14,4,0,41.0
0,0,1744933938.0,1,0,1,2,2,0,4,23,3,0,143.0
0,0,1771604453.0,0,0,0,1,6,3,5,16,4,0,69.0
0,0,1770132213.0,1,0,1,0,6,3,5,15,1,0,54.0
0,0,1751747983.0,1,0,1,0,4,6,8,20,5,1,154.0
0,0,1763760477.0,3,0,3,3,3,4,4,21,4,0,114.0
0,0,1765318479.0,3,0,3,2,4,6,0,22,1,0,37.0
0,0,1758744829.0,1,0,1,5,3,1,4,20,2,0,220.0
0,0,1767564053.0,2,0,2,4,4,3,4,22,6,1,63.0
0,0,1739356571.0,0,0,0,4,1,2,9,10,2,0,8.0
0,0,1767910110.0,0,0,0,4,1,2,4,22,3,0,186.0
0,0,1737422964.0,0,0,0,4,2,2,0,1,1,0,188.0
0,0,1756877164.0,1,0,1,2,6,6,4,5,2,0,69.0
0,0,1752395732.0,0,0,0,4,6,1,9,8,6,1,45.0
0,0,1750893056.0,3,0,3,1,4,1,4,23,2,0,172.0
0,0,1739599259.0,2,0,2,5,6,3,4,6,5,1,76.0
0,0,1741499632.0,2,0,2,0,3,4,4,5,6,1,56.0
0,0,1752831559.0,2,0,2,1,6,2,5,9,4,0,135.0
0,0,1763445616.0,3,0,3,3,6,6,5,6,1,0,64.0
0,0,1760335934.0,0,0,0,1,3,3,4,6,0,0,93.0
0,0,1743108849.0,0,0,0,0,6,2,4,20,3,0,77.0
0,0,1737339398.0,3,0,3,0,3,10,9,2,0,0,154.0
0,0,1757670821.0,0,0,0,3,5,1,5,9,4,0,42.0
0,0,1752767536.0,2,0,2,3,3,0,0,15,3,0,3.0
0,0,1764871876.0,1,0,1,3,2,1,0,18,3,0,185.0
0,0,1763314683.0,3,0,3,3,6,3,0,17,6,1,11.0
0,0,1736074116.0,0,0,0,1,6,3,8,10,6,1,47.0
0,0,1766612912.0,0,0,0,1,2,0,8,21,2,0,88.0
0,0,1757941320.0,0,0,0,2,2,1,4,13,0,0,148.0
0,0,1769013489.0,3,0,3,1,2,2,0,16,2,0,233.0
0,0,1757914012.0,3,0,3,2,3,2,8,5,0,0,226.0
0,0,1742131052.0,0,0,0,0,2,1,0,13,6,1,227.0
0,0,1768831701.0,0,0,0,2,5,5,9,14,0,0,222.0
0,0,1768511986.0,2,0,2,4,2,10,5,21,3,0,19.0
0,0,1767374595.0,0,0,0,4,6,11,5,17,4,0,209.0
7,0,1771714254.0,0,1,0,5,6,3,5,22,5,1,54.0
0,0,1751516182.0,3,0,3,1,6,5,9,4,3,0,35.0
0,0,1771162840.0,2,0,2,4,2,0,0,13,6,1,212.0
0,0,1759454217.0,0,0,0,1,1,2,8,1,4,0,116.0
7,0,1745862045.0,3,1,3,2,4,10,4,17,0,0,36.0
0,0,1753601949.0,3,0,3,2,1,1,4,7,6,1,192.0
0,0,1740679611.0,3,0,3,0,5,1,9,18,3,0,218.0
0,0,1736855170.0,3,0,3,1,6,3,8,11,1,0,172.0
7,0,1757984144.0,2,1,2,0,1,6,4,0,1,0,188.0
0,0,1761020009.0,3,0,3,2,4,2,8,4,1,0,28.0
7,0,1758547348.0,3,1,3,3,4,5,8,13,0,0,57.0
0,0,1746681352.0,0,0,0,0,5,1,8,5,3,0,214.0
0,0,1758432713.0,3,0,3,4,6,2,0,5,6,1,99.0
0,0,1764488038.0,3,0,3,1,4,2,5,7,6,1,2.0
0,0,1750558933.0,0,0,0,0,1,4,9,2,6,1,208.0
0,0,1769164021.0,1,0,1,5,6,3,0,10,4,0,7.0
0,0,1766636573.0,1,0,1,0,6,0,8,4,3,0,201.0
0,0,1755392998.0,2,0,2,0,3,0,5,1,6,1,103.0
0,0,1762259085.0,1,0,1,1,4,2,8,12,1,0,197.0
0,0,1739101642.0,3,0,3,3,6,3,0,11,6,1,84.0
0,0,1769136404.0,3,0,3,4,1,1,8,2,4,0,209.0
0,0,1765074424.0,1,0,1,1,6,3,4,2,6,1,20.0
0,0,1736821892.0,3,0,3,1,2,2,9,2,1,0,201.0
0,0,1742333639.0,2,0,2,0,6,5,4,21,1,0,134.0
0,0,1758678252.0,0,0,0,4,6,1,4,1,2,0,56.0
0,0,1760810715.0,1,0,1,4,5,5,5,18,5,1,51.0
0,0,1749684371.0,3,0,3,2,1,2,0,23,2,0,8.0
0,0,1739706545.0,3,0,3,3,3,3,8,11,6,1,33.0
0,0,1746657372.0,2,0,2,2,2,3,5,22,2,0,20.0
0,0,1770453591.0,3,0,3,3,5,1,0,8,5,1,234.0
0,0,1759064283.0,2,0,2,0,6,2,5,12,6,1,231.0
0,0,1765773914.0,2,0,2,0,4,3,9,4,0,0,70.0
0,0,1739458854.0,0,0,0,5,1,3,9,15,3,0,202.0
0,0,1754631691.0,2,0,2,3,6,15,8,5,4,0,146.0
0,0,1738223696.0,3,0,3,1,3,2,4,7,3,0,17.0
0,0,1771893185.0,3,0,3,2,5,3,0,0,1,0,54.0
0,0,1739084601.0,2,0,2,0,6,1,9,7,6,1,14.0
0,0,1743236868.0,0,0,0,4,3,4,9,8,5,1,36.0
0,0,1754672299.0,0,0,0,2,5,2,4,16,4,0,49.0
0,0,1760940595.0,2,0,2,5,1,10,4,6,0,0,157.0
0,0,1756535400.0,2,0,2,1,6,10,8,6,5,1,31.0
0,0,1741801874.0,1,0,1,4,5,2,9,17,2,0,48.0
0,0,1771539394.0,3,0,3,3,3,1,5,22,3,0,21.0
0,0,1757885354.0,2,0,2,3,6,10,9,21,6,1,141.0
0,0,1738024138.0,0,0,0,4,3,11,8,0,1,0,129.0
0,0,1742741637.0,1,0,1,2,3,2,5,14,6,1,121.0
0,0,1735714045.0,0,0,0,3,6,2,5,6,2,0,102.0
0,0,1746248222.0,1,0,1,1,5,6,9,4,5,1,86.0
0,0,1737009295.0,1,0,1,4,5,3,8,6,3,0,66.0
0,0,1738803853.0,3,0,3,4,5,2,9,1,3,0,60.0
0,0,1740851050.0,2,0,2,4,4,3,5,17,5,1,235.0
7,0,1761869337.0,2,1,2,2,4,0,9,0,4,0,2.0
0,0,1744063631.0,3,0,3,2,5,1,8,22,0,0,53.0
0,0,1756717855.0,2,0,2,1,6,5,8,9,0,0,230.0
0,0,1736923750.0,3,0,3,0,4,0,5,6,2,0,162.0
0,0,1746595267.0,3,0,3,0,2,2,4,5,2,0,8.0
0,0,1747610279.0,3,0,3,1,6,3,9,23,6,1,141.0
0,0,1752109704.0,2,0,2,3,6,3,9,1,3,0,80.0
0,0,1764482531.0,3,0,3,1,5,6,4,6,6,1,216.0
0,0,1768519761.0,2,0,2,0,3,4,5,23,3,0,212.0
0,0,1768616611.0,0,0,0,4,6,6,0,2,5,1,155.0
0,0,1757634619.0,0,0,0,3,6,5,5,23,3,0,213.0
0,0,1770672741.0,0,0,0,4,6,0,8,21,0,0,228.0
0,0,1770002774.0,1,0,1,5,3,3,9,3,0,0,239.0
0,0,1747728331.0,3,0,3,3,2,3,4,8,1,0,226.0
7,0,1752412160.0,0,1,0,2,4,2,9,13,6,1,108.0
0,0,1740320881.0,1,0,1,1,3,1,5,14,6,1,227.0
0,0,1764877325.0,3,0,3,1,2,15,5,19,3,0,14.0
0,0,1741563003.0,0,0,0,2,4,2,8,23,6,1,175.0
0,0,1736950723.0,0,0,0,2,6,10,8,14,2,0,123.0
0,0,1736084600.0,2,0,2,0,3,2,5,13,6,1,84.0
0,0,1768429707.0,0,0,0,2,6,11,4,22,2,0,213.0
0,0,1753010963.0,2,0,2,4,2,2,9,11,6,1,120.0
7,0,1741319119.0,3,1,3,2,6,10,8,3,4,0,163.0
0,0,1762149138.0,1,0,1,3,2,2,8,5,0,0,62.0
0,0,1758111815.0,0,0,0,0,6,2,8,12,2,0,132.0
0,0,1744083176.0,3,0,3,0,3,2,5,3,1,0,57.0
0,0,1758727239.0,2,0,2,1,5,1,9,15,2,0,118.0
0,0,1739843481.0,1,0,1,5,3,11,0,1,1,0,47.0
0,0,1756076371.0,1,0,1,5,3,2,5,22,6,1,92.0
7,0,1742367217.0,2,1,2,1,6,0,4,6,2,0,148.0
0,0,1758939995.0,3,0,3,0,1,10,8,2,5,1,120.0
0,0,1759120841.0,2,0,2,0,5,6,5,4,0,0,219.0
0,0,1757180796.0,2,0,2,1,2,1,0,17,5,1,176.0
0,0,1750427918.0,1,0,1,4,3,1,0,13,4,0,70.0
0,0,1771016812.0,0,0,0,4,1,2,8,21,4,0,239.0
0,0,1763084253.0,2,0,2,2,6,1,0,1,4,0,120.0
0,0,1750820296.0,0,0,0,0,5,1,4,2,2,0,12.0
0,0,1744159880.0,1,0,1,2,4,3,8,0,2,0,7.0
0,0,1750441812.0,3,0,3,3,3,4,8,17,4,0,162.0
0,0,1745920126.0,1,0,1,3,5,10,8,9,1,0,176.0
0,0,1739998443.0,3,0,3,5,6,0,8,20,2,0,134.0
0,0,1754872056.0,3,0,3,3,3,6,5,0,0,0,209.0
0,0,1745390107.0,3,0,3,1,5,1,0,6,2,0,173.0
0,0,1741915570.0,0,0,0,1,5,2,5,1,4,0,112.0
0,0,1750182820.0,3,0,3,0,6,6,5,17,1,0,178.0
0,0,1764668621.0,3,0,3,2,4,2,5,9,1,0,121.0
0,0,1754219612.0,0,0,0,1,5,10,9,11,6,1,222.0
0,0,1760735020.0,2,0,2,3,1,10,8,21,4,0,87.0
0,0,1748252759.0,3,0,3,2,5,5,0,9,0,0,209.0
0,0,1740150203.0,2,0,2,0,1,6,4,15,4,0,41.0
0,0,1746346245.0,1,0,1,1,5,2,5,8,6,1,8.0
0,0,1765935009.0,2,0,2,3,5,4,5,1,2,0,81.0
0,0,1744130850.0,3,0,3,0,5,1,4,16,1,0,153.0
0,0,1767358340.0,1,0,1,3,1,10,0,12,4,0,87.0
0,0,1772455577.0,0,0,0,4,6,2,8,12,0,0,4.0
0,0,1738927973.0,3,0,3,1,1,10,8,11,4,0,209.0
0,0,1757432931.0,2,0,2,1,2,2,5,15,1,0,66.0
0,0,1753931675.0,3,0,3,4,5,4,8,3,3,0,105.0
0,0,1737042212.0,3,0,3,4,4,1,9,15,3,0,32.0
0,0,1739159686.0,0,0,0,4,3,1,5,3,0,0,5.0
0,0,1737628921.0,0,0,0,4,2,2,8,10,3,0,56.0
0,0,1742709973.0,1,0,1,3,6,0,9,6,6,1,91.0
0,0,1761775476.0,1,0,1,2,5,6,9,22,2,0,10.0
0,0,1766675259.0,0,0,0,0,4,0,9,15,3,0,113.0
0,0,1737708825.0,2,0,2,1,5,2,8,8,4,0,203.0
7,0,1756070972.0,2,1,2,2,3,1,8,21,6,1,7.0
0,0,1770057007.0,2,0,2,0,4,2,5,18,0,0,157.0
0,0,1752423466.0,1,0,1,4,1,3,5,16,6,1,178.0
0,0,1758077379.0,1,0,1,4,2,1,0,2,2,0,53.0
0,0,1770129705.0,1,0,1,2,4,11,8,14,1,0,119.0
0,0,1761536249.0,0,0,0,5,4,2,0,3,0,0,133.0
0,0,1755659028.0,0,0,0,3,4,4,4,3,2,0,74.0
0,0,1763061805.0,0,0,0,1,4,4,5,19,3,0,12.0
0,0,1752627450.0,3,0,3,0,1,1,4,0,2,0,95.0
0,0,1760818092.0,0,0,0,1,5,0,0,20,5,1,214.0
0,0,1766557884.0,2,0,2,1,3,4,8,6,2,0,119.0
0,0,1770412913.0,3,0,3,2,1,3,9,21,4,0,35.0
7,0,1765149934.0,3,1,3,0,6,0,5,23,6,1,151.0
0,0,1760909394.0,2,0,2,4,3,10,4,21,6,1,174.0
0,0,1755117866.0,0,0,0,2,3,1,9,20,2,0,105.0
0,0,1742463212.0,1,0,1,2,2,1,4,9,3,0,137.0
0,0,1745926930.0,2,0,2,1,6,11,0,11,1,0,119.0
0,0,1770647334.0,2,0,2,0,6,0,8,14,0,0,5.0
0,0,1755342762.0,2,0,2,3,6,10,5,11,5,1,150.0
0,0,1761303736.0,0,0,0,5,4,3,9,11,4,0,13.0
0,0,1751087713.0,0,0,0,0,1,1,5,5,5,1,19.0
0,0,1759832460.0,1,0,1,3,2,3,5,10,1,0,27.0
0,0,1753276028.0,3,0,3,3,1,3,8,13,2,0,193.0
0,0,1738008006.0,0,0,0,3,6,1,4,20,0,0,218.0
0,0,1742218219.0,1,0,1,4,4,10,8,13,0,0,103.0
0,0,1764439968.0,3,0,3,3,4,3,9,18,5,1,123.0
0,0,1740068101.0,1,0,1,3,4,10,8,16,3,0,5.0
0,0,1754673935.0,1,0,1,1,1,3,4,17,4,0,153.0
0,0,1747620494.0,1,0,1,0,6,6,8,2,0,0,156.0
0,0,1743456654.0,0,0,0,2,5,5,8,21,0,0,160.0
0,0,1749787542.0,3,0,3,1,5,2,5,4,4,0,55.0
0,0,1746384381.0,0,0,0,3,6,10,9,18,6,1,77.0
0,0,1750762168.0,1,0,1,5,2,3,8,10,1,0,144.0
0,0,1759020215.0,0,0,0,5,6,3,9,0,6,1,225.0
7,0,1750227515.0,1,1,1,4,2,10,0,6,2,0,236.0
0,0,1753349929.0,2,0,2,4,5,6,5,9,3,0,189.0
0,0,1761711195.0,0,0,0,5,2,3,9,4,2,0,7.0
0,0,1740205081.0,2,0,2,4,2,1,5,6,5,1,231.0
0,0,1748814221.0,0,0,0,3,5,4,9,21,6,1,204.0
0,0,1741011890.0,2,0,2,4,5,2,8,14,0,0,56.0
0,0,1759737294.0,3,0,3,4,3,2,8,7,0,0,205.0
0,0,1760527970.0,1,0,1,2,4,1,4,11,2,0,13.0
0,0,1770500059.0,3,0,3,3,1,2,5,21,5,1,148.0
0,0,1741326535.0,3,0,3,3,6,0,8,5,4,0,210.0
0,0,1766713651.0,2,0,2,5,2,10,4,1,4,0,56.0
0,0,1763974027.0,1,0,1,0,6,2,5,8,0,0,229.0
0,0,1758991671.0,2,0,2,4,3,6,9,16,5,1,153.0
0,0,1757207242.0,0,0,0,5,5,6,9,1,6,1,172.0
0,0,1756494103.0,0,0,0,3,1,10,0,19,4,0,225.0
0,0,1770772590.0,3,0,3,1,5,6,8,1,2,0,9.0
0,0,1758815468.0,2,0,2,3,6,3,9,15,3,0,198.0
0,0,1753480027.0,1,0,1,3,2,2,4,21,4,0,233.0
0,0,1757632226.0,2,0,2,2,4,6,4,23,3,0,228.0
0,0,1758133953.0,1,0,1,5,2,2,0,18,2,0,163.0
0,0,1737348675.0,2,0,2,2,3,6,5,4,0,0,21.0
0,0,1756960750.0,1,0,1,5,2,3,9,4,3,0,107.0
0,0,1750565126.0,0,0,0,3,1,11,4,4,6,1,177.0
0,0,1748075707.0,2,0,2,0,5,1,4,8,5,1,124.0
7,0,1768039891.0,2,1,2,5,2,2,0,10,5,1,34.0
0,0,1746948957.0,3,0,3,2,4,3,4,7,6,1,173.0
0,0,1746287673.0,0,0,0,1,3,2,0,15,5,1,166.0
0,0,1744057084.0,1,0,1,3,3,3,0,20,0,0,171.0
0,0,1765223871.0,1,0,1,2,6,0,0,19,0,0,123.0
0,0,1760125132.0,2,0,2,4,5,2,5,19,4,0,183.0
0,0,1758135842.0,1,0,1,4,6,2,8,19,2,0,15.0
0,0,1770985014.0,1,0,1,3,4,5,8,12,4,0,59.0
0,0,1738870208.0,2,0,2,0,6,0,4,19,3,0,32.0
0,0,1766960840.0,2,0,2,1,5,3,4,22,6,1,91.0
0,0,1738600526.0,1,0,1,3,4,1,5,16,0,0,140.0
0,0,1745249827.0,3,0,3,0,6,6,5,15,0,0,28.0
0,0,1745025288.0,1,0,1,2,6,3,5,1,5,1,147.0
0,0,1755999442.0,3,0,3,3,2,4,4,1,6,1,19.0
0,0,1746921855.0,3,0,3,3,3,0,0,0,6,1,53.0
0,0,1771347031.0,0,0,0,1,6,3,0,16,1,0,168.0
0,0,1771335701.0,3,0,3,4,6,2,9,13,1,0,164.0
0,0,1736712641.0,0,0,0,5,6,2,9,20,6,1,38.0
0,0,1768499336.0,1,0,1,4,6,10,8,17,3,0,154.0
0,0,1743803330.0,2,0,2,1,5,11,9,21,4,0,236.0
0,0,1770210188.0,3,0,3,3,3,2,9,13,2,0,71.0
0,0,1740897394.0,3,0,3,0,5,10,9,6,6,1,164.0
0,0,1749039059.0,3,0,3,0,6,2,0,12,2,0,103.0
0,0,1744713909.0,1,0,1,2,6,6,5,10,1,0,44.0
0,0,1740126842.0,0,0,0,1,2,1,9,8,4,0,195.0
0,0,1771869894.0,2,0,2,5,2,4,4,18,0,0,232.0
0,0,1748316791.0,3,0,3,2,6,5,4,3,1,0,218.0
0,0,1769122766.0,3,0,3,1,3,10,5,22,3,0,60.0
0,0,1748434190.0,0,0,0,3,4,10,0,12,2,0,215.0
0,0,1768789761.0,3,0,3,5,4,0,4,2,0,0,51.0
0,0,1743967795.0,1,0,1,4,5,3,0,19,6,1,130.0
0,0,1742547356.0,0,0,0,5,5,1,0,8,4,0,152.0
0,0,1769751853.0,3,0,3,5,1,4,4,5,4,0,230.0
0,0,1744074743.0,3,0,3,0,3,11,5,1,1,0,150.0
0,0,1749631861.0,3,0,3,1,3,2,4,8,2,0,34.0
0,0,1746604989.0,3,0,3,4,5,1,9,8,2,0,148.0
0,0,1749404458.0,0,0,0,2,6,6,0,17,6,1,58.0
0,0,1747016050.0,1,0,1,3,2,10,5,2,0,0,40.0
0,0,1755440537.0,2,0,2,0,1,1,9,14,6,1,140.0
7,0,1768151710.0,0,1,0,0,2,2,4,17,6,1,17.0
0,0,1741733507.0,2,0,2,3,5,1,8,22,1,0,44.0
0,0,1753462272.0,1,0,1,0,2,2,4,16,4,0,14.0
0,0,1766503842.0,1,0,1,0,4,2,5,15,1,0,119.0
0,0,1769585117.0,2,0,2,0,6,2,0,7,2,0,54.0
0,0,1755051794.0,0,0,0,4,1,0,4,2,2,0,152.0
0,0,1760395250.0,2,0,2,3,3,2,9,22,0,0,113.0
0,0,1770043961.0,2,0,2,3,3,10,4,14,0,0,78.0
0,0,1743528373.0,0,0,0,3,6,1,9,17,1,0,150.0
0,0,1766461361.0,2,0,2,3,4,3,5,3,1,0,173.0
0,0,1752866663.0,2,0,2,3,4,3,8,19,4,0,39.0
0,0,1739932918.0,0,0,0,5,6,5,4,2,2,0,159.0
0,0,1771253767.0,0,0,0,1,4,4,0,14,0,0,56.0
0,0,1770624649.0,1,0,1,0,2,3,4,8,0,0,20.0
0,0,1770483806.0,0,0,0,5,3,10,0,17,5,1,57.0
0,0,1756225938.0,2,0,2,2,6,5,4,16,1,0,94.0
0,0,1771549966.0,3,0,3,2,3,5,9,1,4,0,166.0
0,0,1749254031.0,0,0,0,5,3,2,4,23,4,0,6.0
0,0,1738915572.0,1,0,1,0,1,0,4,8,4,0,69.0
0,0,1762654327.0,3,0,3,1,2,5,8,2,6,1,151.0
0,0,1772648231.0,2,0,2,1,1,2,5,18,2,0,144.0
0,0,1741495195.0,3,0,3,4,4,6,9,4,6,1,23.0
0,0,1766807889.0,0,0,0,4,1,2,8,3,5,1,112.0
0,0,1740556936.0,1,0,1,0,6,1,9,8,2,0,104.0
0,0,1768787352.0,2,0,2,0,5,2,8,1,0,0,228.0
0,0,1769510899.0,0,0,0,0,3,4,8,10,1,0,57.0
0,0,1752724237.0,1,0,1,0,1,0,5,3,3,0,127.0
0,0,1769438130.0,0,0,0,5,2,2,4,14,0,0,128.0
0,0,1754348144.0,0,0,0,4,5,1,0,22,0,0,72.0
0,0,1741972947.0,1,0,1,4,3,11,5,17,4,0,172.0
0,0,1762834592.0,2,0,2,5,4,11,5,4,1,0,147.0
0,0,1737379251.0,3,0,3,1,5,1,9,13,0,0,114.0
0,0,1754523429.0,2,0,2,4,2,5,4,23,2,0,217.0
0,0,1745394399.0,0,0,0,3,2,3,5,7,2,0,211.0
0,0,1741983569.0,3,0,3,5,5,2,4,20,4,0,136.0
0,0,1751633699.0,2,0,2,1,5,7,4,12,4,0,216.0
0,0,1751174482.0,1,0,1,1,4,1,8,5,6,1,36.0
0,0,1749530388.0,0,0,0,3,1,2,8,4,1,0,21.0
0,0,1762391778.0,2,0,2,1,1,3,8,1,3,0,171.0
0,0,1742450527.0,0,0,0,4,4,2,0,6,3,0,107.0
0,0,1772081521.0,3,0,3,3,2,2,0,4,3,0,146.0
0,0,1760371406.0,3,0,3,4,5,6,9,16,0,0,30.0
0,0,1754914904.0,1,0,1,2,5,1,9,12,0,0,37.0
0,0,1746829700.0,0,0,0,5,6,15,5,22,4,0,69.0
0,0,1755087964.0,3,0,3,4,6,2,5,12,2,0,50.0
0,0,1771293356.0,1,0,1,2,2,6,9,1,1,0,36.0
0,0,1749810586.0,1,0,1,4,5,0,4,10,4,0,188.0
7,0,1743360963.0,2,1,2,4,2,2,0,18,6,1,208.0
0,0,1754936809.0,2,0,2,3,4,1,5,18,0,0,27.0
0,0,1766590499.0,2,0,2,0,4,0,9,15,2,0,120.0
0,0,1769819007.0,3,0,3,1,2,2,8,0,5,1,8.0
0,0,1758189005.0,0,0,0,4,6,0,9,9,3,0,212.0
0,0,1749295260.0,2,0,2,2,5,15,8,11,5,1,140.0
0,0,1751179286.0,2,0,2,3,1,6,4,6,6,1,108.0
0,0,1750672193.0,3,0,3,2,4,2,0,9,0,0,71.0
0,0,1744111258.0,3,0,3,0,5,2,8,11,1,0,104.0
0,0,1764386255.0,3,0,3,3,5,11,0,3,5,1,44.0
0,0,1751323671.0,3,0,3,1,2,1,4,22,0,0,205.0
7,0,1759507004.0,3,1,3,4,2,2,9,15,4,0,230.0
0,0,1747326029.0,3,0,3,3,1,3,5,16,3,0,145.0
0,0,1736269973.0,0,0,0,3,6,4,4,17,1,0,80.0
0,0,1752556314.0,1,0,1,3,5,2,5,5,1,0,125.0
0,0,1746918004.0,1,0,1,1,1,3,5,23,5,1,104.0
0,0,1767146562.0,3,0,3,3,1,0,8,2,2,0,144.0
7,0,1752859149.0,2,1,2,1,2,2,0,17,4,0,103.0
0,0,1739402995.0,3,0,3,3,4,2,8,23,2,0,198.0
0,0,1740891060.0,0,0,0,5,5,3,9,4,6,1,158.0
0,0,1769073207.0,3,0,3,0,1,4,4,9,3,0,105.0
0,0,1755526008.0,0,0,0,5,2,1,5,14,0,0,210.0
0,0,1755970872.0,0,0,0,0,5,4,0,17,5,1,78.0
0,0,1742606582.0,2,0,2,0,3,2,9,1,5,1,182.0
0,0,1760991010.0,3,0,3,5,1,3,0,20,0,0,228.0
0,0,1756220312.0,0,0,0,3,2,6,4,14,1,0,185.0
0,0,1771209186.0,1,0,1,2,6,2,9,2,0,0,187.0
0,0,1749371826.0,3,0,3,5,4,2,9,8,6,1,35.0
0,0,1767317237.0,2,0,2,4,4,1,5,1,4,0,53.0
0,0,1763130358.0,2,0,2,3,5,2,9,14,4,0,225.0
0,0,1741028930.0,2,0,2,0,6,2,8,19,0,0,137.0
0,0,1742389957.0,3,0,3,3,2,3,8,13,2,0,35.0
0,0,1768678935.0,1,0,1,0,2,2,9,19,5,1,78.0
0,0,1758385765.0,1,0,1,2,5,6,0,16,5,1,208.0
0,0,1765091823.0,0,0,0,3,2,2,4,7,6,1,25.0
0,0,1741725749.0,3,0,3,3,2,15,5,20,1,0,95.0
0,0,1748290096.0,1,0,1,4,4,3,5,20,0,0,133.0
0,0,1759802057.0,0,0,0,2,3,2,5,1,1,0,141.0
0,0,1738192428.0,1,0,1,1,6,1,9,23,2,0,115.0
0,0,1735831516.0,2,0,2,1,1,2,0,15,3,0,78.0
0,0,1740237307.0,2,0,2,4,3,10,5,15,5,1,230.0
0,0,1755101030.0,0,0,0,1,6,2,9,16,2,0,5.0
0,0,1744802660.0,1,0,1,2,5,0,4,11,2,0,89.0
0,0,1737107765.0,2,0,2,4,3,4,8,9,4,0,121.0
0,0,1765805780.0,3,0,3,5,2,11,5,13,0,0,128.0
0,0,1742330305.0,3,0,3,1,6,10,5,20,1,0,206.0
0,0,1746082110.0,0,0,0,5,5,2,9,6,3,0,66.0
0,0,1738103567.0,1,0,1,2,5,1,5,22,1,0,171.0
0,0,1743333808.0,1,0,1,5,2,2,8,11,6,1,185.0
0,0,1769313496.0,1,0,1,3,4,2,8,3,6,1,171.0
0,0,1739030398.0,1,0,1,3,1,3,8,15,5,1,224.0
0,0,1759638225.0,3,0,3,1,4,1,8,4,6,1,190.0
0,0,1755520848.0,3,0,3,1,3,6,4,12,0,0,139.0
0,0,1756908002.0,3,0,3,1,3,10,8,14,2,0,168.0
0,0,1747721446.0,3,0,3,1,4,6,5,6,1,0,108.0
0,0,1769018936.0,2,0,2,2,2,15,4,18,2,0,220.0
0,0,1751092319.0,1,0,1,3,2,2,9,6,5,1,22.0
0,0,1755283630.0,2,0,2,5,3,3,0,18,4,0,46.0
0,0,1739345311.0,3,0,3,3,1,4,9,7,2,0,3.0
0,0,1742966106.0,0,0,0,4,1,1,5,5,2,0,87.0
0,0,1752580126.0,2,0,2,2,5,2,5,11,1,0,228.0
0,0,1757754428.0,3,0,3,2,1,1,9,9,5,1,200.0
0,0,1761171101.0,0,0,0,0,1,2,8,22,2,0,202.0
0,0,1751787888.0,2,0,2,3,2,11,5,7,6,1,80.0
0,0,1736735898.0,3,0,3,4,1,7,5,2,0,0,137.0
0,0,1740678769.0,3,0,3,5,5,1,0,17,3,0,91.0
0,0,1770555096.0,0,0,0,0,1,2,8,12,6,1,125.0
0,0,1745320025.0,0,0,0,5,3,1,4,11,1,0,216.0
0,0,1741595938.0,1,0,1,2,3,3,8,8,0,0,28.0
0,0,1759825579.0,0,0,0,1,4,4,5,8,1,0,9.0
0,0,1742744870.0,2,0,2,4,3,2,9,15,6,1,142.0
0,0,1746415064.0,1,0,1,0,5,2,5,3,0,0,171.0
0,0,1736827809.0,1,0,1,4,6,3,8,4,1,0,129.0
0,0,1754420631.0,3,0,3,5,2,1,8,19,1,0,118.0
0,0,1749279527.0,0,0,0,4,5,3,4,6,5,1,36.0
0,0,1756506381.0,3,0,3,3,4,3,5,22,4,0,146.0
7,0,1740404064.0,2,1,2,0,2,10,0,13,0,0,196.0
0,0,1753092437.0,1,0,1,3,5,3,8,10,0,0,121.0
0,0,1754152769.0,2,0,2,0,4,4,8,16,5,1,59.0
0,0,1758518454.0,2,0,2,4,2,10,8,5,0,0,165.0
0,0,1750476330.0,1,0,1,5,4,3,8,3,5,1,115.0
0,0,1744286421.0,0,0,0,4,2,11,9,12,3,0,133.0
0,0,1748410520.0,2,0,2,0,3,6,5,5,2,0,217.0
0,0,1737396377.0,2,0,2,0,1,2,9,18,0,0,197.0
0,0,1765135638.0,0,0,0,2,2,1,5,19,6,1,58.0
0,0,1754083209.0,3,0,3,2,6,2,0,21,4,0,177.0
7,0,1757100355.0,0,1,0,0,3,11,4,19,4,0,83.0
0,0,1772761091.0,3,0,3,4,1,2,8,1,4,0,169.0
0,0,1753743583.0,1,0,1,3,4,3,9,22,0,0,159.0
0,0,1749152274.0,2,0,2,2,1,0,0,19,3,0,189.0
0,0,1746684299.0,3,0,3,4,3,10,0,6,3,0,126.0
0,0,1749084105.0,3,0,3,3,2,4,8,0,3,0,176.0
0,0,1765518208.0,3,0,3,2,6,1,4,5,4,0,148.0
0,0,1751966263.0,3,0,3,3,5,3,5,9,1,0,100.0
0,0,1748228532.0,1,0,1,5,2,1,4,3,0,0,196.0
0,0,1753207231.0,1,0,1,3,5,5,5,18,1,0,186.0
0,0,1771648374.0,3,0,3,4,1,15,9,4,5,1,164.0
0,0,1764595286.0,3,0,3,3,4,10,9,13,0,0,113.0
0,0,1765003413.0,0,0,0,3,2,6,5,6,5,1,234.0
0,0,1769011456.0,1,0,1,4,1,3,5,16,2,0,191.0
0,0,1767500510.0,1,0,1,0,5,2,4,4,6,1,176.0
0,0,1765364899.0,3,0,3,0,4,3,8,11,2,0,22.0
0,0,1752585563.0,1,0,1,3,1,10,9,13,1,0,21.0
0,0,1767120572.0,1,0,1,0,6,11,5,18,1,0,89.0
0,0,1768210638.0,2,0,2,2,4,3,0,9,0,0,111.0
0,0,1743318764.0,1,0,1,3,2,2,9,7,6,1,214.0
0,0,1747126510.0,3,0,3,0,6,10,8,8,1,0,35.0
0,0,1757883953.0,0,0,0,3,1,2,9,21,6,1,86.0
0,0,1758398495.0,1,0,1,0,5,3,0,20,5,1,167.0
0,0,1745431783.0,2,0,2,3,4,11,4,18,2,0,235.0
0,0,1744144012.0,1,0,1,4,5,10,9,20,1,0,2.0
0,0,1765558294.0,3,0,3,1,6,0,4,16,4,0,40.0
7,0,1761406907.0,0,1,0,5,1,11,0,15,5,1,160.0
0,0,1747142196.0,3,0,3,5,5,2,0,13,1,0,151.0
0,0,1737989381.0,1,0,1,2,4,6,4,14,0,0,162.0
7,0,1757786669.0,3,1,3,0,4,0,8,18,5,1,43.0
0,0,1766684739.0,1,0,1,1,6,6,9,17,3,0,110.0
0,0,1764449302.0,0,0,0,0,2,1,9,20,5,1,103.0
0,0,1753851089.0,0,0,0,5,5,10,4,4,2,0,96.0
0,0,1748639669.0,0,0,0,3,5,2,0,21,4,0,146.0
0,0,1749438319.0,0,0,0,4,4,3,0,3,0,0,74.0
0,0,1744134346.0,3,0,3,4,4,3,0,17,1,0,110.0
0,0,1735900419.0,3,0,3,4,1,2,0,10,4,0,20.0
0,0,1748075125.0,3,0,3,5,2,1,9,8,5,1,169.0
0,0,1736730206.0,2,0,2,5,4,1,8,1,0,0,183.0
0,0,1736380506.0,3,0,3,4,1,1,0,23,2,0,141.0
0,0,1742462028.0,2,0,2,2,2,0,4,9,3,0,82.0
0,0,1763501713.0,3,0,3,5,2,2,9,21,1,0,71.0
0,0,1741426522.0,0,0,0,0,2,10,5,9,5,1,20.0
0,0,1753430948.0,1,0,1,4,3,6,5,8,4,0,97.0
0,0,1743283551.0,2,0,2,1,6,3,5,21,5,1,216.0
0,0,1766313375.0,2,0,2,4,6,11,9,10,6,1,127.0
0,0,1736390223.0,2,0,2,3,3,5,5,2,3,0,112.0
0,0,1772287128.0,0,0,0,5,4,4,4,13,5,1,229.0
0,0,1740324487.0,3,0,3,4,6,3,0,15,6,1,127.0
7,0,1755332781.0,1,1,1,5,6,11,4,8,5,1,68.0
0,0,1740591801.0,1,0,1,0,6,2,4,17,2,0,167.0
0,0,1760567212.0,3,0,3,5,1,3,5,22,2,0,141.0
0,0,1761255724.0,1,0,1,2,1,3,5,21,3,0,97.0
0,0,1749027298.0,2,0,2,4,3,10,4,8,2,0,62.0
0,0,1744940233.0,0,0,0,3,5,15,0,1,4,0,153.0
0,0,1755300272.0,3,0,3,4,6,10,9,23,4,0,202.0
0,0,1755496417.0,1,0,1,3,1,2,5,5,0,0,105.0
0,0,1741420323.0,3,0,3,3,6,3,8,7,5,1,54.0
0,0,1769632101.0,0,0,0,3,5,4,9,20,2,0,69.0
0,0,1747280146.0,2,0,2,0,2,3,4,3,3,0,113.0
0,0,1751405011.0,0,0,0,3,1,4,8,21,1,0,121.0
0,0,1771434168.0,0,0,0,0,6,2,4,17,2,0,193.0
0,0,1752420004.0,3,0,3,0,5,2,8,15,6,1,171.0
0,0,1768134314.0,3,0,3,3,2,4,5,12,6,1,220.0
0,0,1747844460.0,1,0,1,0,5,10,4,16,2,0,103.0
0,0,1761830322.0,3,0,3,5,6,3,9,13,3,0,218.0
0,0,1764434297.0,2,0,2,4,6,3,9,16,5,1,13.0
0,0,1770933697.0,3,0,3,1,4,2,5,22,3,0,30.0
0,0,1765848083.0,1,0,1,2,4,10,8,1,1,0,75.0
0,0,1751679186.0,2,0,2,0,5,2,0,1,5,1,138.0
0,0,1764124648.0,2,0,2,4,2,3,9,2,2,0,45.0
0,0,1739351084.0,2,0,2,2,1,1,9,9,2,0,158.0
0,0,1745390791.0,2,0,2,3,6,6,0,6,2,0,194.0
0,0,1754737232.0,1,0,1,5,1,3,5,11,5,1,103.0
0,0,1743059927.0,0,0,0,0,5,3,8,7,3,0,7.0
0,0,1746281104.0,0,0,0,1,4,3,9,14,5,1,17.0
0,0,1735919162.0,1,0,1,4,4,2,9,15,4,0,90.0
0,0,1762581236.0,2,0,2,5,3,6,8,5,5,1,189.0
0,0,1761296829.0,2,0,2,2,3,2,9,9,4,0,94.0
0,0,1750491248.0,3,0,3,1,2,15,9,7,5,1,183.0
0,0,1763873846.0,1,0,1,0,4,6,0,4,6,1,109.0
7,0,1768923786.0,1,1,1,2,2,6,4,15,1,0,235.0
0,0,1760221812.0,2,0,2,2,1,2,9,22,5,1,172.0
0,0,1753276116.0,2,0,2,3,2,2,5,13,2,0,77.0
0,0,1742966459.0,0,0,0,5,6,10,5,5,2,0,108.0
0,0,1736062284.0,0,0,0,5,3,10,4,7,6,1,210.0
7,0,1755947416.0,3,1,3,0,1,1,8,11,5,1,199.0
0,0,1755856990.0,0,0,0,2,3,7,8,10,4,0,108.0
0,0,1767122032.0,1,0,1,2,3,3,5,19,1,0,131.0
0,0,1751869024.0,3,0,3,0,2,6,8,6,0,0,135.0
0,0,1763014100.0,0,0,0,1,2,15,8,6,3,0,140.0
0,0,1740117686.0,0,0,0,2,5,6,8,6,4,0,88.0
0,0,1746010370.0,0,0,0,2,5,4,9,10,2,0,169.0
0,0,1739692376.0,3,0,3,1,5,2,0,7,6,1,168.0
0,0,1751006804.0,1,0,1,3,6,6,0,6,4,0,236.0
0,0,1753613385.0,0,0,0,4,3,15,5,10,6,1,231.0
0,0,1743337640.0,3,0,3,4,1,0,8,12,6,1,58.0
7,0,1760427637.0,0,1,0,4,6,1,9,7,1,0,147.0
0,0,1760281716.0,0,0,0,5,2,2,4,15,6,1,37.0
0,0,1757749157.0,2,0,2,4,6,1,5,7,5,1,157.0
0,0,1754317648.0,0,0,0,4,2,10,9,14,0,0,16.0
0,0,1770064950.0,0,0,0,1,6,4,5,20,0,0,237.0
0,0,1764764464.0,1,0,1,0,4,3,5,12,2,0,140.0
0,0,1766193884.0,1,0,1,3,2,6,5,1,5,1,225.0
0,0,1756504512.0,3,0,3,4,4,3,5,21,4,0,96.0
0,0,1757086513.0,0,0,0,0,2,2,9,15,4,0,85.0
0,0,1762832377.0,2,0,2,4,6,1,4,3,1,0,48.0
0,0,1754745917.0,3,0,3,0,3,4,5,13,5,1,192.0
0,0,1765788889.0,0,0,0,5,3,1,8,8,0,0,176.0
0,0,1768199615.0,2,0,2,2,5,1,9,6,0,0,8.0
0,0,1749694210.0,0,0,0,1,3,2,0,2,3,0,146.0
0,0,1772524649.0,2,0,2,0,5,0,8,7,1,0,166.0
0,0,1752119819.0,3,0,3,5,6,7,5,3,3,0,186.0
0,0,1753080422.0,3,0,3,2,3,2,8,6,0,0,201.0
0,0,1768004533.0,3,0,3,4,2,2,9,0,5,1,148.0
0,0,1769564509.0,3,0,3,2,2,2,8,1,2,0,222.0
0,0,1765006703.0,2,0,2,5,5,4,4,7,5,1,21.0
0,0,1762515878.0,1,0,1,0,2,1,4,11,4,0,156.0
0,0,1760996831.0,3,0,3,0,5,2,4,21,0,0,25.0
0,0,1745573401.0,0,0,0,3,3,2,4,9,4,0,178.0
0,0,1762724244.0,3,0,3,3,1,2,8,21,6,1,88.0
0,0,1766342338.0,0,0,0,3,3,3,9,18,6,1,133.0
0,0,1770829401.0,3,0,3,1,6,2,9,17,2,0,46.0
0,0,1768046540.0,3,0,3,4,6,0,9,12,5,1,105.0
0,0,1741807211.0,0,0,0,3,5,2,5,19,2,0,65.0
0,0,1768970978.0,0,0,0,2,4,6,5,4,2,0,41.0
0,0,1749743565.0,1,0,1,2,1,10,8,15,3,0,230.0
0,0,1761171540.0,1,0,1,5,1,11,8,22,2,0,30.0
0,0,1740236195.0,3,0,3,2,3,2,4,14,5,1,173.0
0,0,1743174058.0,2,0,2,1,2,1,5,15,4,0,118.0
0,0,1765568914.0,2,0,2,2,6,1,8,19,4,0,150.0
0,0,1748064569.0,1,0,1,5,4,5,0,5,5,1,192.0
7,0,1741247298.0,0,1,0,3,6,10,9,7,3,0,131.0
0,0,1762311538.0,0,0,0,0,2,3,0,2,2,0,212.0
0,0,1772326322.0,3,0,3,1,3,6,9,0,6,1,90.0
0,0,1746662452.0,2,0,2,4,2,2,8,0,3,0,45.0
0,0,1749448906.0,3,0,3,3,6,6,5,6,0,0,168.0
0,0,1738948186.0,1,0,1,4,6,0,8,17,4,0,231.0
0,0,1770228537.0,1,0,1,0,3,3,9,18,2,0,50.0
7,0,1756677695.0,1,1,1,1,6,10,9,22,6,1,238.0
0,0,1744426711.0,0,0,0,1,5,6,9,2,5,1,128.0
0,0,1749353656.0,0,0,0,1,5,0,0,3,6,1,155.0
0,0,1739157277.0,2,0,2,3,4,6,8,3,0,0,148.0
0,0,1745148486.0,3,0,3,5,2,1,9,11,6,1,78.0
0,0,1736285686.0,1,0,1,4,3,0,9,21,1,0,74.0
0,0,1766890561.0,2,0,2,4,3,1,5,2,6,1,148.0
0,0,1752847389.0,1,0,1,0,6,3,9,14,4,0,38.0
0,0,1756863529.0,0,0,0,4,3,11,9,1,2,0,53.0
0,0,1744798181.0,3,0,3,0,2,2,9,10,2,0,13.0
0,0,1757727007.0,0,0,0,4,2,2,9,1,5,1,228.0
0,0,1752252042.0,1,0,1,0,6,2,4,16,4,0,184.0
0,0,1758445668.0,2,0,2,4,6,15,5,9,6,1,21.0
0,0,1761527859.0,1,0,1,5,5,1,4,1,0,0,148.0
0,0,1761762033.0,1,0,1,0,1,2,4,18,2,0,23.0
0,0,1766002644.0,3,0,3,4,3,3,4,20,2,0,54.0
0,0,1763438064.0,0,0,0,3,2,2,9,3,1,0,33.0
0,0,1768494715.0,3,0,3,1,6,2,8,16,3,0,171.0
0,0,1757933584.0,0,0,0,1,5,0,9,10,0,0,230.0
0,0,1764596407.0,1,0,1,2,2,15,9,13,0,0,38.0
0,0,1769701519.0,3,0,3,2,3,2,5,15,3,0,168.0
0,0,1740478033.0,0,0,0,2,1,1,9,10,1,0,168.0
0,0,1751101033.0,3,0,3,2,6,3,9,8,5,1,222.0
0,0,1766431083.0,1,0,1,2,1,2,9,19,0,0,154.0
0,0,1749538108.0,2,0,2,1,4,2,8,6,1,0,67.0
0,0,1760572878.0,1,0,1,1,5,3,8,0,3,0,194.0
0,0,1750081067.0,3,0,3,5,1,4,0,13,0,0,235.0
0,0,1757582890.0,3,0,3,1,2,5,9,9,3,0,18.0
0,0,1741063082.0,0,0,0,3,5,2,4,4,1,0,202.0
0,0,1745530983.0,2,0,2,3,2,1,9,21,3,0,159.0
7,0,1762052489.0,0,1,0,3,3,0,4,3,6,1,15.0
0,0,1743578847.0,0,0,0,0,4,2,8,7,2,0,72.0
0,0,1743091742.0,2,0,2,5,4,0,0,16,3,0,14.0
0,0,1742404047.0,3,0,3,1,1,1,5,17,2,0,213.0
0,0,1752273208.0,3,0,3,5,1,15,8,22,4,0,23.0
0,0,1744157872.0,2,0,2,5,2,2,4,0,2,0,125.0
0,0,1750595964.0,1,0,1,0,6,6,8,12,6,1,136.0
0,0,1736136471.0,3,0,3,3,6,10,5,4,0,0,224.0
0,0,1741813920.0,3,0,3,3,1,3,9,21,2,0,170.0
0,0,1762597693.0,3,0,3,4,4,4,0,10,5,1,45.0
0,0,1750517412.0,1,0,1,5,6,6,4,14,5,1,17.0
0,0,1760115377.0,3,0,3,3,6,3,4,16,4,0,19.0
0,0,1764572807.0,3,0,3,2,2,2,9,7,0,0,97.0
7,0,1750795238.0,3,1,3,3,1,2,0,20,1,0,226.0
0,0,1746932079.0,0,0,0,5,2,10,0,2,6,1,170.0
0,0,1758575611.0,1,0,1,3,2,3,8,21,0,0,48.0
0,0,1750067557.0,0,0,0,3,5,3,0,9,0,0,135.0
0,0,1766527930.0,0,0,0,3,2,2,9,22,1,0,164.0
0,0,1744235510.0,3,0,3,0,6,2,4,21,2,0,24.0
0,0,1767302113.0,1,0,1,4,2,1,9,21,3,0,114.0
0,0,1740608680.0,1,0,1,4,6,1,9,22,2,0,9.0
0,0,1763439368.0,3,0,3,5,5,1,0,4,1,0,52.0
0,0,1747893949.0,2,0,2,5,2,2,8,6,3,0,178.0
0,0,1760086109.0,3,0,3,5,1,2,0,8,4,0,55.0
0,0,1767392200.0,3,0,3,5,4,15,0,22,4,0,133.0
0,0,1744633817.0,2,0,2,0,4,10,5,12,0,0,154.0
0,0,1763563216.0,3,0,3,5,4,2,9,14,2,0,173.0
0,0,1742348312.0,1,0,1,2,6,0,0,1,2,0,55.0
0,0,1755951221.0,0,0,0,1,5,3,0,12,5,1,118.0
0,0,1742635504.0,3,0,3,1,4,2,8,9,5,1,186.0
0,0,1742062370.0,1,0,1,1,5,2,4,18,5,1,194.0
0,0,1760085535.0,2,0,2,4,4,0,0,8,4,0,23.0
0,0,1771328520.0,1,0,1,5,6,1,4,11,1,0,36.0
0,0,1765562100.0,2,0,2,0,2,3,9,17,4,0,200.0
0,0,1753627169.0,3,0,3,4,4,3,0,14,6,1,59.0
0,0,1753797288.0,1,0,1,2,2,2,4,13,1,0,120.0
0,0,1742754025.0,1,0,1,5,5,2,8,18,6,1,227.0
0,0,1767802388.0,0,0,0,4,1,1,9,16,2,0,24.0
0,0,1768110244.0,2,0,2,2,1,6,4,5,6,1,81.0
0,0,1764034660.0,0,0,0,4,1,2,9,1,1,0,217.0
0,0,1750360801.0,2,0,2,1,6,3,0,19,3,0,235.0
0,0,1772186518.0,1,0,1,5,1,2,5,10,4,0,117.0
0,0,1739649516.0,1,0,1,0,4,2,9,19,5,1,52.0
7,0,1742871672.0,2,1,2,1,4,4,9,3,1,0,214.0
0,0,1766169076.0,0,0,0,5,1,2,5,18,4,0,147.0
0,0,1758664898.0,1,0,1,0,6,1,0,22,1,0,231.0
0,0,1738471287.0,3,0,3,4,5,2,9,4,6,1,191.0
0,0,1742628426.0,2,0,2,1,3,6,5,7,5,1,135.0
0,0,1752606195.0,2,0,2,0,3,2,9,19,1,0,155.0
0,0,1760723975.0,3,0,3,2,1,2,5,17,4,0,143.0
0,0,1770818314.0,3,0,3,2,1,3,8,13,2,0,231.0
0,0,1760378584.0,1,0,1,5,4,3,8,18,0,0,186.0
7,0,1769758229.0,1,1,1,2,6,0,5,7,4,0,181.0
0,0,1772451169.0,3,0,3,0,1,3,4,11,0,0,47.0
0,0,1749049480.0,1,0,1,1,6,2,5,15,2,0,13.0
0,0,1765385793.0,0,0,0,1,3,6,0,16,2,0,167.0
0,0,1748743891.0,1,0,1,1,4,3,8,2,6,1,139.0
0,0,1738914073.0,0,0,0,0,1,1,4,7,4,0,34.0
0,0,1758992209.0,0,0,0,4,6,0,5,16,5,1,189.0
0,0,1757050815.0,0,0,0,5,6,6,8,5,4,0,152.0
7,0,1735692076.0,1,1,1,3,5,6,8,0,2,0,183.0
0,0,1758479539.0,0,0,0,5,4,2,8,18,6,1,64.0
0,0,1757388402.0,3,0,3,5,4,10,0,3,1,0,128.0
0,0,1752013952.0,2,0,2,5,3,15,8,22,1,0,8.0
0,0,1753314056.0,1,0,1,2,3,3,0,23,2,0,229.0
0,0,1754373937.0,0,0,0,4,2,3,4,6,1,0,66.0
0,0,1742282897.0,1,0,1,5,6,3,5,7,1,0,25.0
0,0,1762835321.0,1,0,1,1,4,2,0,4,1,0,210.0
0,0,1754759723.0,3,0,3,4,5,5,5,17,5,1,222.0
0,0,1755272332.0,1,0,1,1,1,11,5,15,4,0,163.0
0,0,1755815203.0,2,0,2,3,6,4,5,22,3,0,207.0
0,0,1771941455.0,1,0,1,2,1,2,9,13,1,0,126.0
0,0,1753231478.0,0,0,0,5,1,2,4,0,2,0,189.0
0,0,1742423146.0,3,0,3,2,6,2,8,22,2,0,57.0
0,0,1771448208.0,1,0,1,1,3,2,8,20,2,0,179.0
0,0,1739640866.0,2,0,2,3,1,11,8,17,5,1,203.0
0,0,1765746464.0,1,0,1,1,5,3,8,21,6,1,50.0
7,0,1740695992.0,2,1,2,0,2,2,5,22,3,0,157.0
0,0,1744708093.0,0,0,0,4,5,2,5,9,1,0,129.0
0,0,1749126039.0,3,0,3,0,5,0,0,12,3,0,135.0
0,0,1751750154.0,0,0,0,2,2,1,9,21,5,1,148.0
0,0,1743521363.0,1,0,1,1,2,15,9,15,1,0,20.0
0,0,1772176479.0,2,0,2,1,5,2,9,7,4,0,164.0
0,0,1745450737.0,0,0,0,3,3,2,4,23,2,0,55.0
0,0,1767038019.0,3,0,3,2,4,2,5,19,0,0,27.0
0,0,1750763434.0,0,0,0,1,2,3,5,11,1,0,76.0
0,0,1750375807.0,1,0,1,5,2,2,8,23,3,0,175.0
0,0,1748633372.0,0,0,0,4,2,6,0,19,4,0,24.0
0,0,1761581468.0,0,0,0,4,3,1,8,16,0,0,230.0
0,0,1748877529.0,1,0,1,3,1,2,8,15,0,0,2.0
0,0,1748586749.0,1,0,1,2,6,10,5,6,4,0,60.0
7,0,1749201058.0,2,1,2,0,6,6,0,9,4,0,18.0
7,0,1761272113.0,3,1,3,0,3,0,0,2,4,0,103.0
0,0,1759510935.0,2,0,2,3,3,0,5,17,4,0,31.0
0,0,1772543365.0,0,0,0,2,4,0,0,13,1,0,190.0
0,0,1748881238.0,3,0,3,1,1,6,0,16,0,0,73.0
0,0,1737446888.0,2,0,2,5,5,2,8,8,1,0,138.0
0,0,1736837834.0,1,0,1,4,3,10,0,6,1,0,64.0
7,0,1770344634.0,2,1,2,5,6,0,9,2,4,0,113.0
0,0,1755977165.0,1,0,1,2,2,1,0,19,5,1,107.0
0,0,1740648385.0,1,0,1,0,5,2,4,9,3,0,231.0
0,0,1743271614.0,3,0,3,0,1,3,5,18,5,1,28.0
0,0,1740699366.0,0,0,0,2,4,6,4,23,3,0,19.0
7,0,1746403252.0,3,1,3,3,4,11,9,0,0,0,94.0
0,0,1742993681.0,2,0,2,5,1,6,9,12,2,0,202.0
0,0,1738379181.0,2,0,2,4,1,2,8,3,5,1,24.0
0,0,1750413847.0,1,0,1,4,2,7,8,10,4,0,163.0
0,0,1761390164.0,3,0,3,4,6,2,5,11,5,1,84.0
0,0,1739653292.0,3,0,3,3,4,10,8,21,5,1,212.0
0,0,1743194253.0,1,0,1,4,2,7,4,20,4,0,21.0
0,0,1762661162.0,1,0,1,5,3,2,9,4,6,1,52.0
0,0,1746290461.0,2,0,2,0,6,1,8,16,5,1,59.0
0,0,1753935351.0,2,0,2,4,4,5,5,4,3,0,185.0
7,0,1755500556.0,3,1,3,2,1,11,8,7,0,0,11.0
0,0,1737749007.0,3,0,3,3,2,11,4,20,4,0,137.0
0,0,1744790402.0,0,0,0,2,4,10,5,8,2,0,155.0
0,0,1763182091.0,1,0,1,0,6,3,8,4,5,1,13.0
0,0,1754772580.0,3,0,3,5,4,2,9,20,5,1,97.0
0,0,1745035463.0,2,0,2,4,2,6,5,4,5,1,219.0
0,0,1759747352.0,1,0,1,2,6,3,0,10,0,0,83.0
0,0,1769328904.0,2,0,2,5,3,6,4,8,6,1,109.0
0,0,1770308070.0,3,0,3,3,4,2,4,16,3,0,83.0
0,0,1769032054.0,3,0,3,2,4,3,4,21,2,0,192.0
0,0,1766871818.0,1,0,1,0,6,2,5,21,5,1,125.0
0,0,1767282031.0,2,0,2,1,4,6,5,15,3,0,154.0
0,0,1751798525.0,2,0,2,4,1,1,4,10,6,1,15.0
0,0,1760349644.0,1,0,1,5,6,1,5,10,0,0,159.0
0,0,1758163276.0,0,0,0,2,1,2,4,2,3,0,236.0
0,0,1766189539.0,2,0,2,2,3,2,9,0,5,1,181.0
0,0,1749552943.0,0,0,0,0,1,10,4,10,1,0,29.0
0,0,1740883318.0,1,0,1,1,2,3,0,2,6,1,115.0
0,0,1756909536.0,0,0,0,5,4,4,5,14,2,0,86.0
0,0,1756374052.0,0,0,0,3,3,2,9,9,3,0,138.0
0,0,1737386472.0,1,0,1,3,5,10,4,15,0,0,98.0
0,0,1757954081.0,0,0,0,4,1,6,0,16,0,0,47.0
0,0,1770272674.0,3,0,3,4,6,1,4,6,3,0,76.0
0,0,1771716344.0,1,0,1,5,2,2,0,23,5,1,234.0
0,0,1742015356.0,3,0,3,2,5,4,4,5,5,1,15.0
0,0,1753422625.0,3,0,3,1,2,5,5,5,4,0,46.0
0,0,1737475371.0,1,0,1,0,5,11,0,16,1,0,55.0
0,0,1762716710.0,3,0,3,1,2,3,5,19,6,1,157.0
0,0,1737712743.0,3,0,3,0,3,2,0,9,4,0,77.0
0,0,1757356967.0,0,0,0,3,4,3,8,18,0,0,91.0
0,0,1741696856.0,2,0,2,1,6,2,8,12,1,0,188.0
7,0,1753167154.0,2,1,2,5,1,4,5,6,1,0,22.0
0,0,1750685341.0,2,0,2,1,5,2,5,13,0,0,62.0
0,0,1760508483.0,0,0,0,5,4,2,9,6,2,0,194.0
0,0,1760649288.0,0,0,0,1,1,0,9,21,3,0,175.0
0,0,1763581411.0,2,0,2,2,6,2,9,19,2,0,175.0
0,0,1742769876.0,3,0,3,4,2,1,5,22,6,1,123.0
0,0,1769358425.0,1,0,1,5,2,2,9,16,6,1,124.0
0,0,1759386671.0,2,0,2,5,6,3,9,6,3,0,206.0
0,0,1742551003.0,2,0,2,0,5,10,4,9,4,0,54.0
0,0,1760104378.0,2,0,2,3,1,2,0,13,4,0,176.0
0,0,1765985608.0,2,0,2,4,3,2,9,15,2,0,148.0
0,0,1760987501.0,2,0,2,4,6,1,4,19,0,0,134.0
0,0,1754737620.0,0,0,0,3,1,3,0,11,5,1,208.0
0,0,1749286302.0,3,0,3,2,5,5,5,8,5,1,172.0
0,0,1737525161.0,3,0,3,2,4,6,4,5,2,0,71.0
0,0,1737624167.0,2,0,2,2,6,6,9,9,3,0,63.0
0,0,1752011396.0,0,0,0,5,6,2,0,21,1,0,101.0
0,0,1766639991.0,0,0,0,0,6,3,4,5,3,0,25.0
0,0,1737126184.0,1,0,1,2,3,2,0,15,4,0,192.0
0,0,1767505019.0,2,0,2,3,3,3,0,5,6,1,235.0
0,0,1764989893.0,3,0,3,0,2,0,5,2,5,1,209.0
0,0,1748215147.0,2,0,2,1,1,2,9,23,6,1,109.0
0,0,1740813536.0,1,0,1,2,6,6,5,7,5,1,124.0
0,0,1767120909.0,0,0,0,3,2,3,9,18,1,0,211.0
0,0,1746942974.0,0,0,0,0,6,1,0,5,6,1,147.0
0,0,1738683097.0,1,0,1,5,2,6,4,15,1,0,198.0
0,0,1765999572.0,0,0,0,1,5,7,8,19,2,0,126.0
0,0,1746264251.0,3,0,3,5,1,3,5,9,5,1,35.0
0,0,1759160417.0,2,0,2,0,3,2,5,15,0,0,148.0
0,0,1769458682.0,0,0,0,5,6,0,9,20,0,0,38.0
0,0,1743973495.0,3,0,3,0,4,15,4,21,6,1,155.0
0,0,1736249997.0,0,0,0,3,2,1,0,11,1,0,116.0
0,0,1768954395.0,1,0,1,3,1,3,9,0,2,0,119.0
0,0,1738943677.0,0,0,0,1,5,0,8,15,4,0,131.0
0,0,1757058449.0,2,0,2,5,3,1,8,7,4,0,92.0
0,0,1771586325.0,0,0,0,4,1,10,5,11,4,0,165.0
0,0,1756328391.0,1,0,1,2,3,11,8,20,2,0,108.0
0,0,1740240386.0,0,0,0,1,2,0,5,16,5,1,113.0
0,0,1739932571.0,1,0,1,1,1,3,4,2,2,0,174.0
0,0,1765854251.0,2,0,2,5,6,0,0,3,1,0,63.0
0,0,1736837153.0,0,0,0,1,3,7,0,6,1,0,202.0
0,0,1771901509.0,2,0,2,2,5,10,9,2,1,0,237.0
0,0,1771649210.0,3,0,3,1,3,2,9,4,5,1,40.0
0,0,1772020705.0,3,0,3,3,2,3,9,11,2,0,101.0
0,0,1749568050.0,3,0,3,5,4,3,0,15,1,0,111.0
0,0,1737846772.0,0,0,0,2,6,5,8,23,5,1,65.0
0,0,1739623558.0,2,0,2,2,1,3,0,12,5,1,227.0
0,0,1752130491.0,1,0,1,0,4,10,8,6,3,0,186.0
0,0,1741109558.0,1,0,1,0,2,2,4,17,1,0,131.0
7,0,1737552522.0,0,1,0,1,3,4,0,13,2,0,187.0
0,0,1754954684.0,0,0,0,2,3,4,5,23,0,0,175.0
0,0,1738442434.0,1,0,1,3,4,4,8,20,5,1,50.0
0,0,1744930354.0,0,0,0,3,5,0,4,22,3,0,223.0
0,0,1759650476.0,0,0,0,3,6,6,5,7,6,1,122.0
0,0,1764857901.0,3,0,3,0,1,0,4,14,3,0,42.0
0,0,1769461443.0,2,0,2,1,1,3,9,21,0,0,169.0
0,0,1772357269.0,3,0,3,2,3,2,4,9,6,1,36.0
0,0,1754890488.0,1,0,1,1,2,0,8,5,0,0,88.0
0,0,1761206940.0,3,0,3,0,1,0,8,8,3,0,164.0
7,0,1760023893.0,3,1,3,3,6,11,0,15,3,0,154.0
0,0,1750987037.0,3,0,3,1,4,1,5,1,4,0,192.0
0,0,1736344739.0,0,0,0,0,6,2,0,13,2,0,237.0
0,0,1764715044.0,0,0,0,2,4,10,0,22,1,0,227.0
0,0,1755251399.0,2,0,2,1,5,2,8,9,4,0,215.0
0,0,1740737031.0,3,0,3,0,1,0,5,10,4,0,176.0
0,0,1760541120.0,1,0,1,5,6,6,8,15,2,0,204.0
0,0,1772126957.0,0,0,0,4,1,11,8,17,3,0,152.0
0,0,1737373122.0,0,0,0,0,6,11,8,11,0,0,62.0
0,0,1740757275.0,1,0,1,2,1,10,0,15,4,0,237.0
0,0,1766172008.0,2,0,2,5,1,2,0,19,4,0,237.0
0,0,1755163423.0,1,0,1,0,3,10,5,9,3,0,5.0
0,0,1757362187.0,3,0,3,0,6,3,4,20,0,0,190.0
0,0,1755588466.0,2,0,2,3,3,0,5,7,1,0,42.0
0,0,1748717278.0,3,0,3,2,1,10,9,18,5,1,148.0
0,0,1760514463.0,2,0,2,4,3,1,8,7,2,0,49.0
0,0,1741177453.0,3,0,3,5,4,2,8,12,2,0,77.0
0,0,1767776393.0,3,0,3,0,3,1,8,8,2,0,14.0
0,0,1748423344.0,1,0,1,4,4,4,8,9,2,0,223.0
0,0,1765030202.0,3,0,3,0,6,2,8,14,5,1,62.0
0,0,1751140491.0,2,0,2,2,6,2,0,19,5,1,122.0
0,0,1750378972.0,3,0,3,0,6,6,5,0,4,0,81.0
0,0,1755400594.0,0,0,0,1,6,2,9,3,6,1,165.0
0,0,1759833424.0,1,0,1,2,5,10,5,10,1,0,149.0
0,0,1745046101.0,2,0,2,1,1,2,5,7,5,1,21.0
0,0,1742027174.0,2,0,2,5,1,1,4,8,5,1,154.0
0,0,1751303430.0,2,0,2,3,5,5,8,17,0,0,214.0
0,0,1741108580.0,3,0,3,5,3,2,8,17,1,0,91.0
0,0,1741414566.0,0,0,0,5,2,2,0,6,5,1,11.0
0,0,1772150873.0,0,0,0,0,5,10,9,0,4,0,60.0
0,0,1757266811.0,0,0,0,0,2,2,4,17,6,1,238.0
0,0,1737599525.0,0,0,0,5,1,0,8,2,3,0,174.0
0,0,1763377447.0,1,0,1,0,2,10,8,11,0,0,179.0
0,0,1769462406.0,1,0,1,0,6,2,9,21,0,0,156.0
0,0,1744678898.0,2,0,2,4,6,1,0,1,1,0,103.0
0,0,1758193670.0,3,0,3,3,3,0,8,11,3,0,23.0
0,0,1740419494.0,3,0,3,1,4,2,9,17,0,0,115.0
0,0,1759548066.0,3,0,3,2,4,2,9,3,5,1,98.0
0,0,1772564602.0,1,0,1,0,6,0,8,19,1,0,13.0
0,0,1741193529.0,3,0,3,3,3,3,8,16,2,0,124.0
0,0,1753325852.0,1,0,1,3,4,2,9,2,3,0,235.0
0,0,1766276731.0,0,0,0,5,6,0,4,0,6,1,61.0
0,0,1767290638.0,3,0,3,5,3,10,4,18,3,0,31.0
0,0,1754947892.0,2,0,2,0,2,6,9,21,0,0,61.0
0,0,1752119268.0,0,0,0,0,6,0,0,3,3,0,93.0
0,0,1742897973.0,3,0,3,2,1,0,9,10,1,0,72.0
0,0,1751592963.0,1,0,1,5,2,4,9,1,4,0,236.0
0,0,1748618483.0,3,0,3,2,4,4,4,15,4,0,209.0
0,0,1755507536.0,1,0,1,0,5,10,4,8,0,0,234.0
0,0,1767711589.0,3,0,3,5,5,11,9,14,1,0,160.0
0,0,1743152645.0,1,0,1,0,4,0,0,9,4,0,178.0
0,0,1742957217.0,1,0,1,1,4,11,4,2,2,0,156.0
0,0,1763729103.0,3,0,3,4,3,1,9,12,4,0,230.0
0,0,1770412793.0,3,0,3,4,4,2,5,21,4,0,207.0
0,0,1753300608.0,0,0,0,2,6,10,5,19,2,0,82.0
0,0,1755250283.0,3,0,3,4,6,5,9,9,4,0,14.0
0,0,1763233411.0,2,0,2,4,1,0,0,19,5,1,217.0
0,0,1750913896.0,3,0,3,2,1,2,9,4,3,0,134.0
0,0,1771048443.0,0,0,0,3,6,11,9,5,5,1,64.0
0,0,1761292949.0,1,0,1,4,4,3,9,8,4,0,145.0
0,0,1756514084.0,2,0,2,5,6,6,0,0,5,1,8.0
0,0,1761384412.0,2,0,2,3,2,1,9,9,5,1,125.0
0,0,1746334268.0,3,0,3,4,2,2,0,4,6,1,144.0
0,0,1768498196.0,1,0,1,2,2,2,4,17,3,0,239.0
0,0,1760847745.0,1,0,1,5,1,2,4,4,6,1,232.0
0,0,1769049090.0,2,0,2,2,3,10,4,2,3,0,87.0
0,0,1747335147.0,0,0,0,2,5,6,4,18,3,0,21.0
0,0,1740255084.0,3,0,3,1,1,3,8,20,5,1,66.0
0,0,1752653685.0,2,0,2,4,4,2,0,8,2,0,7.0
7,0,1760204886.0,2,1,2,1,4,0,5,17,5,1,118.0
0,0,1759925619.0,1,0,1,5,3,7,4,12,2,0,93.0
0,0,1744358454.0,3,0,3,3,6,6,8,8,4,0,60.0
0,0,1746538800.0,0,0,0,4,2,1,8,13,1,0,163.0
0,0,1766995953.0,1,0,1,0,5,1,8,8,0,0,203.0
0,0,1742764420.0,1,0,1,5,3,3,8,21,6,1,16.0
0,0,1751579630.0,1,0,1,0,3,0,0,21,3,0,20.0
7,0,1765170303.0,2,1,2,4,3,10,5,5,0,0,6.0
0,0,1768329762.0,3,0,3,4,4,10,0,18,1,0,190.0
0,0,1736797983.0,2,0,2,3,5,2,5,19,0,0,144.0
0,0,1737708677.0,1,0,1,3,6,1,5,8,4,0,48.0
0,0,1756642761.0,1,0,1,1,2,0,5,12,6,1,32.0
0,0,1751577496.0,1,0,1,1,6,2,4,21,3,0,220.0
0,0,1750146399.0,1,0,1,3,3,10,4,7,1,0,62.0
0,0,1758696904.0,0,0,0,2,2,4,0,6,2,0,168.0
0,0,1763008434.0,1,0,1,3,2,6,0,4,3,0,76.0
7,0,1758915046.0,2,1,2,4,1,3,8,19,4,0,58.0
0,0,1769177772.0,0,0,0,2,5,2,0,14,4,0,116.0
0,0,1738921071.0,2,0,2,5,5,2,9,9,4,0,105.0
0,0,1755452121.0,3,0,3,3,1,2,0,17,6,1,17.0
0,0,1747846106.0,3,0,3,5,6,2,4,16,2,0,191.0
0,0,1750708506.0,3,0,3,0,3,3,9,19,0,0,204.0
0,0,1754059841.0,2,0,2,0,4,2,9,14,4,0,185.0
0,0,1757660177.0,3,0,3,1,5,6,9,6,4,0,72.0
0,0,1756983790.0,3,0,3,4,3,1,0,11,3,0,113.0
0,0,1769868643.0,0,0,0,1,3,2,0,14,5,1,122.0
0,0,1753043121.0,0,0,0,4,3,1,0,20,6,1,32.0
0,0,1751464582.0,1,0,1,2,4,3,9,13,2,0,181.0
0,0,1748368184.0,1,0,1,2,2,10,4,17,1,0,195.0
0,0,1749998740.0,0,0,0,0,3,1,4,14,6,1,207.0
0,0,1747111961.0,2,0,2,0,2,3,0,4,1,0,16.0
0,0,1749463300.0,2,0,2,0,2,3,9,10,0,0,222.0
0,0,1762914602.0,1,0,1,1,6,1,0,2,2,0,150.0
0,0,1761603387.0,3,0,3,3,2,2,0,22,0,0,141.0
0,0,1740278745.0,3,0,3,0,6,1,4,2,6,1,80.0
0,0,1768782842.0,3,0,3,3,4,15,4,0,0,0,42.0
0,0,1766646616.0,0,0,0,4,2,10,0,7,3,0,138.0
0,0,1771915642.0,0,0,0,1,5,5,9,6,1,0,81.0
0,0,1752257678.0,1,0,1,3,2,5,9,18,4,0,94.0
0,0,1762460896.0,2,0,2,1,4,1,5,20,3,0,33.0
0,0,1764299525.0,0,0,0,0,2,6,4,3,4,0,191.0
0,0,1735990396.0,0,0,0,2,1,11,0,11,5,1,58.0
0,0,1750314961.0,0,0,0,3,5,1,9,6,3,0,142.0
0,0,1745296236.0,2,0,2,4,2,0,8,4,1,0,156.0
0,0,1752770359.0,3,0,3,2,2,6,9,16,3,0,166.0
0,0,1760269654.0,3,0,3,0,2,2,8,11,6,1,49.0
0,0,1740631935.0,3,0,3,1,6,6,9,4,3,0,18.0
0,0,1763865282.0,3,0,3,4,1,2,9,2,6,1,7.0
0,0,1770774029.0,3,0,3,0,2,10,4,1,2,0,204.0
0,0,1741900157.0,3,0,3,5,5,10,9,21,3,0,72.0
0,0,1743205303.0,3,0,3,1,1,2,0,23,4,0,145.0
0,0,1772211300.0,0,0,0,0,6,0,8,16,4,0,81.0
0,0,1764413509.0,0,0,0,0,5,1,5,10,5,1,12.0
0,0,1759003729.0,0,0,0,3,6,3,0,20,5,1,50.0
0,0,1766018932.0,0,0,0,2,6,2,9,0,3,0,127.0
0,0,1753517659.0,1,0,1,5,6,11,8,8,5,1,166.0
0,0,1772787130.0,3,0,3,3,5,4,9,8,4,0,201.0
0,0,1748381368.0,2,0,2,4,4,2,5,21,1,0,58.0
0,0,1757154857.0,3,0,3,1,3,15,5,10,5,1,115.0
0,0,1756770980.0,2,0,2,5,1,4,4,23,0,0,88.0
0,0,1770428548.0,3,0,3,3,4,5,5,1,5,1,202.0
0,0,1741762012.0,3,0,3,5,3,3,4,6,2,0,138.0
0,0,1742673072.0,3,0,3,5,5,2,4,19,5,1,66.0
0,0,1761204515.0,0,0,0,3,5,0,8,7,3,0,194.0
0,0,1736093400.0,2,0,2,1,3,6,5,16,6,1,55.0
0,0,1764213035.0,0,0,0,0,1,6,9,3,3,0,157.0
0,0,1772555921.0,3,0,3,5,1,0,9,16,1,0,133.0
0,0,1768334454.0,2,0,2,5,5,15,9,20,1,0,171.0
0,0,1769169348.0,2,0,2,5,5,3,5,11,4,0,115.0
0,0,1741495708.0,3,0,3,2,3,1,5,4,6,1,23.0
0,0,1760987772.0,1,0,1,5,3,11,0,19,0,0,183.0
0,0,1738436801.0,0,0,0,1,6,2,9,19,5,1,146.0
0,0,1748585886.0,1,0,1,3,2,1,9,6,4,0,39.0
0,0,1751717829.0,2,0,2,2,4,6,4,12,5,1,6.0
0,0,1757213534.0,0,0,0,1,4,0,8,2,6,1,209.0
7,0,1753657675.0,0,1,0,3,1,2,0,23,6,1,111.0
0,0,1754530009.0,2,0,2,1,1,10,4,1,3,0,36.0
0,0,1770408279.0,3,0,3,1,3,1,4,20,4,0,147.0
0,0,1764587628.0,0,0,0,4,2,6,5,11,0,0,137.0
0,0,1745125101.0,3,0,3,2,1,2,0,4,6,1,3.0
0,0,1771948591.0,1,0,1,3,3,15,9,15,1,0,78.0
0,0,1748017063.0,1,0,1,1,2,10,9,16,4,0,199.0
0,0,1756313438.0,1,0,1,5,3,2,9,16,2,0,7.0
0,0,1762374473.0,0,0,0,0,4,2,8,20,2,0,4.0
0,0,1737291260.0,3,0,3,1,1,2,4,12,6,1,111.0
0,0,1743278368.0,1,0,1,4,2,11,5,19,5,1,175.0
0,0,1768004454.0,3,0,3,4,4,10,5,0,5,1,60.0
0,0,1737184047.0,1,0,1,5,4,2,0,7,5,1,151.0
0,0,1754878882.0,2,0,2,2,3,2,0,2,0,0,103.0
0,0,1742014315.0,2,0,2,1,3,1,4,4,5,1,5.0
0,0,1736027399.0,0,0,0,3,5,3,8,21,5,1,186.0
0,0,1759984122.0,0,0,0,4,5,3,5,4,3,0,159.0
0,0,1755145996.0,1,0,1,0,4,3,0,4,3,0,66.0
0,0,1764519272.0,2,0,2,5,1,0,9,16,6,1,121.0
0,0,1753002868.0,2,0,2,4,6,2,5,9,6,1,235.0
0,0,1738444822.0,0,0,0,2,4,15,8,21,5,1,225.0
0,0,1741188511.0,1,0,1,5,2,2,4,15,2,0,89.0
0,0,1737404108.0,2,0,2,4,3,3,4,20,0,0,229.0
0,0,1752019508.0,2,0,2,1,3,3,8,0,2,0,122.0
0,0,1743095175.0,2,0,2,0,4,10,0,17,3,0,55.0
0,0,1754631982.0,2,0,2,0,3,0,9,5,4,0,85.0
0,0,1737395226.0,2,0,2,1,5,4,9,17,0,0,191.0
0,0,1749273614.0,2,0,2,4,6,1,5,5,5,1,28.0
0,0,1760900181.0,2,0,2,5,4,6,8,18,6,1,43.0
0,0,1754413883.0,3,0,3,3,3,3,5,17,1,0,101.0
0,0,1746201746.0,1,0,1,5,4,3,9,16,4,0,208.0
0,0,1743219242.0,1,0,1,3,5,3,5,3,5,1,196.0
0,0,1748173055.0,3,0,3,3,4,2,5,11,6,1,83.0
0,0,1746625915.0,1,0,1,2,4,10,0,13,2,0,236.0
0,0,1757922446.0,2,0,2,4,4,1,9,7,0,0,171.0
0,0,1767704920.0,3,0,3,0,3,2,9,13,1,0,89.0
0,0,1740244564.0,0,0,0,3,4,1,5,17,5,1,150.0
0,0,1744107359.0,1,0,1,1,3,6,0,10,1,0,33.0
0,0,1752012686.0,0,0,0,1,2,11,9,22,1,0,36.0
0,0,1738571135.0,2,0,2,5,3,6,4,8,0,0,233.0
0,0,1753715518.0,2,0,2,2,5,2,5,15,0,0,228.0
0,0,1756421928.0,2,0,2,5,6,6,0,22,3,0,161.0
0,0,1770060901.0,1,0,1,5,6,6,5,19,0,0,148.0
0,0,1758306589.0,3,0,3,1,5,4,5,18,4,0,151.0
0,0,1738713166.0,0,0,0,1,1,2,5,23,1,0,131.0
0,0,1756098214.0,0,0,0,4,5,11,4,5,0,0,228.0
0,0,1758893717.0,0,0,0,2,6,4,8,13,4,0,105.0
0,0,1755295743.0,2,0,2,5,4,15,8,22,4,0,215.0
0,0,1738340087.0,1,0,1,2,2,2,4,16,4,0,110.0
0,0,1760969345.0,2,0,2,1,6,5,5,14,0,0,5.0
0,0,1749595972.0,1,0,1,0,1,2,9,22,1,0,125.0
0,0,1749812414.0,2,0,2,4,3,3,8,11,4,0,118.0
0,0,1736613626.0,2,0,2,4,1,6,8,16,5,1,36.0
0,0,1757014876.0,3,0,3,3,3,7,9,19,3,0,100.0
0,0,1749323848.0,1,0,1,3,2,3,4,19,5,1,14.0
0,0,1736997397.0,1,0,1,4,1,0,8,3,3,0,216.0
0,0,1759619295.0,3,0,3,1,3,0,9,23,5,1,206.0
0,0,1736265607.0,3,0,3,2,4,3,4,16,1,0,138.0
0,0,1746703786.0,2,0,2,3,2,1,5,11,3,0,155.0
0,0,1736441257.0,1,0,1,3,5,11,4,16,3,0,192.0
0,0,1770838529.0,0,0,0,3,4,7,8,19,2,0,118.0
0,0,1762511680.0,3,0,3,2,2,2,8,10,4,0,73.0
0,0,1765732461.0,3,0,3,2,3,3,5,17,6,1,191.0
0,0,1744334168.0,0,0,0,2,6,1,5,1,4,0,86.0
0,0,1749391765.0,1,0,1,5,2,6,0,14,6,1,94.0
0,0,1743392465.0,2,0,2,0,3,2,9,3,0,0,59.0
0,0,1753887787.0,1,0,1,3,6,10,0,15,2,0,192.0
0,0,1765439926.0,3,0,3,1,3,3,0,7,3,0,218.0
0,0,1758384172.0,0,0,0,3,4,3,8,16,5,1,238.0
0,0,1767361374.0,0,0,0,4,3,10,0,13,4,0,116.0
0,0,1743909168.0,0,0,0,1,1,1,5,3,6,1,60.0
0,0,1767931013.0,0,0,0,3,3,10,0,3,4,0,79.0
0,0,1751595954.0,0,0,0,3,5,3,9,2,4,0,202.0
0,0,1736626596.0,2,0,2,3,6,1,4,20,5,1,215.0
7,0,1771482970.0,2,1,2,0,3,3,0,6,3,0,31.0
0,0,1768526133.0,1,0,1,1,4,11,0,1,4,0,130.0
0,0,1743157199.0,1,0,1,5,6,2,9,10,4,0,19.0
0,0,1767480880.0,1,0,1,3,5,3,4,22,5,1,178.0
0,0,1756380247.0,3,0,3,4,6,3,8,11,3,0,202.0
0,0,1766192572.0,0,0,0,2,1,1,4,1,5,1,187.0
0,0,1751522464.0,1,0,1,4,5,3,8,6,3,0,201.0
0,0,1763023039.0,0,0,0,1,1,3,5,8,3,0,110.0
0,0,1754928697.0,1,0,1,2,3,3,9,16,0,0,82.0
0,0,1757630358.0,0,0,0,0,1,6,8,22,3,0,101.0
0,0,1766094431.0,3,0,3,5,4,1,9,21,3,0,238.0
0,0,1768721165.0,2,0,2,4,3,3,9,7,6,1,70.0
0,0,1754317379.0,0,0,0,5,3,3,8,14,0,0,122.0
0,0,1748502189.0,2,0,2,0,2,3,5,7,3,0,188.0
0,0,1766484990.0,0,0,0,3,6,10,0,10,1,0,111.0
0,0,1753429839.0,3,0,3,0,2,11,5,7,4,0,203.0
0,0,1738087097.0,2,0,2,3,3,11,5,17,1,0,61.0
0,0,1758052758.0,3,0,3,2,2,3,4,19,1,0,237.0
0,0,1765770555.0,3,0,3,4,5,2,0,3,0,0,158.0
0,0,1750504615.0,2,0,2,2,4,2,8,11,5,1,119.0
0,0,1745882343.0,2,0,2,5,6,6,0,23,0,0,140.0
0,0,1737120950.0,3,0,3,3,5,1,0,13,4,0,78.0
0,0,1771713068.0,2,0,2,0,2,3,4,22,5,1,3.0
0,0,1737963955.0,2,0,2,4,4,5,5,7,0,0,104.0
0,0,1746684579.0,3,0,3,4,1,6,4,6,3,0,209.0
0,0,1744484031.0,0,0,0,0,2,3,5,18,5,1,72.0
0,0,1763722357.0,1,0,1,0,2,6,8,10,4,0,218.0
0,0,1747853899.0,3,0,3,0,3,1,8,18,2,0,162.0
0,0,1740096013.0,2,0,2,2,3,2,5,0,4,0,6.0
0,0,1743328481.0,1,0,1,0,3,2,0,9,6,1,50.0
0,0,1748469854.0,3,0,3,2,6,3,4,22,2,0,12.0
0,0,1763517736.0,2,0,2,4,3,4,0,2,2,0,28.0
0,0,1739062187.0,0,0,0,5,2,3,9,0,6,1,220.0
0,0,1755935643.0,0,0,0,5,3,10,4,7,5,1,36.0
0,0,1767927809.0,1,0,1,1,4,10,4,3,4,0,225.0
0,0,1738688473.0,1,0,1,3,4,15,4,17,1,0,179.0
0,0,1767954276.0,0,0,0,4,1,2,4,10,4,0,50.0
0,0,1750433435.0,0,0,0,4,1,4,9,15,4,0,91.0
0,0,1759121814.0,0,0,0,3,6,6,5,4,0,0,207.0
0,0,1771556068.0,2,0,2,0,4,6,9,2,4,0,146.0
0,0,1762738551.0,0,0,0,0,2,3,4,1,0,0,157.0
0,0,1760338209.0,0,0,0,1,4,2,4,6,0,0,53.0
0,0,1764008795.0,2,0,2,1,5,0,5,18,0,0,36.0
0,0,1742160987.0,1,0,1,5,3,0,4,21,6,1,190.0
7,0,1768693332.0,1,1,1,2,2,10,0,23,5,1,179.0
0,0,1757521587.0,3,0,3,5,1,10,5,16,2,0,224.0
0,0,1741468048.0,1,0,1,0,1,1,5,21,5,1,11.0
0,0,1769632783.0,0,0,0,5,6,3,0,20,2,0,65.0
0,0,1764860153.0,3,0,3,3,5,0,5,14,3,0,160.0
0,0,1743020535.0,2,0,2,1,2,4,9,20,2,0,184.0
0,0,1766513245.0,0,0,0,1,5,2,5,18,1,0,221.0
7,0,1748683526.0,0,1,0,2,4,1,4,9,5,1,127.0
0,0,1762294624.0,3,0,3,0,1,6,0,22,1,0,45.0
7,0,1760884669.0,2,1,2,0,5,2,0,14,6,1,31.0
0,0,1740303210.0,1,0,1,1,6,10,8,9,6,1,29.0
0,0,1739662248.0,2,0,2,1,5,6,0,23,5,1,60.0
0,0,1750463762.0,0,0,0,4,3,2,0,23,4,0,171.0
0,0,1766523306.0,1,0,1,3,2,2,5,20,1,0,63.0
0,0,1743626214.0,3,0,3,2,5,10,8,20,2,0,30.0
7,0,1756487080.0,3,1,3,2,2,1,4,17,4,0,88.0
0,0,1769369180.0,1,0,1,3,6,6,8,19,6,1,20.0
0,0,1738583771.0,0,0,0,2,1,3,0,11,0,0,138.0
0,0,1760744973.0,3,0,3,0,5,5,9,23,4,0,48.0
0,0,1770914157.0,2,0,2,3,1,1,8,16,3,0,47.0
0,0,1747918624.0,2,0,2,5,6,10,8,12,3,0,4.0
0,0,1754993631.0,3,0,3,4,5,2,0,10,1,0,41.0
0,0,1743433503.0,3,0,3,4,1,4,0,15,0,0,15.0
0,0,1762051132.0,2,0,2,1,6,2,9,2,6,1,132.0
0,0,1761059768.0,3,0,3,2,5,5,9,15,1,0,29.0
0,0,1758650314.0,3,0,3,2,6,10,5,17,1,0,237.0
0,0,1765693898.0,0,0,0,0,2,2,5,6,6,1,46.0
0,0,1746465209.0,0,0,0,5,3,0,4,17,0,0,142.0
0,0,1757302526.0,0,0,0,2,1,10,4,3,0,0,188.0
0,0,1746097924.0,0,0,0,1,2,6,4,11,3,0,27.0
0,0,1762737625.0,3,0,3,4,2,15,8,1,0,0,20.0
0,0,1749660531.0,1,0,1,2,2,15,0,16,2,0,72.0
0,0,1753694125.0,3,0,3,4,6,3,5,9,0,0,22.0
0,0,1740175972.0,2,0,2,0,2,1,8,22,4,0,72.0
0,0,1746900594.0,0,0,0,0,2,2,8,18,5,1,158.0
0,0,1747540921.0,0,0,0,2,5,6,4,4,6,1,213.0
0,0,1748198217.0,2,0,2,0,4,2,0,18,6,1,91.0
0,0,1755836807.0,3,0,3,0,3,0,5,4,4,0,168.0
0,0,1741145136.0,2,0,2,4,2,4,5,3,2,0,97.0
0,0,1769533367.0,1,0,1,4,1,11,0,17,1,0,10.0
0,0,1759998597.0,1,0,1,0,2,3,0,8,3,0,166.0
0,0,1759001853.0,3,0,3,1,6,5,0,19,5,1,30.0
0,0,1766599537.0,2,0,2,4,5,2,0,18,2,0,226.0
0,0,1739729955.0,0,0,0,3,4,2,4,18,6,1,132.0
0,0,1772695391.0,1,0,1,5,1,10,0,7,3,0,26.0
0,0,1754858729.0,2,0,2,0,2,1,0,20,6,1,207.0
0,0,1764204264.0,0,0,0,2,3,0,8,0,3,0,217.0
0,0,1739780844.0,3,0,3,1,2,2,0,8,0,0,24.0
0,0,1758834879.0,1,0,1,1,4,15,5,21,3,0,39.0
0,0,1752419397.0,3,0,3,1,3,2,8,15,6,1,152.0
0,0,1766277540.0,3,0,3,0,4,15,0,0,6,1,200.0
0,0,1771660028.0,3,0,3,4,6,3,9,7,5,1,141.0
7,0,1760759138.0,2,1,2,1,2,10,8,3,5,1,21.0
0,0,1762301304.0,1,0,1,4,5,11,9,0,2,0,194.0
7,0,1757456176.0,2,1,2,5,4,11,9,22,1,0,10.0
0,0,1760064685.0,2,0,2,5,1,15,5,2,4,0,102.0
0,0,1746350376.0,2,0,2,3,3,2,8,9,6,1,9.0
0,0,1735718653.0,3,0,3,5,4,0,5,8,2,0,60.0
0,0,1747281539.0,2,0,2,5,4,6,4,3,3,0,116.0
0,0,1737359584.0,1,0,1,5,2,2,5,7,0,0,95.0
0,0,1769358959.0,3,0,3,2,3,6,9,16,6,1,30.0
0,0,1737821013.0,1,0,1,0,2,3,5,16,5,1,106.0
0,0,1739842764.0,1,0,1,5,3,10,0,1,1,0,145.0
0,0,1746095019.0,2,0,2,5,3,1,9,10,3,0,60.0
0,0,1746253070.0,1,0,1,1,1,2,4,6,5,1,20.0
0,0,1742629743.0,3,0,3,4,5,5,9,7,5,1,101.0
0,0,1753731134.0,1,0,1,4,3,10,5,19,0,0,148.0
0,0,1745151273.0,0,0,0,5,3,2,8,12,6,1,161.0
0,0,1760687373.0,1,0,1,5,3,1,0,7,4,0,13.0
0,0,1746071932.0,2,0,2,5,3,5,9,3,3,0,154.0
0,0,1756075817.0,2,0,2,0,5,3,4,22,6,1,79.0
0,0,1755109429.0,1,0,1,2,2,2,5,18,2,0,213.0
0,0,1769537765.0,2,0,2,5,4,15,5,18,1,0,193.0
0,0,1752126469.0,2,0,2,1,6,2,9,5,3,0,94.0
0,0,1755709341.0,2,0,2,2,1,11,4,17,2,0,174.0
0,0,1765938105.0,2,0,2,4,3,1,5,2,2,0,129.0
7,0,1772209165.0,2,1,2,3,6,11,5,16,4,0,78.0
0,0,1741335707.0,3,0,3,4,4,1,9,8,4,0,199.0
0,0,1744745976.0,0,0,0,2,3,0,9,19,1,0,14.0
0,0,1738251945.0,0,0,0,1,1,3,4,15,3,0,114.0
0,0,1748012495.0,2,0,2,5,6,11,4,15,4,0,210.0
0,0,1742876464.0,0,0,0,4,2,4,9,4,1,0,159.0
0,0,1760652500.0,0,0,0,0,6,5,5,22,3,0,206.0
0,0,1744897923.0,2,0,2,5,1,2,0,13,3,0,142.0
0,0,1763546991.0,1,0,1,3,5,11,8,10,2,0,23.0
0,0,1765334456.0,3,0,3,0,6,4,0,2,2,0,179.0
0,0,1771117130.0,0,0,0,5,5,2,9,0,6,1,70.0
0,0,1750393306.0,2,0,2,0,1,11,0,4,4,0,205.0
0,0,1768635198.0,3,0,3,3,4,2,0,7,5,1,189.0
0,0,1738680273.0,1,0,1,3,5,0,8,14,1,0,60.0
0,0,1766269442.0,1,0,1,0,4,10,4,22,5,1,129.0
0,0,1738031142.0,0,0,0,5,3,4,4,2,1,0,79.0
0,0,1753411980.0,2,0,2,4,1,3,0,2,4,0,105.0
0,0,1753361710.0,0,0,0,2,4,0,8,12,3,0,89.0
0,0,1750231832.0,3,0,3,1,4,3,9,7,2,0,165.0
0,0,1740602182.0,2,0,2,1,6,0,0,20,2,0,151.0
0,0,1769405739.0,3,0,3,4,2,5,5,5,0,0,223.0
0,0,1759709026.0,2,0,2,0,4,10,5,0,0,0,155.0
0,0,1763506179.0,2,0,2,2,4,2,0,22,1,0,73.0
0,0,1768749795.0,0,0,0,2,1,2,0,15,6,1,15.0
0,0,1751941527.0,1,0,1,3,2,2,8,2,1,0,91.0
0,0,1743250725.0,2,0,2,5,1,5,8,12,5,1,57.0
0,0,1764075884.0,0,0,0,2,2,11,9,13,1,0,109.0
7,0,1743455812.0,3,1,3,0,6,10,0,21,0,0,67.0
0,0,1736957664.0,2,0,2,3,6,1,9,16,2,0,81.0
0,0,1747280794.0,2,0,2,3,4,2,4,3,3,0,90.0
0,0,1766703158.0,1,0,1,3,6,6,8,22,3,0,141.0
7,0,1767907842.0,2,1,2,1,6,1,8,21,3,0,135.0
0,0,1764313638.0,2,0,2,2,3,4,0,7,4,0,82.0
0,0,1766719744.0,0,0,0,4,1,2,8,3,4,0,79.0
7,0,1736357514.0,2,1,2,5,5,1,8,17,2,0,173.0
0,0,1768737314.0,0,0,0,3,4,1,5,11,6,1,81.0
0,0,1757161900.0,0,0,0,4,5,2,4,12,5,1,199.0
0,0,1766472224.0,0,0,0,1,6,0,8,6,1,0,175.0
0,0,1767129998.0,0,0,0,0,3,11,9,21,1,0,127.0
0,0,1756040478.0,2,0,2,4,3,6,8,13,6,1,205.0
0,0,1769980584.0,2,0,2,3,5,1,9,21,6,1,219.0
0,0,1770727659.0,0,0,0,5,4,10,4,12,1,0,145.0
0,0,1748529556.0,2,0,2,2,4,2,9,14,3,0,148.0
0,0,1753063322.0,2,0,2,4,5,7,8,2,0,0,22.0
0,0,1769641747.0,0,0,0,3,4,3,5,23,2,0,115.0
0,0,1758140453.0,0,0,0,1,3,4,5,20,2,0,75.0
0,0,1752241714.0,1,0,1,0,4,2,0,13,4,0,122.0
0,0,1756582113.0,2,0,2,1,6,2,5,19,5,1,108.0
0,0,1772256175.0,0,0,0,4,2,3,9,5,5,1,48.0
0,0,1748770473.0,0,0,0,2,3,11,5,9,6,1,88.0
0,0,1753695359.0,3,0,3,3,1,3,5,9,0,0,48.0
0,0,1761229585.0,1,0,1,0,3,1,9,14,3,0,228.0
0,0,1763916949.0,0,0,0,0,3,2,5,16,6,1,165.0
0,0,1769199018.0,0,0,0,5,6,11,8,20,4,0,82.0
0,0,1759069603.0,2,0,2,5,5,4,8,14,6,1,228.0
0,0,1767721401.0,3,0,3,0,2,5,4,17,1,0,146.0
0,0,1752153465.0,0,0,0,2,6,2,5,13,3,0,188.0
0,0,1758658522.0,1,0,1,3,3,2,0,20,1,0,38.0
0,0,1738911233.0,0,0,0,2,3,6,5,6,4,0,84.0
0,0,1761860301.0,1,0,1,5,5,6,0,21,3,0,203.0
0,0,1759814754.0,2,0,2,2,6,6,5,5,1,0,31.0
0,0,1765466661.0,0,0,0,0,3,6,8,15,3,0,209.0
0,0,1766628187.0,1,0,1,5,3,3,4,2,3,0,183.0
0,0,1762412615.0,1,0,1,0,2,3,4,7,3,0,150.0
0,0,1765747216.0,3,0,3,2,3,3,4,21,6,1,55.0
0,0,1753942900.0,0,0,0,5,6,2,8,6,3,0,210.0
0,0,1747557347.0,1,0,1,0,6,2,5,8,6,1,176.0
0,0,1750249804.0,0,0,0,3,5,4,4,12,2,0,81.0
0,0,1743036903.0,0,0,0,3,1,3,4,0,3,0,200.0
0,0,1766902708.0,1,0,1,2,5,4,0,6,6,1,130.0
0,0,1768424771.0,3,0,3,3,4,2,9,21,2,0,148.0
0,0,1753929177.0,3,0,3,3,2,5,5,2,3,0,13.0
0,0,1769810143.0,3,0,3,0,6,0,9,21,4,0,69.0
0,0,1763586923.0,2,0,2,5,6,10,0,21,2,0,205.0
0,0,1744170669.0,1,0,1,4,2,0,9,3,2,0,9.0
0,0,1744001278.0,2,0,2,4,5,1,0,4,0,0,31.0
0,0,1758882917.0,2,0,2,0,5,1,0,10,4,0,136.0
0,0,1766477463.0,3,0,3,2,2,3,9,8,1,0,38.0
0,0,1757631462.0,3,0,3,4,6,2,5,22,3,0,9.0
0,0,1744992557.0,2,0,2,2,3,4,0,16,4,0,81.0
0,0,1769809473.0,0,0,0,5,5,6,0,21,4,0,147.0
0,0,1770553634.0,0,0,0,5,3,2,8,12,6,1,75.0
0,0,1757159811.0,2,0,2,2,6,11,9,11,5,1,123.0
0,0,1751067669.0,2,0,2,1,6,10,9,23,4,0,54.0
0,0,1742933065.0,0,0,0,2,4,1,0,20,1,0,6.0
0,0,1738515246.0,0,0,0,3,5,1,8,16,6,1,131.0
0,0,1770740936.0,1,0,1,5,6,11,8,16,1,0,173.0
0,0,1750118306.0,0,0,0,5,4,0,8,23,0,0,2.0
0,0,1764352823.0,3,0,3,2,4,2,5,18,4,0,191.0
0,0,1746726027.0,2,0,2,1,5,2,0,17,3,0,184.0
0,0,1766668869.0,0,0,0,5,4,2,5,13,3,0,198.0
0,0,1761455395.0,0,0,0,1,3,0,5,5,6,1,54.0
0,0,1752794948.0,1,0,1,3,5,10,9,23,3,0,89.0
0,0,1768441128.0,2,0,2,1,6,3,5,1,3,0,240.0
0,0,1749644184.0,2,0,2,5,5,11,8,12,2,0,139.0
0,0,1750367463.0,0,0,0,5,2,15,9,21,3,0,101.0
0,0,1747690099.0,3,0,3,0,3,3,8,21,0,0,211.0
0,0,1754025341.0,1,0,1,0,5,15,9,5,4,0,225.0
0,0,1768001257.0,0,0,0,1,5,1,8,23,4,0,60.0
7,0,1758055388.0,3,1,3,3,3,1,4,20,1,0,77.0
0,0,1762709655.0,0,0,0,3,2,10,0,17,6,1,229.0
0,0,1767281692.0,3,0,3,0,5,3,4,15,3,0,31.0
0,0,1741688834.0,2,0,2,4,2,2,9,10,1,0,70.0
0,0,1737100835.0,3,0,3,2,2,0,8,8,4,0,85.0
0,0,1758017144.0,0,0,0,1,6,1,5,10,1,0,106.0
0,0,1770484484.0,2,0,2,1,1,5,0,17,5,1,68.0
0,0,1769307980.0,3,0,3,2,1,3,0,2,6,1,219.0
0,0,1755569335.0,0,0,0,4,3,6,5,2,1,0,116.0
0,0,1762444479.0,3,0,3,2,3,3,0,15,3,0,81.0
0,0,1735933583.0,0,0,0,0,1,0,4,19,4,0,208.0
0,0,1739660438.0,0,0,0,0,2,2,0,23,5,1,24.0
0,0,1749350542.0,3,0,3,2,2,7,9,2,6,1,73.0
0,0,1770810689.0,0,0,0,0,6,4,4,11,2,0,50.0
0,0,1738666762.0,3,0,3,4,5,1,4,10,1,0,178.0
0,0,1753810005.0,1,0,1,5,5,4,4,17,1,0,21.0
0,0,1736653577.0,1,0,1,3,6,10,8,3,6,1,123.0
0,0,1769049772.0,1,0,1,4,5,6,4,2,3,0,39.0
0,0,1744174275.0,3,0,3,2,4,2,5,4,2,0,137.0
0,0,1752974506.0,3,0,3,2,4,3,0,1,6,1,14.0
0,0,1756750438.0,2,0,2,0,3,2,5,18,0,0,203.0
0,0,1737527306.0,1,0,1,2,2,10,5,6,2,0,11.0
0,0,1768671700.0,2,0,2,2,3,0,8,17,5,1,52.0
0,0,1763328111.0,3,0,3,4,5,2,0,21,6,1,148.0
0,0,1742376633.0,0,0,0,1,6,10,9,9,2,0,215.0
0,0,1767513159.0,0,0,0,4,4,2,0,7,6,1,148.0
0,0,1769013841.0,2,0,2,3,3,1,8,16,2,0,198.0
0,0,1748875381.0,2,0,2,4,1,0,8,14,0,0,81.0
7,0,1761029674.0,3,1,3,5,4,0,8,6,1,0,88.0
0,0,1747624344.0,2,0,2,5,2,3,0,3,0,0,111.0
0,0,1739388101.0,0,0,0,4,4,2,4,19,2,0,3.0
0,0,1764235397.0,2,0,2,4,5,3,9,9,3,0,29.0
0,0,1763510421.0,2,0,2,1,5,2,0,0,2,0,234.0
0,0,1769521234.0,0,0,0,3,4,3,4,13,1,0,161.0
0,0,1755220589.0,2,0,2,3,6,1,4,1,4,0,206.0
0,0,1757941192.0,1,0,1,2,4,3,0,12,0,0,47.0
0,0,1753242062.0,3,0,3,5,3,2,4,3,2,0,220.0
0,0,1768124453.0,2,0,2,1,4,11,8,9,6,1,5.0
0,0,1756456220.0,2,0,2,5,4,2,5,8,4,0,139.0
0,0,1753120502.0,3,0,3,3,4,5,8,17,0,0,112.0
7,0,1771658023.0,2,1,2,4,2,2,9,7,5,1,40.0
0,0,1736165374.0,2,0,2,0,6,0,0,12,0,0,183.0
0,0,1741453108.0,0,0,0,0,1,10,0,16,5,1,140.0
0,0,1768661495.0,3,0,3,5,1,10,8,14,5,1,222.0
0,0,1744840098.0,0,0,0,3,5,1,5,21,2,0,14.0
0,0,1755776141.0,3,0,3,3,1,11,8,11,3,0,178.0
0,0,1747688625.0,2,0,2,5,6,4,8,21,0,0,140.0
0,0,1736855838.0,1,0,1,2,1,1,9,11,1,0,50.0
0,0,1766153919.0,3,0,3,2,3,2,5,14,4,0,191.0
0,0,1744780041.0,0,0,0,3,6,2,5,5,2,0,14.0
7,0,1749048323.0,0,1,0,0,2,4,9,14,2,0,216.0
7,0,1736143658.0,2,1,2,2,4,3,9,6,0,0,115.0
0,0,1764304434.0,0,0,0,0,4,2,8,4,4,0,110.0
0,0,1751381359.0,2,0,2,1,3,6,8,14,1,0,196.0
7,0,1761647717.0,0,1,0,2,2,1,4,10,1,0,205.0
0,0,1754403697.0,3,0,3,0,6,6,0,14,1,0,173.0
0,0,1762793155.0,1,0,1,0,4,1,9,16,0,0,145.0
0,0,1751593070.0,0,0,0,3,6,3,5,1,4,0,229.0
0,0,1759197133.0,3,0,3,0,4,2,8,1,1,0,157.0
0,0,1740121515.0,0,0,0,0,5,2,5,7,4,0,88.0
0,0,1769293787.0,1,0,1,5,1,11,9,22,5,1,130.0
0,0,1743455838.0,1,0,1,2,5,11,5,21,0,0,124.0
0,0,1770052217.0,0,0,0,0,2,3,5,17,0,0,95.0
0,0,1755478481.0,0,0,0,1,6,0,0,0,0,0,147.0
0,0,1747836645.0,1,0,1,2,1,2,5,14,2,0,112.0
0,0,1739269455.0,3,0,3,5,2,5,5,10,1,0,145.0
0,0,1755913967.0,1,0,1,5,1,2,4,1,5,1,152.0
0,0,1772827535.0,3,0,3,5,1,2,5,20,4,0,79.0
7,0,1737919073.0,2,1,2,1,6,3,8,19,6,1,147.0
0,0,1764807681.0,1,0,1,1,5,11,9,0,3,0,126.0
0,0,1759903266.0,1,0,1,1,5,4,5,6,2,0,202.0
0,0,1772127908.0,3,0,3,0,5,3,4,17,3,0,71.0
0,0,1768615443.0,2,0,2,0,3,3,4,2,5,1,177.0
0,0,1747219188.0,2,0,2,5,6,5,9,10,2,0,188.0
0,0,1738208221.0,3,0,3,0,3,2,5,3,3,0,30.0
0,0,1761875519.0,2,0,2,5,1,7,4,1,4,0,155.0
0,0,1741325222.0,0,0,0,5,5,0,8,5,4,0,211.0
0,0,1745858533.0,2,0,2,3,3,11,0,16,0,0,181.0
0,0,1746808427.0,1,0,1,5,1,3,4,16,4,0,226.0
0,0,1746063005.0,2,0,2,1,3,2,8,1,3,0,125.0
0,0,1762246419.0,1,0,1,2,6,6,0,8,1,0,79.0
0,0,1742127047.0,3,0,3,1,3,2,8,12,6,1,159.0
0,0,1742002005.0,2,0,2,1,3,2,4,1,5,1,64.0
0,0,1770331035.0,2,0,2,1,1,1,0,22,3,0,113.0
0,0,1752325529.0,1,0,1,4,6,11,0,13,5,1,221.0
0,0,1749698041.0,3,0,3,0,5,2,8,3,3,0,52.0
0,0,1766114104.0,2,0,2,0,1,2,0,3,4,0,165.0
0,0,1738417951.0,2,0,2,4,6,10,0,13,5,1,12.0
0,0,1763771781.0,2,0,2,2,2,1,8,0,5,1,110.0
0,0,1736755836.0,0,0,0,0,4,1,5,8,0,0,34.0
0,0,1751362850.0,3,0,3,2,2,2,8,9,1,0,109.0
0,0,1746098620.0,2,0,2,5,2,6,9,11,3,0,104.0
0,0,1740899318.0,3,0,3,1,6,2,9,7,6,1,28.0
0,0,1738585940.0,1,0,1,0,4,15,9,12,0,0,143.0
0,0,1744710224.0,2,0,2,2,3,3,9,9,1,0,118.0
0,0,1766671971.0,0,0,0,2,1,0,5,14,3,0,138.0
0,0,1749740255.0,0,0,0,0,4,5,8,14,3,0,210.0
0,0,1752462634.0,3,0,3,4,1,2,5,3,0,0,125.0
0,0,1753186137.0,0,0,0,1,3,2,0,12,1,0,132.0
0,0,1746444825.0,0,0,0,4,6,11,5,11,0,0,228.0
0,0,1765756589.0,0,0,0,1,6,6,8,23,6,1,164.0
0,0,1754847762.0,2,0,2,4,5,1,0,17,6,1,149.0
0,0,1735926008.0,3,0,3,2,6,10,9,17,4,0,40.0
0,0,1758023339.0,0,0,0,4,6,4,5,11,1,0,161.0
0,0,1749618632.0,2,0,2,5,1,2,9,5,2,0,23.0
0,0,1771390575.0,0,0,0,4,3,2,9,4,2,0,188.0
0,0,1767747607.0,3,0,3,5,5,4,5,1,2,0,87.0
0,0,1764470231.0,3,0,3,5,5,0,9,2,6,1,83.0
0,0,1752169509.0,3,0,3,2,3,3,4,17,3,0,156.0
0,0,1748152894.0,2,0,2,3,3,3,8,6,6,1,80.0
7,0,1770909160.0,0,1,0,2,6,11,0,15,3,0,75.0
7,0,1741549407.0,1,1,1,0,6,3,0,19,6,1,238.0
0,0,1760218613.0,3,0,3,1,2,2,8,21,5,1,2.0
0,0,1738614593.0,0,0,0,3,4,2,8,20,0,0,181.0
0,0,1770750493.0,0,0,0,2,4,6,5,19,1,0,233.0
0,0,1756107973.0,1,0,1,5,2,1,9,7,0,0,97.0
0,0,1756808970.0,2,0,2,1,1,4,8,10,1,0,52.0
0,0,1739611732.0,2,0,2,3,2,2,8,9,5,1,53.0
0,0,1772694706.0,2,0,2,1,5,10,8,7,3,0,151.0
0,0,1741635379.0,3,0,3,0,1,2,0,19,0,0,69.0
0,0,1756393252.0,2,0,2,0,5,0,5,15,3,0,37.0
0,0,1758737808.0,1,0,1,5,2,10,0,18,2,0,207.0
0,0,1768645719.0,3,0,3,0,5,1,4,10,5,1,51.0
0,0,1755494821.0,1,0,1,1,1,10,5,5,0,0,112.0
0,0,1745963124.0,1,0,1,5,4,6,4,21,1,0,192.0
0,0,1772439982.0,1,0,1,3,1,2,0,8,0,0,237.0
0,0,1772603005.0,3,0,3,5,4,2,0,5,2,0,214.0
0,0,1737058455.0,0,0,0,2,1,6,8,20,3,0,146.0
0,0,1740397912.0,2,0,2,3,2,10,9,11,0,0,4.0
0,0,1751009368.0,2,0,2,4,1,2,0,7,4,0,70.0
0,0,1743437559.0,3,0,3,0,6,10,0,16,0,0,29.0
0,0,1771356267.0,1,0,1,1,2,1,9,19,1,0,223.0
0,0,1744212594.0,3,0,3,1,3,10,5,15,2,0,81.0
0,0,1772577902.0,2,0,2,1,1,3,5,22,1,0,90.0
0,0,1747670310.0,2,0,2,5,6,2,8,15,0,0,232.0
0,0,1738289786.0,0,0,0,5,2,2,4,2,4,0,56.0
0,0,1755275304.0,2,0,2,1,5,2,0,16,4,0,42.0
0,0,1763986815.0,2,0,2,5,1,5,8,12,0,0,109.0
7,0,1771167437.0,0,1,0,4,6,3,0,14,6,1,130.0
0,0,1742490727.0,1,0,1,2,6,3,4,17,3,0,81.0
0,0,1741373568.0,2,0,2,1,1,2,8,18,4,0,229.0
0,0,1770855645.0,2,0,2,2,2,10,9,0,3,0,150.0
0,0,1771682256.0,0,0,0,4,5,2,5,13,5,1,15.0
0,0,1740952214.0,0,0,0,4,1,11,9,21,6,1,198.0
0,0,1738302812.0,2,0,2,5,5,10,5,5,4,0,208.0
0,0,1749217898.0,1,0,1,5,1,3,4,13,4,0,9.0
0,0,1759317777.0,2,0,2,5,5,3,5,11,2,0,213.0
0,0,1753977502.0,1,0,1,0,4,11,4,15,3,0,143.0
0,0,1768871644.0,2,0,2,1,1,1,5,1,1,0,233.0
0,0,1749840705.0,0,0,0,4,3,2,4,18,4,0,156.0
0,0,1750721649.0,2,0,2,0,3,2,4,23,0,0,21.0
0,0,1770937293.0,0,0,0,0,4,2,4,23,3,0,203.0
0,0,1754457189.0,0,0,0,1,6,4,4,5,2,0,142.0
7,0,1768496823.0,1,1,1,5,4,3,5,17,3,0,97.0
0,0,1766981809.0,1,0,1,1,4,6,9,4,0,0,102.0
0,0,1741782740.0,1,0,1,4,6,6,5,12,2,0,145.0
0,0,1756111961.0,3,0,3,2,2,2,5,8,0,0,154.0
0,0,1756865949.0,2,0,2,2,6,1,4,2,2,0,102.0
0,0,1743067735.0,3,0,3,1,4,4,9,9,3,0,158.0
0,0,1749188790.0,1,0,1,1,3,10,5,5,4,0,91.0
0,0,1744939098.0,0,0,0,1,1,5,5,1,4,0,48.0
0,0,1743585435.0,1,0,1,1,4,0,4,9,2,0,76.0
0,0,1766367588.0,2,0,2,4,3,4,5,1,0,0,164.0
7,0,1762079333.0,0,1,0,0,1,3,5,10,6,1,128.0
0,0,1765386052.0,0,0,0,5,1,15,8,17,2,0,164.0
0,0,1756582921.0,0,0,0,2,2,6,8,19,5,1,63.0
0,0,1764636420.0,2,0,2,1,6,6,9,0,1,0,5.0
0,0,1763509056.0,1,0,1,0,2,6,0,23,1,0,66.0
0,0,1747242666.0,0,0,0,1,2,6,5,17,2,0,115.0
0,0,1754540384.0,1,0,1,2,1,2,5,4,3,0,160.0
0,0,1741959589.0,3,0,3,2,3,2,9,13,4,0,75.0
0,0,1742922965.0,1,0,1,2,6,4,9,17,1,0,213.0
0,0,1771147411.0,1,0,1,5,5,2,0,9,6,1,48.0
0,0,1759774247.0,3,0,3,1,5,0,4,18,0,0,163.0
7,0,1741791317.0,0,1,0,4,3,2,9,14,2,0,215.0
0,0,1771300686.0,1,0,1,3,2,4,8,3,1,0,12.0
0,0,1772242372.0,1,0,1,5,2,6,0,1,5,1,201.0
0,0,1754345260.0,0,0,0,0,5,3,8,22,0,0,157.0
0,0,1742854978.0,3,0,3,2,3,1,4,22,0,0,11.0
0,0,1766634446.0,1,0,1,3,5,1,4,3,3,0,53.0
0,0,1747592461.0,2,0,2,1,4,11,8,18,6,1,176.0
0,0,1747225321.0,3,0,3,0,5,1,9,12,2,0,33.0
0,0,1748256160.0,1,0,1,2,4,2,0,10,0,0,65.0
0,0,1772516289.0,2,0,2,0,3,5,0,5,1,0,174.0
0,0,1757869810.0,1,0,1,0,2,1,0,17,6,1,185.0
0,0,1767962500.0,0,0,0,0,3,1,9,12,4,0,108.0
0,0,1763615858.0,1,0,1,0,2,6,9,5,3,0,97.0
0,0,1735697237.0,0,0,0,3,2,5,9,2,2,0,5.0
0,0,1755153079.0,1,0,1,5,1,0,9,6,3,0,151.0
0,0,1746862522.0,0,0,0,5,6,7,4,7,5,1,102.0
0,0,1760316061.0,3,0,3,5,5,2,9,0,0,0,209.0
0,0,1764654455.0,3,0,3,4,3,7,5,5,1,0,231.0
0,0,1764731119.0,1,0,1,1,1,2,9,3,2,0,95.0
0,0,1748784689.0,0,0,0,1,1,1,4,13,6,1,186.0
0,0,1757213365.0,0,0,0,2,2,6,0,2,6,1,150.0
0,0,1760963300.0,1,0,1,3,6,4,8,12,0,0,24.0
0,0,1741393380.0,0,0,0,4,2,10,0,0,5,1,231.0
0,0,1735978266.0,3,0,3,0,1,2,5,8,5,1,171.0
0,0,1747845563.0,3,0,3,2,5,3,0,16,2,0,142.0
0,0,1756115326.0,2,0,2,2,1,3,4,9,0,0,205.0
0,0,1750442000.0,0,0,0,4,6,1,0,17,4,0,15.0
0,0,1768022610.0,0,0,0,0,4,2,0,5,5,1,198.0
0,0,1742998079.0,1,0,1,2,2,3,9,14,2,0,7.0
0,0,1740008467.0,1,0,1,5,1,1,8,23,2,0,137.0
0,0,1754603026.0,2,0,2,1,2,4,0,21,3,0,77.0
0,0,1758362719.0,2,0,2,4,6,2,8,10,5,1,49.0
0,0,1746691579.0,2,0,2,2,4,0,4,8,3,0,91.0
0,0,1762837653.0,1,0,1,3,3,2,5,5,1,0,29.0
0,0,1768920649.0,3,0,3,3,2,2,9,14,1,0,133.0
0,0,1767077442.0,1,0,1,5,4,3,8,6,1,0,26.0
0,0,1737118168.0,2,0,2,0,3,2,5,12,4,0,22.0
0,0,1752529149.0,1,0,1,1,4,3,0,21,0,0,110.0
0,0,1752744251.0,0,0,0,3,4,2,9,9,3,0,47.0
0,0,1748598850.0,1,0,1,0,1,15,4,9,4,0,25.0
0,0,1750862155.0,2,0,2,5,3,1,8,14,2,0,24.0
0,0,1757146529.0,2,0,2,2,5,10,5,8,5,1,239.0
0,0,1769346221.0,0,0,0,1,6,3,8,13,6,1,155.0
0,0,1753304386.0,1,0,1,4,1,3,4,20,2,0,24.0
0,0,1762955374.0,1,0,1,1,4,10,0,13,2,0,237.0
0,0,1739618025.0,0,0,0,2,4,1,5,11,5,1,205.0
0,0,1755068447.0,2,0,2,2,4,10,4,7,2,0,189.0
0,0,1750653357.0,1,0,1,5,3,0,9,4,0,0,225.0
0,0,1762182267.0,3,0,3,0,2,4,0,15,0,0,92.0
0,0,1763668487.0,3,0,3,2,2,0,0,19,3,0,199.0
0,0,1742912922.0,1,0,1,5,6,6,4,14,1,0,121.0
0,0,1764958496.0,1,0,1,3,3,3,5,18,4,0,184.0
0,0,1759520143.0,2,0,2,1,3,0,5,19,4,0,22.0
0,0,1738947524.0,0,0,0,3,1,1,5,16,4,0,220.0
0,0,1737559983.0,2,0,2,1,1,6,5,15,2,0,24.0
0,0,1771330137.0,2,0,2,3,3,4,4,12,1,0,143.0
0,0,1740991153.0,2,0,2,0,1,6,0,8,0,0,209.0
0,0,1769870759.0,0,0,0,2,1,3,9,14,5,1,184.0
0,0,1772802776.0,0,0,0,3,4,3,5,13,4,0,9.0
0,0,1745880152.0,1,0,1,0,2,1,9,22,0,0,2.0
0,0,1747358012.0,3,0,3,4,2,2,4,1,4,0,228.0
0,0,1751994002.0,1,0,1,5,3,1,4,17,1,0,59.0
0,0,1755951460.0,3,0,3,1,1,10,9,12,5,1,7.0
0,0,1752954493.0,2,0,2,2,3,6,0,19,5,1,238.0
0,0,1753260970.0,3,0,3,2,4,1,0,8,2,0,9.0
0,0,1748818447.0,3,0,3,1,5,6,8,22,6,1,138.0
0,0,1772691014.0,3,0,3,1,3,5,9,6,3,0,128.0
0,0,1760044719.0,3,0,3,1,2,2,0,21,3,0,114.0
0,0,1746109704.0,0,0,0,0,5,3,8,14,3,0,7.0
7,0,1741526690.0,1,1,1,3,3,11,8,13,6,1,191.0
7,0,1768389053.0,1,1,1,2,2,6,5,11,2,0,144.0
0,0,1759943140.0,1,0,1,0,6,1,5,17,2,0,17.0
7,0,1735772455.0,3,1,3,5,5,10,9,23,2,0,214.0
0,0,1737116520.0,2,0,2,0,3,1,9,12,4,0,132.0
0,0,1752776211.0,0,0,0,0,2,3,8,18,3,0,218.0
0,0,1743297330.0,0,0,0,0,2,10,9,1,6,1,120.0
0,0,1764258567.0,0,0,0,0,5,2,4,15,3,0,217.0
0,0,1742822553.0,2,0,2,4,5,10,4,13,0,0,77.0
0,0,1739303656.0,3,0,3,3,2,3,0,19,1,0,20.0
0,0,1752929711.0,1,0,1,0,5,2,8,12,5,1,184.0
0,0,1770115324.0,0,0,0,4,1,0,4,10,1,0,31.0
0,0,1760016799.0,2,0,2,3,3,2,4,13,3,0,50.0
0,0,1737346269.0,2,0,2,0,2,3,9,4,0,0,41.0
0,0,1763053986.0,1,0,1,3,1,2,5,17,3,0,117.0
0,0,1769958245.0,1,0,1,5,5,11,0,15,6,1,181.0
0,0,1769239018.0,1,0,1,0,3,10,0,7,5,1,201.0
0,0,1753199755.0,2,0,2,0,5,1,9,15,1,0,155.0
0,0,1741698575.0,3,0,3,3,1,2,5,13,1,0,23.0
0,0,1761096832.0,1,0,1,3,5,2,4,1,2,0,238.0
0,0,1763251464.0,0,0,0,5,6,1,8,0,6,1,153.0
0,0,1740902349.0,2,0,2,2,2,4,5,7,6,1,50.0
0,0,1742297996.0,3,0,3,4,2,11,8,11,1,0,82.0
0,0,1758329313.0,2,0,2,0,5,0,8,0,5,1,121.0
0,0,1756047468.0,1,0,1,3,6,2,8,14,6,1,217.0
0,0,1757234711.0,0,0,0,0,4,10,0,8,6,1,69.0
0,0,1751335550.0,3,0,3,1,1,15,9,2,1,0,56.0
7,0,1764023310.0,1,1,1,5,6,11,8,22,0,0,120.0
0,0,1748980375.0,3,0,3,4,6,0,8,19,1,0,18.0
0,0,1761421374.0,3,0,3,3,1,3,8,19,5,1,183.0
0,0,1753796991.0,3,0,3,4,2,2,4,13,1,0,77.0
0,0,1756575708.0,0,0,0,5,5,5,0,17,5,1,53.0
0,0,1738400996.0,1,0,1,0,5,2,0,9,5,1,193.0
7,0,1758859722.0,3,1,3,3,2,2,0,4,4,0,81.0
0,0,1752914700.0,2,0,2,1,5,6,4,8,5,1,118.0
0,0,1740439380.0,1,0,1,5,2,10,0,23,0,0,20.0
0,0,1749462173.0,0,0,0,5,1,0,8,9,0,0,41.0
7,0,1750239896.0,0,1,0,0,6,10,0,9,2,0,199.0
0,0,1758564860.0,2,0,2,3,4,2,8,18,0,0,231.0
0,0,1756625114.0,1,0,1,0,6,1,8,7,6,1,103.0
0,0,1749208797.0,2,0,2,1,6,10,8,11,4,0,223.0
0,0,1760839488.0,0,0,0,0,5,4,9,2,6,1,74.0
0,0,1753883909.0,1,0,1,4,5,1,4,13,2,0,162.0
0,0,1769274738.0,3,0,3,1,1,3,9,17,5,1,186.0
0,0,1744858627.0,3,0,3,4,4,2,0,2,3,0,231.0
0,0,1736317197.0,2,0,2,4,1,2,9,6,2,0,72.0
7,0,1737473482.0,0,1,0,2,4,0,9,15,1,0,166.0
0,0,1736682272.0,2,0,2,2,3,6,5,11,6,1,102.0
0,0,1763554962.0,3,0,3,3,3,3,4,12,2,0,237.0
0,0,1770419553.0,1,0,1,0,1,3,5,23,4,0,204.0
0,0,1770803971.0,3,0,3,1,1,11,4,9,2,0,16.0
0,0,1754819062.0,2,0,2,2,4,1,5,9,6,1,196.0
0,0,1747470476.0,3,0,3,0,3,4,4,8,5,1,208.0
0,0,1737412469.0,2,0,2,0,1,10,0,22,0,0,163.0
0,0,1753984288.0,0,0,0,2,3,15,8,17,3,0,204.0
0,0,1752750741.0,1,0,1,5,4,1,0,11,3,0,32.0
0,0,1740310065.0,2,0,2,5,3,1,0,11,6,1,237.0
0,0,1741399340.0,1,0,1,2,4,4,9,2,5,1,128.0
0,0,1767918806.0,3,0,3,1,3,5,0,0,4,0,85.0
0,0,1750080229.0,3,0,3,1,6,3,8,13,0,0,133.0
0,0,1765940175.0,1,0,1,0,5,2,9,2,2,0,222.0
0,0,1764921944.0,3,0,3,4,3,6,9,8,4,0,102.0
0,0,1771670239.0,0,0,0,2,5,0,8,10,5,1,33.0
0,0,1741262793.0,1,0,1,1,3,2,5,12,3,0,63.0
0,0,1750266592.0,3,0,3,5,5,10,8,17,2,0,227.0
0,0,1745075410.0,2,0,2,1,5,7,9,15,5,1,238.0
0,0,1767200796.0,2,0,2,1,2,1,8,17,2,0,237.0
7,0,1770070918.0,3,1,3,5,5,2,0,22,0,0,35.0
0,0,1751936543.0,0,0,0,4,2,6,8,1,1,0,154.0
0,0,1744079800.0,3,0,3,4,3,0,0,2,1,0,191.0
7,0,1758082995.0,2,1,2,5,1,1,4,4,2,0,226.0
0,0,1759454002.0,2,0,2,1,4,10,4,1,4,0,76.0
0,0,1736094441.0,0,0,0,3,3,2,4,16,6,1,39.0
0,0,1759195613.0,0,0,0,0,2,2,9,1,1,0,141.0
0,0,1749036945.0,0,0,0,1,4,5,0,11,2,0,200.0
0,0,1756437121.0,1,0,1,4,4,2,9,3,4,0,108.0
7,0,1752345216.0,3,1,3,3,2,7,5,18,5,1,53.0
0,0,1736663126.0,3,0,3,5,1,4,0,6,6,1,131.0
0,0,1763857142.0,3,0,3,5,1,5,0,0,6,1,172.0
0,0,1761799453.0,3,0,3,4,2,2,0,4,3,0,106.0
0,0,1752372627.0,1,0,1,3,4,6,9,2,6,1,3.0
0,0,1742115966.0,3,0,3,5,2,2,9,9,6,1,234.0
0,0,1762506559.0,3,0,3,3,3,1,0,9,4,0,35.0
0,0,1771383597.0,2,0,2,2,3,1,9,2,2,0,125.0
0,0,1769877954.0,1,0,1,1,5,3,0,16,5,1,153.0
0,0,1758776753.0,0,0,0,1,3,11,5,5,3,0,215.0
0,0,1755702729.0,3,0,3,3,2,11,8,15,2,0,59.0
0,0,1766967962.0,2,0,2,5,2,1,9,0,0,0,152.0
0,0,1754704859.0,1,0,1,0,1,10,4,2,5,1,137.0
0,0,1760500278.0,0,0,0,2,5,2,8,3,2,0,217.0
0,0,1767063244.0,3,0,3,4,5,2,5,2,1,0,77.0
0,0,1743740188.0,0,0,0,3,2,3,8,4,4,0,126.0
0,0,1738320964.0,1,0,1,3,6,3,8,10,4,0,215.0
0,0,1770789159.0,1,0,1,5,3,3,5,5,2,0,237.0
7,0,1737756767.0,3,1,3,5,1,5,0,22,4,0,61.0
0,0,1756628498.0,1,0,1,1,2,5,5,8,6,1,77.0
7,0,1745807611.0,3,1,3,0,2,5,8,2,0,0,122.0
0,0,1756277493.0,2,0,2,1,2,1,9,6,2,0,226.0
0,0,1742045793.0,0,0,0,4,6,2,5,13,5,1,176.0
0,0,1761125080.0,2,0,2,3,4,2,9,9,2,0,201.0
0,0,1749071703.0,1,0,1,0,6,10,5,21,2,0,227.0
0,0,1763488327.0,2,0,2,4,5,1,8,17,1,0,8.0
0,0,1744187767.0,1,0,1,0,4,2,9,8,2,0,47.0
0,0,1770809619.0,1,0,1,3,2,3,4,11,2,0,58.0
0,0,1751916844.0,3,0,3,0,3,2,0,19,0,0,215.0
0,0,1758937190.0,3,0,3,0,6,0,9,1,5,1,213.0
0,0,1753867720.0,3,0,3,1,3,6,8,9,2,0,63.0
0,0,1745289578.0,1,0,1,1,4,5,5,2,1,0,126.0
0,0,1750248540.0,3,0,3,0,4,2,8,12,2,0,197.0
0,0,1769611608.0,2,0,2,1,4,6,8,14,2,0,131.0
0,0,1737143123.0,1,0,1,0,5,2,8,19,4,0,137.0
0,0,1755492132.0,1,0,1,0,2,6,8,4,0,0,134.0
0,0,1754936916.0,0,0,0,3,3,2,4,18,0,0,181.0
0,0,1753582437.0,2,0,2,2,4,5,9,2,6,1,32.0
0,0,1745644962.0,1,0,1,1,5,6,9,5,5,1,236.0
0,0,1746375795.0,1,0,1,2,4,2,9,16,6,1,45.0
0,0,1770096462.0,1,0,1,4,1,5,5,5,1,0,126.0
0,0,1760350513.0,2,0,2,2,6,2,0,10,0,0,80.0
0,0,1768754043.0,1,0,1,4,3,3,5,16,6,1,239.0
0,0,1762311550.0,1,0,1,4,3,10,8,2,2,0,45.0
0,0,1739948073.0,0,0,0,4,6,1,5,6,2,0,193.0
0,0,1741211679.0,1,0,1,2,3,2,0,21,2,0,76.0
0,0,1740345599.0,0,0,0,5,3,3,8,21,6,1,206.0
0,0,1741742241.0,3,0,3,4,2,2,5,1,2,0,230.0
0,0,1767740277.0,1,0,1,0,5,4,0,22,1,0,200.0
0,0,1767649936.0,2,0,2,1,2,11,9,21,0,0,198.0
0,0,1767266143.0,1,0,1,2,1,0,8,11,3,0,108.0
0,0,1741036332.0,2,0,2,5,2,3,4,21,0,0,76.0
0,0,1747639556.0,0,0,0,1,5,11,5,7,0,0,106.0
0,0,1769661839.0,3,0,3,4,4,2,5,4,3,0,80.0
0,0,1764103955.0,1,0,1,1,1,15,9,20,1,0,200.0
0,0,1742606352.0,2,0,2,0,4,6,4,1,5,1,47.0
7,0,1763936551.0,3,1,3,0,4,0,9,22,6,1,130.0
0,0,1764613633.0,2,0,2,5,4,2,9,18,0,0,97.0
0,0,1748316853.0,2,0,2,5,4,6,4,3,1,0,9.0
0,0,1764517520.0,1,0,1,3,6,3,0,15,6,1,130.0
0,0,1763928969.0,1,0,1,0,3,10,0,20,6,1,119.0
0,0,1759005917.0,2,0,2,2,1,4,4,20,5,1,55.0
0,0,1769155110.0,0,0,0,3,6,2,5,7,4,0,139.0
7,0,1762997792.0,3,1,3,5,1,2,9,1,3,0,100.0
0,0,1748820262.0,3,0,3,2,2,3,5,23,6,1,238.0
0,0,1740782019.0,2,0,2,2,2,2,8,22,4,0,201.0
0,0,1761644021.0,0,0,0,3,3,2,0,9,1,0,155.0
0,0,1772046905.0,1,0,1,2,1,1,8,19,2,0,131.0
0,0,1755336115.0,2,0,2,1,2,3,5,9,5,1,6.0
0,0,1737015110.0,2,0,2,5,4,4,0,8,3,0,170.0
0,0,1764888722.0,1,0,1,4,2,1,4,22,3,0,220.0
0,0,1759576460.0,0,0,0,5,4,0,5,11,5,1,227.0
0,0,1752807764.0,3,0,3,2,6,10,9,3,4,0,157.0
0,0,1757596402.0,2,0,2,3,3,3,9,13,3,0,206.0
7,0,1760052462.0,2,1,2,0,6,5,4,23,3,0,59.0
0,0,1748169928.0,1,0,1,2,2,3,4,10,6,1,101.0
0,0,1750940585.0,2,0,2,0,3,3,4,12,3,0,35.0
0,0,1756094623.0,2,0,2,0,3,3,0,4,0,0,226.0
7,0,1747845674.0,3,1,3,5,2,0,9,16,2,0,62.0
7,0,1759393609.0,1,1,1,1,1,1,0,8,3,0,82.0
0,0,1748300909.0,0,0,0,0,5,5,5,23,0,0,230.0
0,0,1752312773.0,1,0,1,0,5,1,8,9,5,1,114.0
0,0,1745526013.0,1,0,1,3,2,4,9,20,3,0,96.0
0,0,1738997489.0,2,0,2,2,4,0,9,6,5,1,132.0
0,0,1738383258.0,1,0,1,4,2,3,0,4,5,1,66.0
0,0,1750212172.0,1,0,1,5,4,11,9,2,2,0,90.0
0,0,1754361002.0,1,0,1,1,5,6,0,2,1,0,101.0
0,0,1754324970.0,0,0,0,2,2,10,9,16,0,0,159.0
0,0,1751323312.0,1,0,1,5,4,0,4,22,0,0,146.0
0,0,1756360060.0,3,0,3,2,3,2,8,5,3,0,174.0
0,0,1758491454.0,1,0,1,1,1,2,9,21,6,1,74.0
0,0,1753799624.0,1,0,1,4,1,6,8,14,1,0,59.0
0,0,1754193455.0,2,0,2,2,1,2,8,3,6,1,85.0
0,0,1745413616.0,1,0,1,2,2,4,9,13,2,0,27.0
0,0,1748895538.0,0,0,0,3,1,10,8,20,0,0,98.0
0,0,1762717273.0,1,0,1,0,6,2,4,19,6,1,186.0
0,0,1746172005.0,0,0,0,3,2,3,8,7,4,0,14.0
0,0,1751651219.0,2,0,2,4,2,0,4,17,4,0,228.0
0,0,1753635735.0,3,0,3,3,2,1,8,17,6,1,160.0
0,0,1740379885.0,1,0,1,2,3,2,5,6,0,0,236.0
0,0,1741761473.0,1,0,1,2,5,11,9,6,2,0,92.0
0,0,1765836743.0,1,0,1,0,1,2,9,22,0,0,210.0
0,0,1749481868.0,0,0,0,0,5,1,4,15,0,0,73.0
0,0,1772793326.0,1,0,1,1,5,2,0,10,4,0,2.0
0,0,1764273254.0,3,0,3,2,3,3,9,19,3,0,191.0
0,0,1755048460.0,0,0,0,5,6,6,5,1,2,0,209.0
0,0,1735900355.0,0,0,0,3,1,0,9,10,4,0,2.0
0,0,1759457134.0,0,0,0,0,4,2,4,2,4,0,198.0
0,0,1738372042.0,1,0,1,3,1,0,4,1,5,1,236.0
0,0,1737406286.0,3,0,3,4,3,1,9,20,0,0,69.0
7,0,1759005625.0,3,1,3,1,4,2,9,20,5,1,240.0
0,0,1761269158.0,2,0,2,3,1,0,9,1,4,0,78.0
0,0,1737627526.0,3,0,3,2,6,3,4,10,3,0,48.0
0,0,1760930567.0,1,0,1,2,2,2,0,3,0,0,67.0
0,0,1763658640.0,3,0,3,0,2,5,0,17,3,0,83.0
0,0,1738619129.0,2,0,2,0,1,2,0,21,0,0,179.0
0,0,1765358923.0,1,0,1,2,4,4,4,9,2,0,183.0
0,0,1758590723.0,0,0,0,1,3,2,9,1,1,0,174.0
0,0,1747170008.0,2,0,2,5,5,1,5,21,1,0,153.0
0,0,1745451185.0,2,0,2,3,6,0,9,23,2,0,72.0
0,0,1753727424.0,3,0,3,3,3,5,9,18,0,0,155.0
0,0,1764269697.0,2,0,2,0,4,10,5,18,3,0,15.0
0,0,1753455987.0,2,0,2,3,3,4,5,15,4,0,121.0
0,0,1740632286.0,3,0,3,4,1,2,0,4,3,0,134.0
7,0,1755402865.0,3,1,3,0,5,10,8,3,6,1,181.0
0,0,1766448235.0,0,0,0,0,1,2,9,0,1,0,167.0
0,0,1758668146.0,2,0,2,3,3,0,0,22,1,0,217.0
0,0,1741017250.0,2,0,2,3,4,2,8,15,0,0,188.0
0,0,1772355384.0,3,0,3,3,2,6,0,8,6,1,118.0
0,0,1771025712.0,3,0,3,4,6,10,0,23,4,0,7.0
0,0,1742858256.0,3,0,3,1,5,6,5,23,0,0,44.0
0,0,1757867176.0,0,0,0,0,1,3,4,16,6,1,191.0
0,0,1754120163.0,1,0,1,3,5,2,0,7,5,1,71.0
7,0,1752949818.0,1,1,1,4,1,0,5,18,5,1,71.0
0,0,1764389304.0,1,0,1,0,6,3,9,4,5,1,94.0
0,0,1738410024.0,0,0,0,0,6,2,8,11,5,1,145.0
0,0,1770309552.0,3,0,3,1,2,3,0,16,3,0,236.0
0,0,1760002496.0,3,0,3,0,3,2,4,9,3,0,91.0
0,0,1756501325.0,0,0,0,1,2,2,5,21,4,0,24.0
0,0,1769568992.0,2,0,2,2,5,2,4,2,2,0,179.0
0,0,1759572810.0,2,0,2,5,3,4,0,10,5,1,59.0
0,0,1744691657.0,1,0,1,3,5,0,0,4,1,0,176.0
0,0,1755823605.0,2,0,2,2,5,0,8,0,4,0,103.0
0,0,1739070668.0,0,0,0,4,5,2,9,3,6,1,54.0
0,0,1766800429.0,0,0,0,5,3,5,0,1,5,1,155.0
0,0,1750170487.0,3,0,3,2,5,5,0,14,1,0,65.0
0,0,1768615111.0,2,0,2,4,3,10,9,1,5,1,27.0
0,0,1739649331.0,2,0,2,2,1,2,8,19,5,1,72.0
0,0,1737945363.0,3,0,3,2,2,3,4,2,0,0,77.0
0,0,1760990950.0,2,0,2,5,6,3,9,20,0,0,124.0
0,0,1740199477.0,0,0,0,2,6,10,5,4,5,1,194.0
7,0,1746153721.0,2,1,2,3,6,2,5,2,4,0,3.0
0,0,1744637380.0,3,0,3,1,3,1,0,13,0,0,213.0
0,0,1768305437.0,2,0,2,4,2,10,9,11,1,0,173.0
7,0,1760807480.0,0,1,0,4,1,6,4,17,5,1,133.0
0,0,1754068096.0,1,0,1,0,5,0,8,17,4,0,220.0
0,0,1747807159.0,0,0,0,4,3,2,0,5,2,0,229.0
0,0,1761174564.0,0,0,0,0,5,0,8,23,2,0,123.0
0,0,1750884662.0,3,0,3,4,5,3,4,20,2,0,28.0
0,0,1744105331.0,1,0,1,0,3,3,9,9,1,0,82.0
0,0,1743223013.0,1,0,1,2,1,6,0,4,5,1,141.0
0,0,1756467229.0,3,0,3,5,6,1,0,11,4,0,150.0
0,0,1762740766.0,2,0,2,3,2,3,9,2,0,0,77.0
0,0,1746244644.0,3,0,3,4,5,2,5,3,5,1,187.0
0,0,1765383999.0,1,0,1,4,4,10,4,16,2,0,85.0
0,0,1749803052.0,2,0,2,2,3,2,5,8,4,0,165.0
0,0,1748700149.0,3,0,3,5,5,0,9,14,5,1,155.0
0,0,1756861423.0,0,0,0,5,6,1,9,1,2,0,233.0
0,0,1741357314.0,0,0,0,3,4,0,4,14,4,0,103.0
0,0,1750799139.0,3,0,3,0,6,1,8,21,1,0,85.0
0,0,1765141651.0,2,0,2,2,5,2,8,21,6,1,35.0
0,0,1758345410.0,3,0,3,5,2,10,9,5,5,1,102.0
0,0,1740811495.0,1,0,1,3,2,3,4,6,5,1,114.0
0,0,1763721145.0,3,0,3,2,3,10,0,10,4,0,214.0
0,0,1756896462.0,2,0,2,2,3,11,5,10,2,0,117.0
0,0,1748578255.0,0,0,0,0,3,2,9,4,4,0,185.0
0,0,1761417212.0,0,0,0,0,6,2,9,18,5,1,11.0
0,0,1765225317.0,0,0,0,5,4,3,4,20,0,0,71.0
0,0,1743162228.0,3,0,3,3,5,2,9,11,4,0,111.0
0,0,1748602381.0,0,0,0,1,2,10,4,10,4,0,201.0
0,0,1742904346.0,0,0,0,5,2,6,5,12,1,0,187.0
0,0,1750649442.0,0,0,0,4,1,2,0,3,0,0,102.0
0,0,1738235494.0,2,0,2,1,6,6,8,11,3,0,53.0
0,0,1754028227.0,0,0,0,2,4,3,8,6,4,0,8.0
0,0,1763606926.0,1,0,1,2,1,1,8,2,3,0,196.0
0,0,1737627946.0,3,0,3,3,4,2,8,10,3,0,238.0
0,0,1748933134.0,1,0,1,1,1,6,5,6,1,0,214.0
0,0,1770973379.0,0,0,0,2,1,5,9,9,4,0,184.0
0,0,1772027684.0,1,0,1,2,1,3,9,13,2,0,34.0
0,0,1769879205.0,2,0,2,1,1,4,9,17,5,1,48.0
0,0,1750377321.0,2,0,2,4,3,2,4,23,3,0,22.0
0,0,1767834718.0,0,0,0,2,3,6,8,1,3,0,94.0
0,0,1766544016.0,3,0,3,4,5,10,5,2,2,0,142.0
0,0,1751603001.0,3,0,3,5,4,3,8,4,4,0,202.0
0,0,1735887646.0,3,0,3,1,4,0,5,7,4,0,95.0
0,0,1757096466.0,2,0,2,5,3,2,5,18,4,0,236.0
0,0,1750608857.0,3,0,3,2,4,2,4,16,6,1,227.0
0,0,1755519921.0,0,0,0,2,3,3,5,12,0,0,231.0
7,0,1752529186.0,3,1,3,0,6,6,4,21,0,0,222.0
0,0,1768678436.0,3,0,3,3,2,10,9,19,5,1,202.0
0,0,1747288842.0,3,0,3,3,1,2,5,6,3,0,103.0
0,0,1765725957.0,2,0,2,4,3,3,5,15,6,1,90.0
0,0,1752990074.0,1,0,1,2,6,2,8,5,6,1,97.0
0,0,1751084013.0,0,0,0,4,5,10,4,4,5,1,58.0
0,0,1764990544.0,3,0,3,4,2,6,9,3,5,1,130.0
0,0,1762109805.0,2,0,2,2,1,0,4,18,6,1,140.0
0,0,1765569081.0,1,0,1,0,5,6,8,19,4,0,233.0
0,0,1768207067.0,1,0,1,0,3,1,5,8,0,0,59.0
0,0,1769736451.0,0,0,0,2,3,1,0,1,4,0,76.0
0,0,1762533944.0,0,0,0,1,1,3,9,16,4,0,129.0
0,0,1743863749.0,2,0,2,3,6,3,8,14,5,1,196.0
0,0,1749641435.0,0,0,0,4,3,0,4,11,2,0,152.0
7,0,1743962325.0,3,1,3,0,5,1,9,17,6,1,203.0
0,0,1747757669.0,0,0,0,5,1,3,5,16,1,0,59.0
0,0,1755712303.0,3,0,3,5,6,0,0,17,2,0,110.0
0,0,1763448103.0,3,0,3,5,3,3,4,6,1,0,133.0
0,0,1758496682.0,2,0,2,0,3,6,0,23,6,1,117.0
0,0,1758299481.0,0,0,0,3,3,7,5,16,4,0,16.0
0,0,1742558378.0,2,0,2,0,6,2,9,11,4,0,143.0
0,0,1753554724.0,2,0,2,2,1,1,0,18,5,1,101.0
0,0,1739116728.0,0,0,0,0,1,2,9,15,6,1,59.0
0,0,1755600815.0,2,0,2,4,6,5,0,10,1,0,130.0
0,0,1766856475.0,3,0,3,0,6,2,4,17,5,1,117.0
0,0,1741474336.0,1,0,1,3,6,5,5,22,5,1,78.0
0,0,1756936857.0,0,0,0,1,1,2,0,22,2,0,8.0
0,0,1749206425.0,1,0,1,3,3,2,8,10,4,0,153.0
0,0,1743683847.0,1,0,1,0,6,3,9,12,3,0,83.0
0,0,1747467908.0,2,0,2,5,4,3,8,7,5,1,182.0
0,0,1744823570.0,1,0,1,2,4,1,9,17,2,0,92.0
0,0,1759553271.0,2,0,2,5,4,3,0,4,5,1,74.0
0,0,1739228342.0,0,0,0,3,5,0,8,22,0,0,14.0
0,0,1755137749.0,2,0,2,0,3,0,5,2,3,0,97.0
0,0,1746560682.0,1,0,1,4,5,4,5,19,1,0,87.0
0,0,1768938748.0,1,0,1,0,4,10,9,19,1,0,199.0
0,0,1747545361.0,1,0,1,1,1,3,4,5,6,1,185.0
0,0,1749693600.0,2,0,2,3,2,3,5,2,3,0,102.0
0,0,1739999822.0,1,0,1,2,5,10,0,21,2,0,231.0
0,0,1755786932.0,1,0,1,2,6,3,8,14,3,0,59.0
0,0,1745821078.0,3,0,3,2,3,15,8,6,0,0,38.0
0,0,1749790272.0,1,0,1,1,4,2,0,4,4,0,155.0
0,0,1742371876.0,2,0,2,3,6,3,9,8,2,0,25.0
0,0,1738182535.0,0,0,0,0,2,3,4,20,2,0,116.0
0,0,1757792444.0,1,0,1,2,6,2,4,19,5,1,95.0
0,0,1756079763.0,0,0,0,3,6,0,8,23,6,1,144.0
0,0,1758644834.0,1,0,1,4,6,5,4,16,1,0,162.0
0,0,1771730983.0,2,0,2,1,2,0,5,3,6,1,152.0
0,0,1748346775.0,0,0,0,5,4,10,9,11,1,0,162.0
0,0,1737466132.0,3,0,3,5,1,2,4,13,1,0,188.0
0,0,1758650636.0,1,0,1,5,4,3,4,18,1,0,162.0
0,0,1740242722.0,2,0,2,0,6,6,8,16,5,1,21.0
0,0,1739792727.0,1,0,1,0,5,2,5,11,0,0,113.0
0,0,1760667842.0,1,0,1,1,4,1,9,2,4,0,48.0
0,0,1760407376.0,0,0,0,4,6,2,0,2,1,0,81.0
0,0,1744805204.0,1,0,1,5,4,2,8,12,2,0,218.0
0,0,1761286999.0,2,0,2,5,3,1,9,6,4,0,99.0
0,0,1754715737.0,2,0,2,0,5,2,4,5,5,1,161.0
0,0,1744950184.0,1,0,1,5,2,6,8,4,4,0,96.0
0,0,1763328014.0,2,0,2,3,5,10,8,21,6,1,153.0
0,0,1742090909.0,2,0,2,2,6,0,9,2,6,1,32.0
0,0,1761106414.0,2,0,2,1,5,6,9,4,2,0,37.0
0,0,1756381082.0,3,0,3,4,2,2,5,11,3,0,182.0
0,0,1764901786.0,2,0,2,1,6,7,5,2,4,0,190.0
0,0,1752270081.0,0,0,0,1,2,3,8,21,4,0,100.0
0,0,1752665435.0,2,0,2,2,5,2,0,11,2,0,48.0
0,0,1756016410.0,3,0,3,1,2,1,0,6,6,1,37.0
0,0,1772720929.0,3,0,3,1,5,2,4,14,3,0,54.0
0,0,1762470303.0,2,0,2,1,3,3,0,23,3,0,5.0
0,0,1740918360.0,0,0,0,2,5,3,5,12,6,1,155.0
0,0,1756682161.0,0,0,0,3,1,10,9,23,6,1,128.0
0,0,1750422592.0,3,0,3,1,6,4,8,12,4,0,105.0
0,0,1764532417.0,0,0,0,3,1,1,5,19,6,1,74.0
0,0,1759657102.0,3,0,3,0,1,11,9,9,6,1,15.0
0,0,1767718821.0,2,0,2,1,5,3,8,17,1,0,172.0
0,0,1747195173.0,1,0,1,4,1,4,4,3,2,0,2.0
0,0,1745815894.0,0,0,0,5,4,1,9,4,0,0,120.0
0,0,1736408796.0,2,0,2,2,3,3,9,7,3,0,57.0
0,0,1743777207.0,2,0,2,0,2,6,8,14,4,0,143.0
0,0,1757010671.0,1,0,1,3,3,1,5,18,3,0,120.0
0,0,1738206184.0,0,0,0,1,5,4,8,3,3,0,86.0
0,0,1767828162.0,3,0,3,3,4,2,0,23,2,0,112.0
0,0,1755719472.0,0,0,0,4,4,2,8,19,2,0,192.0
0,0,1744270268.0,2,0,2,3,4,6,0,7,3,0,163.0
0,0,1745655261.0,3,0,3,5,3,11,5,8,5,1,166.0
0,0,1755962534.0,0,0,0,2,1,11,5,15,5,1,170.0
0,0,1771995296.0,2,0,2,0,1,2,9,4,2,0,144.0
0,0,1765381828.0,1,0,1,2,5,11,0,15,2,0,239.0
0,0,1738763934.0,0,0,0,4,2,3,4,13,2,0,59.0
0,0,1739315704.0,2,0,2,4,3,2,4,23,1,0,70.0
0,0,1752179617.0,2,0,2,3,2,4,0,20,3,0,51.0
0,0,1755864917.0,1,0,1,1,6,1,0,12,4,0,220.0
0,0,1766268195.0,1,0,1,2,4,10,4,22,5,1,179.0
7,0,1739746108.0,1,1,1,3,1,3,4,22,6,1,180.0
0,0,1756698127.0,3,0,3,1,2,10,5,3,0,0,134.0
0,0,1753786844.0,1,0,1,0,2,6,5,11,1,0,151.0
0,0,1743478808.0,1,0,1,1,4,2,4,3,1,0,2.0
0,0,1762952732.0,3,0,3,0,5,4,4,13,2,0,229.0
0,0,1743301704.0,2,0,2,5,3,1,0,2,6,1,95.0
0,0,1767125056.0,2,0,2,4,4,2,9,20,1,0,191.0
0,0,1744458507.0,3,0,3,0,6,15,4,11,5,1,20.0
0,0,1750712352.0,3,0,3,2,3,5,0,20,0,0,105.0
0,0,1744666361.0,1,0,1,0,4,1,5,21,0,0,177.0
0,0,1735849224.0,0,0,0,0,3,1,8,20,3,0,189.0
0,0,1742223304.0,2,0,2,5,2,1,5,14,0,0,135.0
0,0,1765917546.0,1,0,1,5,2,4,5,20,1,0,80.0
0,0,1746538741.0,0,0,0,1,4,2,4,13,1,0,84.0
0,0,1751424402.0,0,0,0,0,6,2,5,2,2,0,145.0
0,0,1757567792.0,1,0,1,4,5,10,9,5,3,0,181.0
0,0,1768780545.0,3,0,3,4,6,10,4,23,6,1,45.0
0,0,1745272032.0,2,0,2,5,4,2,5,21,0,0,198.0
0,0,1754182946.0,3,0,3,2,2,7,5,1,6,1,203.0
0,0,1772062209.0,2,0,2,0,5,3,4,23,2,0,217.0
0,0,1759133193.0,3,0,3,0,4,3,4,8,0,0,124.0
0,0,1748844046.0,0,0,0,0,6,10,5,6,0,0,90.0
0,0,1750428237.0,2,0,2,3,5,6,5,14,4,0,130.0
0,0,1744736261.0,3,0,3,4,5,0,0,16,1,0,173.0
0,0,1756568780.0,0,0,0,3,3,6,8,15,5,1,89.0
0,0,1759074461.0,1,0,1,4,5,5,4,15,6,1,77.0
0,0,1740015788.0,3,0,3,0,6,3,4,1,3,0,195.0
0,0,1753381571.0,0,0,0,1,3,5,0,18,3,0,90.0
0,0,1756852648.0,0,0,0,2,6,0,0,22,1,0,162.0
0,0,1740769254.0,3,0,3,3,2,5,8,19,4,0,171.0
0,0,1749469259.0,1,0,1,1,3,1,4,11,0,0,133.0
0,0,1740307634.0,2,0,2,0,4,1,8,10,6,1,16.0
0,0,1750460289.0,2,0,2,5,1,5,0,22,4,0,179.0
0,0,1751335563.0,1,0,1,1,3,0,0,2,1,0,63.0
0,0,1736001726.0,2,0,2,3,5,2,8,14,5,1,149.0
0,0,1751086969.0,0,0,0,2,3,2,9,5,5,1,174.0
0,0,1753763266.0,3,0,3,0,6,11,0,4,1,0,237.0
7,0,1758855461.0,2,1,2,5,5,10,4,2,4,0,116.0
0,0,1737848752.0,3,0,3,2,5,7,8,23,5,1,207.0
0,0,1743337607.0,3,0,3,1,1,2,4,12,6,1,144.0
0,0,1747705299.0,3,0,3,1,2,4,9,1,1,0,130.0
0,0,1751227162.0,2,0,2,3,3,1,0,19,6,1,208.0
7,0,1771856157.0,3,1,3,4,4,0,5,14,0,0,53.0
0,0,1747340156.0,0,0,0,3,6,5,9,20,3,0,34.0
0,0,1770257464.0,0,0,0,0,2,6,8,2,3,0,24.0
0,0,1760090553.0,2,0,2,1,6,1,0,10,4,0,162.0
0,0,1747960687.0,3,0,3,2,2,6,9,0,4,0,32.0
0,0,1743358738.0,0,0,0,0,6,6,9,18,6,1,92.0
0,0,1765049895.0,2,0,2,2,6,1,0,19,5,1,221.0
0,0,1748604402.0,2,0,2,3,6,6,5,11,4,0,217.0
0,0,1748707009.0,2,0,2,3,3,0,0,15,5,1,113.0
0,0,1771291489.0,1,0,1,1,3,1,9,1,1,0,226.0
0,0,1740032617.0,2,0,2,5,4,2,0,6,3,0,31.0
0,0,1739705793.0,1,0,1,2,6,1,5,11,6,1,225.0
0,0,1753673829.0,0,0,0,2,2,1,5,3,0,0,203.0
0,0,1747802145.0,1,0,1,0,1,2,0,4,2,0,228.0
0,0,1761437883.0,2,0,2,5,2,2,8,0,6,1,219.0
0,0,1768919031.0,2,0,2,5,3,2,4,14,1,0,93.0
0,0,1750939752.0,3,0,3,1,1,2,4,12,3,0,177.0
0,0,1739275367.0,2,0,2,2,1,1,9,12,1,0,108.0
0,0,1754646163.0,2,0,2,1,3,15,5,9,4,0,152.0
0,0,1741472752.0,2,0,2,1,1,1,8,22,5,1,20.0
0,0,1770404960.0,1,0,1,3,5,1,9,19,4,0,37.0
0,0,1736213066.0,0,0,0,3,2,6,5,1,1,0,146.0
0,0,1760080284.0,1,0,1,1,6,1,4,7,4,0,187.0
0,0,1746247270.0,2,0,2,5,4,5,4,4,5,1,71.0
0,0,1741734918.0,0,0,0,2,2,10,9,23,1,0,201.0
0,0,1745114561.0,3,0,3,3,4,1,9,2,6,1,200.0
0,0,1759908161.0,2,0,2,1,4,2,5,7,2,0,132.0
0,0,1743494345.0,2,0,2,0,6,2,8,7,1,0,228.0
0,0,1736566067.0,1,0,1,3,4,2,4,3,5,1,26.0
0,0,1737074202.0,3,0,3,5,4,11,5,0,4,0,44.0
0,0,1772627705.0,3,0,3,5,2,4,4,12,2,0,26.0
0,0,1765248131.0,1,0,1,5,6,3,0,2,1,0,116.0
0,0,1750229507.0,3,0,3,3,3,2,5,6,2,0,147.0
0,0,1765639899.0,2,0,2,0,6,2,4,15,5,1,19.0
0,0,1758589422.0,2,0,2,3,4,2,0,1,1,0,140.0
0,0,1740212674.0,3,0,3,2,4,6,4,8,5,1,111.0
0,0,1748187995.0,3,0,3,2,6,4,9,15,6,1,43.0
0,0,1762991444.0,1,0,1,2,4,3,0,23,2,0,163.0
0,0,1766631480.0,1,0,1,0,4,1,8,2,3,0,59.0
0,0,1772787520.0,1,0,1,3,5,3,5,8,4,0,32.0
0,0,1741974289.0,0,0,0,3,2,4,8,17,4,0,46.0
0,0,1737493269.0,1,0,1,0,2,4,5,21,1,0,37.0
0,0,1743509534.0,3,0,3,0,1,1,8,12,1,0,2.0
0,0,1740553272.0,3,0,3,2,4,10,8,7,2,0,97.0
0,0,1769569789.0,2,0,2,3,6,1,4,3,2,0,26.0
0,0,1744982194.0,2,0,2,0,2,0,5,13,4,0,60.0
0,0,1744845050.0,2,0,2,2,4,2,4,23,2,0,101.0
0,0,1761977531.0,1,0,1,2,6,6,5,6,5,1,172.0
0,0,1756972472.0,1,0,1,2,4,0,4,7,3,0,19.0
0,0,1749243598.0,0,0,0,4,1,10,8,20,4,0,14.0
0,0,1752772943.0,1,0,1,5,1,2,9,17,3,0,191.0
0,0,1738256731.0,0,0,0,5,5,3,4,17,3,0,120.0
0,0,1753871076.0,3,0,3,5,5,2,9,10,2,0,60.0
0,0,1739250657.0,2,0,2,4,3,2,8,5,1,0,6.0
0,0,1759907731.0,1,0,1,0,3,10,9,7,2,0,150.0
0,0,1762092077.0,1,0,1,0,2,11,0,14,6,1,114.0
0,0,1740140640.0,2,0,2,0,4,6,0,12,4,0,168.0
0,0,1740989861.0,0,0,0,1,4,0,9,8,0,0,217.0
0,0,1753126789.0,3,0,3,2,1,0,4,19,0,0,169.0
0,0,1741726468.0,2,0,2,2,5,10,0,20,1,0,114.0
0,0,1746234729.0,1,0,1,0,1,2,4,1,5,1,103.0
0,0,1762464551.0,0,0,0,1,5,2,0,21,3,0,201.0
0,0,1742453446.0,0,0,0,0,2,4,0,6,3,0,74.0
0,0,1742581100.0,3,0,3,2,4,2,8,18,4,0,12.0
0,0,1768676997.0,0,0,0,5,3,4,8,19,5,1,20.0
0,0,1744473987.0,0,0,0,5,3,3,4,16,5,1,16.0
0,0,1738249126.0,0,0,0,2,3,10,0,14,3,0,146.0
0,0,1772604952.0,3,0,3,3,3,4,4,6,2,0,129.0
0,0,1763198700.0,2,0,2,2,3,1,4,9,5,1,141.0
0,0,1746962121.0,0,0,0,0,4,2,0,11,6,1,51.0
0,0,1767990145.0,1,0,1,4,1,10,5,20,4,0,127.0
0,0,1743142621.0,2,0,2,1,2,0,5,6,4,0,2.0
0,0,1752793084.0,3,0,3,2,5,3,5,22,3,0,161.0
7,0,1761371974.0,1,1,1,2,2,11,9,5,5,1,42.0
0,0,1748367025.0,1,0,1,5,3,2,5,17,1,0,109.0
0,0,1763111601.0,2,0,2,0,4,1,0,9,4,0,186.0
0,0,1752133225.0,0,0,0,3,4,10,0,7,3,0,239.0
0,0,1761094027.0,2,0,2,5,3,6,4,0,2,0,150.0
0,0,1742223765.0,1,0,1,1,2,3,8,15,0,0,226.0
0,0,1742461529.0,0,0,0,4,3,0,5,9,3,0,107.0
0,0,1738104966.0,1,0,1,0,4,2,4,22,1,0,131.0
0,0,1736181260.0,3,0,3,3,1,3,8,16,0,0,17.0
0,0,1745340978.0,0,0,0,3,5,3,4,16,1,0,239.0
0,0,1770977792.0,2,0,2,1,4,0,9,10,4,0,16.0
0,0,1750810240.0,2,0,2,1,3,2,9,0,2,0,202.0
0,0,1742277874.0,3,0,3,3,4,2,9,6,1,0,233.0
0,0,1755545325.0,3,0,3,3,6,2,0,19,0,0,101.0
0,0,1736686873.0,0,0,0,2,2,5,4,13,6,1,92.0
0,0,1743429623.0,1,0,1,0,5,1,4,14,0,0,99.0
0,0,1753858303.0,3,0,3,4,4,2,9,6,2,0,153.0
0,0,1739003011.0,1,0,1,0,5,7,8,8,5,1,5.0
0,0,1739748965.0,0,0,0,3,3,6,4,23,6,1,106.0
0,0,1751881773.0,3,0,3,4,2,2,4,9,0,0,152.0
0,0,1742857705.0,1,0,1,5,5,1,8,23,0,0,127.0
0,0,1749665140.0,1,0,1,2,4,11,5,18,2,0,132.0
0,0,1770077772.0,0,0,0,2,3,10,9,0,1,0,113.0
0,0,1752245449.0,0,0,0,2,1,10,5,14,4,0,142.0
0,0,1739023690.0,2,0,2,5,4,2,5,14,5,1,34.0
0,0,1759844548.0,0,0,0,3,2,11,4,13,1,0,72.0
0,0,1741002552.0,3,0,3,3,3,4,0,11,0,0,32.0
0,0,1760464303.0,3,0,3,1,6,0,4,17,1,0,149.0
0,0,1739258310.0,0,0,0,3,6,4,0,7,1,0,148.0
0,0,1759423262.0,2,0,2,0,1,1,9,16,3,0,190.0
0,0,1738101835.0,3,0,3,4,6,2,9,22,1,0,92.0
0,0,1748199396.0,3,0,3,4,6,15,8,18,6,1,103.0
0,0,1737400372.0,3,0,3,3,1,6,5,19,0,0,76.0
7,0,1736097960.0,2,1,2,2,1,2,9,17,6,1,13.0
0,0,1737650681.0,1,0,1,3,6,15,0,16,3,0,237.0
0,0,1740737338.0,0,0,0,5,3,11,0,10,4,0,174.0
0,0,1765940779.0,1,0,1,3,5,6,0,3,2,0,137.0
0,0,1761900822.0,3,0,3,2,1,2,5,8,4,0,214.0
0,0,1762148927.0,2,0,2,4,4,3,5,5,0,0,202.0
0,0,1751814859.0,0,0,0,1,5,10,5,15,6,1,171.0
0,0,1744421340.0,0,0,0,4,4,3,8,1,5,1,129.0
0,0,1742432701.0,1,0,1,5,6,2,0,1,3,0,24.0
0,0,1751980918.0,0,0,0,3,6,2,5,13,1,0,166.0
0,0,1745086703.0,2,0,2,2,4,15,0,18,5,1,171.0
0,0,1757580775.0,2,0,2,3,4,2,4,8,3,0,36.0
0,0,1770719513.0,1,0,1,4,5,6,5,10,1,0,87.0
0,0,1765361733.0,0,0,0,0,5,2,5,10,2,0,219.0
0,0,1739209684.0,0,0,0,5,1,4,0,17,0,0,62.0
0,0,1744463371.0,0,0,0,1,3,2,9,13,5,1,105.0
0,0,1750033300.0,1,0,1,1,6,3,0,0,0,0,15.0
0,0,1751353105.0,3,0,3,5,6,0,9,6,1,0,93.0
0,0,1767724281.0,0,0,0,4,1,11,4,18,1,0,59.0
0,0,1747968279.0,0,0,0,0,1,4,9,2,4,0,33.0
0,0,1760006540.0,1,0,1,2,1,4,0,10,3,0,22.0
0,0,1753555440.0,0,0,0,3,1,0,5,18,5,1,97.0
0,0,1746114306.0,3,0,3,5,5,6,0,15,3,0,129.0
7,0,1754526030.0,3,1,3,0,4,0,4,0,3,0,41.0
0,0,1741819727.0,3,0,3,1,1,3,9,22,2,0,111.0
0,0,1765360356.0,1,0,1,0,4,10,5,9,2,0,57.0
0,0,1740921320.0,2,0,2,2,2,1,0,13,6,1,175.0
0,0,1772021013.0,1,0,1,0,1,6,9,12,2,0,20.0
0,0,1753141586.0,3,0,3,2,2,2,4,23,0,0,51.0
0,0,1745583032.0,0,0,0,4,2,3,8,12,4,0,136.0
0,0,1768221523.0,1,0,1,5,4,2,0,12,0,0,201.0
0,0,1741815440.0,2,0,2,0,6,10,4,21,2,0,121.0
7,0,1761217117.0,3,1,3,0,6,11,5,10,3,0,206.0
0,0,1767073283.0,2,0,2,3,6,2,4,5,1,0,188.0
0,0,1740939347.0,3,0,3,1,1,2,5,18,6,1,192.0
0,0,1743034641.0,1,0,1,5,1,15,9,0,3,0,200.0
0,0,1768319640.0,2,0,2,3,6,11,0,15,1,0,31.0
0,0,1753245504.0,2,0,2,2,3,10,8,4,2,0,123.0
0,0,1770773332.0,2,0,2,4,6,1,4,1,2,0,198.0
0,0,1737899978.0,0,0,0,5,3,6,4,13,6,1,148.0
0,0,1743827386.0,1,0,1,3,3,2,9,4,5,1,217.0
0,0,1749069885.0,3,0,3,2,4,3,5,20,2,0,121.0
0,0,1745580855.0,2,0,2,1,1,3,4,11,4,0,236.0
0,0,1767969004.0,3,0,3,2,6,6,0,14,4,0,232.0
0,0,1770348073.0,1,0,1,1,3,3,5,3,4,0,160.0
0,0,1772430472.0,1,0,1,5,5,2,9,5,0,0,212.0
0,0,1740307273.0,0,0,0,4,6,3,9,10,6,1,27.0
0,0,1772266073.0,2,0,2,2,5,6,0,8,5,1,209.0
0,0,1737135890.0,3,0,3,0,2,6,9,17,4,0,223.0
0,0,1737243640.0,0,0,0,0,3,2,9,23,5,1,90.0
0,0,1746698179.0,1,0,1,1,4,2,9,9,3,0,134.0
0,0,1758220229.0,3,0,3,3,4,1,0,18,3,0,32.0
0,0,1768576142.0,0,0,0,0,2,6,8,15,4,0,212.0
0,0,1753187331.0,3,0,3,0,4,6,4,12,1,0,72.0
0,0,1756028641.0,1,0,1,5,6,0,4,9,6,1,134.0
0,0,1741565101.0,3,0,3,5,5,3,8,0,0,0,176.0
0,0,1762839300.0,2,0,2,5,1,10,8,5,1,0,11.0
0,0,1754450963.0,3,0,3,5,4,2,4,3,2,0,176.0
0,0,1753789756.0,1,0,1,3,2,2,4,11,1,0,70.0
0,0,1768591179.0,2,0,2,0,5,2,8,19,4,0,147.0
0,0,1737466224.0,3,0,3,2,3,2,8,13,1,0,81.0
0,0,1758858756.0,1,0,1,5,6,2,9,3,4,0,230.0
0,0,1763068155.0,2,0,2,0,3,10,8,21,3,0,161.0
0,0,1748639587.0,3,0,3,4,6,2,9,21,4,0,191.0
7,0,1771692849.0,0,1,0,3,2,0,9,16,5,1,221.0
0,0,1769493871.0,0,0,0,3,1,4,8,6,1,0,172.0
0,0,1745937116.0,1,0,1,2,1,6,5,14,1,0,211.0
0,0,1771539788.0,2,0,2,4,6,0,9,22,3,0,229.0
0,0,1739050833.0,0,0,0,1,6,1,9,21,5,1,213.0
0,0,1736308213.0,0,0,0,1,3,2,9,3,2,0,235.0
0,0,1756822103.0,0,0,0,0,6,3,5,14,1,0,51.0
0,0,1758625936.0,3,0,3,4,6,3,5,11,1,0,197.0
0,0,1763585506.0,2,0,2,1,6,1,8,20,2,0,47.0
0,0,1769475292.0,1,0,1,4,3,1,5,0,1,0,170.0
0,0,1759105641.0,0,0,0,0,3,2,9,0,0,0,164.0
0,0,1762373765.0,0,0,0,5,6,2,0,20,2,0,164.0
0,0,1745490802.0,3,0,3,1,5,2,9,10,3,0,105.0
0,0,1750569835.0,0,0,0,2,1,3,4,5,6,1,102.0
0,0,1759927556.0,3,0,3,4,1,10,9,12,2,0,192.0
0,0,1742600030.0,0,0,0,2,3,2,9,23,4,0,238.0
0,0,1738751147.0,3,0,3,4,5,4,8,10,2,0,52.0
0,0,1766388323.0,0,0,0,1,1,2,0,7,0,0,166.0
0,0,1742998612.0,1,0,1,4,5,2,4,14,2,0,29.0
0,0,1747800045.0,3,0,3,0,3,6,0,4,2,0,143.0
0,0,1736471988.0,2,0,2,1,4,2,5,1,4,0,118.0
7,0,1756989046.0,3,1,3,2,4,15,5,12,3,0,77.0
0,0,1742480519.0,3,0,3,1,2,1,5,14,3,0,131.0
0,0,1755990131.0,0,0,0,1,1,3,0,23,5,1,147.0
0,0,1760044747.0,1,0,1,4,2,3,4,21,3,0,240.0
0,0,1736649249.0,3,0,3,0,2,3,4,2,6,1,217.0
0,0,1751335986.0,1,0,1,2,5,1,9,2,1,0,205.0
0,0,1769809521.0,3,0,3,1,5,2,0,21,4,0,198.0
0,0,1761958310.0,0,0,0,1,2,2,9,0,5,1,141.0
0,0,1739637835.0,1,0,1,3,6,0,4,16,5,1,216.0
7,0,1740678317.0,3,1,3,0,3,0,9,17,3,0,149.0
0,0,1741681513.0,1,0,1,4,3,15,4,8,1,0,12.0
0,0,1762806315.0,1,0,1,3,6,1,5,20,0,0,236.0
0,0,1762432932.0,2,0,2,0,2,11,0,12,3,0,56.0
0,0,1750233120.0,2,0,2,0,6,2,5,7,2,0,21.0
0,0,1767993746.0,3,0,3,1,1,10,4,21,4,0,24.0
0,0,1753767426.0,0,0,0,3,5,10,9,5,1,0,117.0
0,0,1765532579.0,3,0,3,2,5,3,9,9,4,0,204.0
0,0,1737627878.0,2,0,2,5,5,2,9,10,3,0,149.0
0,0,1769128702.0,2,0,2,2,6,1,4,0,4,0,139.0
0,0,1768614873.0,1,0,1,2,1,2,9,1,5,1,2.0
0,0,1771677952.0,2,0,2,4,1,2,9,12,5,1,27.0
0,0,1764494808.0,0,0,0,5,4,10,8,9,6,1,42.0
0,0,1741241774.0,0,0,0,3,6,1,0,6,3,0,111.0
0,0,1771737417.0,1,0,1,3,1,5,0,5,6,1,40.0
0,0,1759662507.0,1,0,1,0,2,11,9,11,6,1,157.0
0,0,1746743593.0,2,0,2,0,5,6,4,22,3,0,162.0
0,0,1736695397.0,1,0,1,3,5,2,4,15,6,1,8.0
0,0,1746470353.0,2,0,2,0,6,2,5,18,0,0,170.0
0,0,1759961455.0,1,0,1,2,2,2,8,22,2,0,213.0
0,0,1753718197.0,1,0,1,4,3,2,5,15,0,0,101.0
0,0,1756946262.0,3,0,3,0,2,0,9,0,3,0,100.0
0,0,1740497001.0,3,0,3,5,5,11,8,15,1,0,103.0
0,0,1746132963.0,2,0,2,3,6,2,0,20,3,0,129.0
0,0,1741735198.0,0,0,0,0,2,2,0,23,1,0,140.0
0,0,1769780330.0,1,0,1,1,3,2,4,13,4,0,140.0
7,0,1755598226.0,3,1,3,0,1,1,9,10,1,0,95.0
0,0,1771167919.0,2,0,2,3,2,15,8,15,6,1,121.0
0,0,1768049138.0,2,0,2,1,5,1,8,12,5,1,240.0
0,0,1764073582.0,3,0,3,2,3,2,9,12,1,0,11.0
0,0,1749889949.0,1,0,1,4,2,3,8,8,5,1,155.0
0,0,1764612909.0,1,0,1,3,5,3,5,18,0,0,136.0
7,0,1735839911.0,3,1,3,1,6,4,9,17,3,0,125.0
0,0,1757160913.0,0,0,0,0,3,5,4,12,5,1,52.0
0,0,1738052943.0,1,0,1,4,6,10,4,8,1,0,15.0
0,0,1739966792.0,0,0,0,4,1,1,4,12,2,0,79.0
0,0,1737475579.0,2,0,2,5,1,10,0,16,1,0,179.0
0,0,1752360196.0,1,0,1,5,2,10,9,22,5,1,94.0
0,0,1761674387.0,1,0,1,1,6,0,9,17,1,0,42.0
0,0,1746770812.0,1,0,1,0,5,1,8,6,4,0,134.0
0,0,1763551671.0,1,0,1,2,4,3,5,11,2,0,72.0
0,0,1761194453.0,1,0,1,0,2,2,4,4,3,0,4.0
0,0,1740698785.0,0,0,0,3,2,1,9,23,3,0,163.0
0,0,1768631654.0,1,0,1,3,2,4,5,6,5,1,46.0
0,0,1742969966.0,2,0,2,5,5,11,9,6,2,0,202.0
0,0,1737796476.0,3,0,3,2,3,2,9,9,5,1,3.0
0,0,1757133741.0,1,0,1,0,4,10,9,4,5,1,129.0
0,0,1771188750.0,3,0,3,1,5,4,4,20,6,1,153.0
0,0,1764572528.0,1,0,1,5,4,2,0,7,0,0,30.0
0,0,1760841997.0,2,0,2,3,2,1,9,2,6,1,13.0
0,0,1770294801.0,2,0,2,1,5,2,5,12,3,0,162.0
0,0,1764247865.0,2,0,2,0,1,3,5,12,3,0,38.0
0,0,1759108604.0,2,0,2,5,5,2,4,1,0,0,17.0
0,0,1748255446.0,2,0,2,5,6,1,0,10,0,0,162.0
0,0,1742522498.0,1,0,1,1,4,10,0,2,4,0,142.0
0,0,1753547729.0,1,0,1,5,3,2,4,16,5,1,220.0
0,0,1769062780.0,0,0,0,4,1,5,0,6,3,0,184.0
0,0,1739402839.0,1,0,1,1,6,2,5,23,2,0,26.0
0,0,1744369414.0,2,0,2,3,1,1,4,11,4,0,198.0
0,0,1744797001.0,2,0,2,3,2,10,0,9,2,0,74.0
0,0,1763613038.0,0,0,0,1,6,6,4,4,3,0,159.0
0,0,1753198379.0,0,0,0,5,5,15,4,15,1,0,11.0
0,0,1738096228.0,1,0,1,4,2,10,4,20,1,0,212.0
0,0,1751939013.0,1,0,1,1,2,3,4,1,1,0,111.0
0,0,1760080887.0,3,0,3,4,6,2,0,7,4,0,148.0
0,0,1766232845.0,2,0,2,1,6,3,5,12,5,1,153.0
0,0,1763490115.0,2,0,2,1,2,7,4,18,1,0,11.0
0,0,1764664486.0,1,0,1,0,1,1,0,8,1,0,225.0
0,0,1742120517.0,0,0,0,4,2,7,0,10,6,1,235.0
0,0,1737121731.0,3,0,3,1,5,10,9,13,4,0,46.0
0,0,1760922872.0,2,0,2,3,2,1,4,1,0,0,81.0
0,0,1739218908.0,1,0,1,0,5,0,4,20,0,0,39.0
7,0,1740786119.0,2,1,2,2,3,0,9,23,4,0,144.0
0,0,1748386423.0,3,0,3,4,4,3,0,22,1,0,239.0
0,0,1770269003.0,3,0,3,1,6,2,9,5,3,0,115.0
7,0,1746117251.0,1,1,1,4,3,1,8,16,3,0,23.0
0,0,1759574864.0,2,0,2,3,3,1,5,10,5,1,86.0
0,0,1755457295.0,2,0,2,4,2,15,0,19,6,1,235.0
0,0,1758089600.0,1,0,1,1,2,3,8,6,2,0,11.0
0,0,1768251622.0,0,0,0,4,2,0,0,21,0,0,110.0
0,0,1768573457.0,1,0,1,5,4,3,9,14,4,0,149.0
0,0,1762793067.0,0,0,0,4,6,5,4,16,0,0,119.0
0,0,1752297616.0,3,0,3,4,3,2,4,5,5,1,239.0
0,0,1769008536.0,1,0,1,1,5,6,5,15,2,0,139.0
0,0,1749951688.0,2,0,2,5,3,2,8,1,6,1,140.0
0,0,1747117604.0,3,0,3,2,1,5,0,6,1,0,90.0
0,0,1760113546.0,3,0,3,4,4,4,0,16,4,0,133.0
0,0,1769558509.0,3,0,3,2,2,2,5,0,2,0,72.0
0,0,1763351015.0,1,0,1,2,1,2,8,3,0,0,40.0
7,0,1755908041.0,2,1,2,0,5,11,4,0,5,1,193.0
0,0,1747062846.0,3,0,3,5,2,11,4,15,0,0,109.0
0,0,1772109267.0,1,0,1,0,2,2,8,12,3,0,15.0
0,0,1758020493.0,0,0,0,4,6,10,0,11,1,0,120.0
0,0,1752543424.0,3,0,3,4,2,10,0,1,1,0,58.0
0,0,1767259637.0,2,0,2,0,5,10,0,9,3,0,139.0
7,0,1740411752.0,1,1,1,2,6,11,0,15,0,0,23.0
0,0,1739582936.0,3,0,3,5,3,1,9,1,5,1,28.0
0,0,1748768681.0,3,0,3,3,2,2,0,9,6,1,190.0
0,0,1740795586.0,2,0,2,2,4,1,8,2,5,1,6.0
0,0,1771601315.0,1,0,1,5,4,2,8,15,4,0,101.0
0,0,1764280482.0,0,0,0,2,5,6,5,21,3,0,115.0
0,0,1759587629.0,0,0,0,0,3,1,5,14,5,1,4.0
0,0,1760337561.0,2,0,2,2,1,2,4,6,0,0,218.0
0,0,1760522564.0,1,0,1,3,1,3,8,10,2,0,132.0
0,0,1751670190.0,1,0,1,0,4,3,4,23,4,0,84.0
0,0,1736145217.0,1,0,1,1,1,10,4,6,0,0,162.0
0,0,1751339964.0,2,0,2,5,5,2,5,3,1,0,3.0
0,0,1741818744.0,0,0,0,5,2,4,5,22,2,0,64.0
0,0,1759733455.0,0,0,0,1,5,10,5,6,0,0,125.0
0,0,1759634325.0,2,0,2,3,3,10,0,3,6,1,69.0
0,0,1741552328.0,2,0,2,0,2,2,5,20,6,1,152.0
0,0,1748667390.0,1,0,1,5,6,6,8,4,5,1,50.0
0,0,1745338183.0,0,0,0,1,5,3,5,16,1,0,196.0
0,0,1740957385.0,1,0,1,1,1,11,0,23,6,1,35.0
0,0,1766661583.0,3,0,3,1,2,0,4,11,3,0,207.0
0,0,1765428961.0,1,0,1,4,5,10,4,4,3,0,185.0
0,0,1735742134.0,2,0,2,3,4,4,5,14,2,0,36.0
0,0,1762502006.0,2,0,2,4,2,4,5,7,4,0,125.0
0,0,1767635497.0,1,0,1,3,2,5,8,17,0,0,93.0
0,0,1767134645.0,3,0,3,1,3,6,5,22,1,0,106.0
0,0,1747846815.0,0,0,0,1,3,1,8,17,2,0,28.0
0,0,1759029854.0,3,0,3,4,5,4,8,3,6,1,237.0
0,0,1751586846.0,0,0,0,3,5,7,0,23,3,0,166.0
0,0,1747408498.0,1,0,1,4,2,6,8,15,4,0,217.0
0,0,1756313622.0,2,0,2,0,3,3,4,16,2,0,147.0
0,0,1769976439.0,2,0,2,1,2,6,5,20,6,1,121.0
0,0,1752016222.0,2,0,2,2,5,4,9,23,1,0,185.0
0,0,1752021155.0,2,0,2,2,4,1,0,0,2,0,150.0
0,0,1754209857.0,3,0,3,4,1,1,4,8,6,1,25.0
7,0,1738956378.0,2,1,2,0,4,5,4,19,4,0,4.0
0,0,1744723839.0,0,0,0,3,6,3,5,13,1,0,139.0
0,0,1761355750.0,1,0,1,0,3,11,4,1,5,1,188.0
0,0,1759356217.0,0,0,0,3,2,3,9,22,2,0,183.0
0,0,1754570993.0,3,0,3,2,5,6,4,12,3,0,194.0
0,0,1762169189.0,0,0,0,5,4,2,8,11,0,0,84.0
0,0,1759209184.0,0,0,0,3,2,3,8,5,1,0,20.0
0,0,1759699050.0,2,0,2,5,5,2,8,21,6,1,46.0
0,0,1743378247.0,0,0,0,5,5,2,8,23,6,1,131.0
0,0,1764064347.0,1,0,1,1,6,10,5,9,1,0,15.0
0,0,1759897260.0,0,0,0,1,4,10,5,4,2,0,95.0
0,0,1745278502.0,2,0,2,1,4,3,4,23,0,0,51.0
0,0,1761997023.0,1,0,1,0,1,0,9,11,5,1,232.0
0,0,1744144165.0,3,0,3,3,4,2,0,20,1,0,88.0
0,0,1749904392.0,1,0,1,5,1,10,9,12,5,1,91.0
0,0,1765818997.0,1,0,1,0,2,3,9,17,0,0,51.0
0,0,1764740979.0,1,0,1,4,5,0,9,5,2,0,29.0
0,0,1752553677.0,0,0,0,2,1,2,8,4,1,0,173.0
0,0,1746391119.0,0,0,0,3,4,2,9,20,6,1,207.0
0,0,1767566832.0,0,0,0,0,6,2,9,22,6,1,196.0
0,0,1737083017.0,0,0,0,5,6,1,4,3,4,0,86.0
0,0,1756412332.0,1,0,1,3,4,5,8,20,3,0,216.0
0,0,1755499576.0,2,0,2,4,5,2,9,6,0,0,114.0
0,0,1760412835.0,3,0,3,2,3,4,8,3,1,0,190.0
0,0,1749950012.0,2,0,2,0,4,1,5,1,6,1,190.0
0,0,1767980256.0,3,0,3,4,5,6,4,17,4,0,104.0
0,0,1758653296.0,1,0,1,5,5,2,8,18,1,0,64.0
0,0,1761720396.0,1,0,1,1,6,0,8,6,2,0,82.0
0,0,1743948512.0,2,0,2,4,1,1,9,14,6,1,226.0
0,0,1759861452.0,0,0,0,1,6,2,9,18,1,0,182.0
0,0,1772560803.0,2,0,2,1,5,3,9,18,1,0,89.0
0,0,1762758327.0,0,0,0,0,2,4,5,7,0,0,3.0
0,0,1762101953.0,3,0,3,5,2,6,4,16,6,1,173.0
0,0,1749494852.0,3,0,3,0,5,4,4,18,0,0,234.0
0,0,1754374269.0,0,0,0,5,6,4,4,6,1,0,227.0
7,0,1742742456.0,2,1,2,0,2,10,4,15,6,1,210.0
0,0,1754925651.0,0,0,0,5,5,3,8,15,0,0,110.0
0,0,1748467259.0,2,0,2,1,4,0,4,21,2,0,42.0
0,0,1746476630.0,2,0,2,5,6,0,5,20,0,0,215.0
0,0,1745698900.0,3,0,3,3,2,3,5,20,5,1,124.0
0,0,1744986581.0,3,0,3,3,1,6,4,14,4,0,186.0
0,0,1759925693.0,3,0,3,5,1,0,4,12,2,0,44.0
0,0,1772042329.0,0,0,0,3,2,2,0,17,2,0,21.0
0,0,1751502318.0,1,0,1,3,4,2,5,0,3,0,64.0
0,0,1736700812.0,1,0,1,0,5,3,9,16,6,1,56.0
0,0,1756058311.0,2,0,2,4,5,4,0,17,6,1,213.0
0,0,1747945801.0,0,0,0,1,1,1,0,20,3,0,201.0
0,0,1749299782.0,2,0,2,5,6,3,5,12,5,1,100.0
0,0,1759783069.0,3,0,3,1,2,2,8,20,0,0,179.0
0,0,1767767589.0,1,0,1,3,5,5,0,6,2,0,236.0
0,0,1764034248.0,1,0,1,2,1,1,0,1,1,0,14.0
0,0,1746229324.0,0,0,0,0,3,11,4,23,4,0,122.0
0,0,1752425360.0,1,0,1,4,5,3,8,16,6,1,73.0
0,0,1742266560.0,0,0,0,2,3,2,5,2,1,0,33.0
0,0,1736842162.0,0,0,0,5,1,3,0,8,1,0,117.0
0,0,1748882193.0,2,0,2,2,2,0,0,16,0,0,156.0
0,0,1772781628.0,3,0,3,5,2,11,9,7,4,0,212.0
0,0,1747357038.0,2,0,2,2,3,3,9,0,4,0,122.0
0,0,1755384180.0,0,0,0,1,4,2,5,22,5,1,87.0
0,0,1766120517.0,3,0,3,3,4,2,4,5,4,0,227.0
0,0,1771557093.0,3,0,3,1,2,5,9,3,4,0,51.0
0,0,1737941054.0,0,0,0,0,1,2,9,1,0,0,50.0
0,0,1742094460.0,1,0,1,3,6,6,9,3,6,1,134.0
0,0,1758523885.0,2,0,2,4,4,6,0,6,0,0,91.0
0,0,1737310527.0,0,0,0,5,4,2,9,18,6,1,27.0
0,0,1754699079.0,2,0,2,0,5,1,5,0,5,1,132.0
0,0,1761546641.0,1,0,1,0,6,3,8,6,0,0,105.0
0,0,1759646295.0,2,0,2,0,2,3,4,6,6,1,2.0
7,0,1746014542.0,2,1,2,2,5,0,8,12,2,0,56.0
0,0,1763918306.0,1,0,1,2,6,2,8,17,6,1,25.0
0,0,1735805580.0,1,0,1,1,6,2,4,8,3,0,38.0
0,0,1740563061.0,1,0,1,5,4,2,4,9,2,0,57.0
0,0,1738858327.0,2,0,2,1,3,3,8,16,3,0,96.0
0,0,1768781114.0,2,0,2,3,3,2,4,0,0,0,161.0
0,0,1739447120.0,1,0,1,1,1,1,8,11,3,0,188.0
7,0,1749226537.0,0,1,0,4,4,3,5,16,4,0,56.0
0,0,1768834074.0,3,0,3,3,2,2,5,14,0,0,165.0
0,0,1739269253.0,0,0,0,0,4,6,8,10,1,0,78.0
0,0,1766882002.0,3,0,3,1,6,15,9,0,6,1,208.0
0,0,1743746820.0,1,0,1,4,2,6,5,6,4,0,226.0
0,0,1744898135.0,1,0,1,5,2,3,8,13,3,0,4.0
0,0,1768611435.0,3,0,3,0,5,6,8,0,5,1,185.0
0,0,1770454030.0,3,0,3,0,3,3,0,8,5,1,81.0
0,0,1736049577.0,3,0,3,1,3,4,0,3,6,1,50.0
0,0,1741439415.0,2,0,2,4,1,3,0,13,5,1,192.0
0,0,1739472591.0,1,0,1,1,4,2,8,18,3,0,151.0
0,0,1767954981.0,1,0,1,1,3,4,9,10,4,0,200.0
0,0,1749830929.0,0,0,0,2,4,1,4,16,4,0,36.0
0,0,1742860762.0,1,0,1,5,3,2,5,23,0,0,104.0
7,0,1739162087.0,1,1,1,2,2,1,0,4,0,0,172.0
0,0,1751574175.0,0,0,0,3,5,2,0,20,3,0,158.0
0,0,1754493656.0,0,0,0,2,5,2,8,15,2,0,87.0
0,0,1771771152.0,3,0,3,3,2,6,4,14,6,1,125.0
0,0,1761850618.0,3,0,3,1,3,1,4,18,3,0,216.0
0,0,1759939022.0,2,0,2,5,3,10,5,15,2,0,69.0
0,0,1741209433.0,1,0,1,5,3,2,9,21,2,0,102.0
0,0,1744154557.0,0,0,0,4,1,2,4,23,1,0,22.0
0,0,1762314071.0,3,0,3,1,6,3,0,3,2,0,215.0
0,0,1747960136.0,1,0,1,2,5,0,5,0,4,0,223.0
0,0,1746921205.0,3,0,3,0,1,1,9,23,5,1,49.0
0,0,1770042492.0,2,0,2,5,4,0,9,14,0,0,174.0
0,0,1764564913.0,2,0,2,1,4,2,8,4,0,0,228.0
0,0,1766862129.0,2,0,2,0,4,10,8,19,5,1,13.0
0,0,1756620113.0,3,0,3,5,1,4,9,6,6,1,80.0
0,0,1741327374.0,1,0,1,2,5,0,8,6,4,0,74.0
0,0,1746650952.0,2,0,2,4,4,6,8,20,2,0,116.0
0,0,1742124544.0,0,0,0,1,2,2,5,11,6,1,42.0
0,0,1747365863.0,1,0,1,1,5,1,4,3,4,0,205.0
0,0,1743763882.0,2,0,2,3,2,10,8,10,4,0,184.0
0,0,1765563248.0,3,0,3,3,1,2,4,18,4,0,197.0
0,0,1760488223.0,0,0,0,3,4,5,0,0,2,0,121.0
0,0,1739040103.0,1,0,1,4,4,2,8,18,5,1,134.0
0,0,1770738743.0,2,0,2,2,3,0,5,15,1,0,115.0
0,0,1740808667.0,2,0,2,0,6,3,8,5,5,1,86.0
0,0,1767611700.0,0,0,0,2,1,1,9,11,0,0,237.0
0,0,1758048144.0,3,0,3,2,6,10,9,18,1,0,33.0
0,0,1746702608.0,0,0,0,4,6,4,8,11,3,0,116.0
0,0,1751868510.0,1,0,1,2,4,3,5,6,0,0,179.0
0,0,1751128426.0,3,0,3,2,2,10,8,16,5,1,146.0
0,0,1754974151.0,0,0,0,1,2,2,8,4,1,0,105.0
0,0,1757128924.0,0,0,0,5,3,2,9,3,5,1,98.0
0,0,1772171504.0,0,0,0,5,4,2,0,5,4,0,88.0
0,0,1750958849.0,0,0,0,0,3,3,4,17,3,0,55.0
0,0,1753688363.0,0,0,0,2,6,0,4,7,0,0,55.0
0,0,1757491918.0,1,0,1,1,3,10,4,8,2,0,86.0
0,0,1748852328.0,2,0,2,3,2,1,5,8,0,0,219.0
0,0,1763480455.0,1,0,1,5,1,5,4,15,1,0,55.0
0,0,1758411818.0,2,0,2,1,2,3,5,23,5,1,220.0
0,0,1739526396.0,1,0,1,4,5,11,8,9,4,0,119.0
0,0,1760146869.0,2,0,2,5,4,10,8,1,5,1,43.0
0,0,1736361487.0,0,0,0,4,4,1,0,18,2,0,159.0
0,0,1758300328.0,1,0,1,1,1,10,8,16,4,0,31.0
0,0,1762580798.0,2,0,2,3,6,1,8,5,5,1,140.0
0,0,1757833338.0,3,0,3,5,5,11,8,7,6,1,162.0
0,0,1751612379.0,2,0,2,1,2,7,4,6,4,0,117.0
0,0,1752185175.0,2,0,2,1,6,0,9,22,3,0,195.0
0,0,1747528028.0,0,0,0,1,3,1,9,0,6,1,157.0
0,0,1764714529.0,2,0,2,2,3,2,4,22,1,0,188.0
0,0,1750684822.0,1,0,1,2,6,10,4,13,0,0,14.0
0,0,1766428616.0,2,0,2,3,4,10,8,18,0,0,170.0
0,0,1763737912.0,3,0,3,5,1,11,4,15,4,0,134.0
0,0,1740086448.0,2,0,2,2,4,1,0,21,3,0,13.0
0,0,1744682227.0,0,0,0,1,6,6,8,1,1,0,90.0
0,0,1764223271.0,1,0,1,0,4,15,0,6,3,0,3.0
0,0,1755847808.0,0,0,0,5,4,2,5,7,4,0,58.0
0,0,1740038549.0,3,0,3,4,6,1,5,8,3,0,133.0
0,0,1760387635.0,1,0,1,0,3,10,5,20,0,0,23.0
7,0,1771757753.0,1,1,1,3,3,1,8,10,6,1,58.0
0,0,1771562953.0,0,0,0,4,6,4,5,4,4,0,59.0
0,0,1752866187.0,2,0,2,4,3,2,5,19,4,0,185.0
7,0,1758482962.0,2,1,2,1,5,0,0,19,6,1,135.0
0,0,1765265697.0,2,0,2,5,4,4,8,7,1,0,3.0
0,0,1770882614.0,0,0,0,1,1,6,5,7,3,0,159.0
0,0,1742604307.0,3,0,3,5,1,2,0,0,5,1,34.0
0,0,1755776130.0,3,0,3,1,4,3,0,11,3,0,204.0
0,0,1763708547.0,3,0,3,4,1,1,4,7,4,0,135.0
0,0,1762628052.0,0,0,0,4,1,6,0,18,5,1,158.0
0,0,1762362235.0,2,0,2,5,2,10,0,17,2,0,204.0
0,0,1750327352.0,3,0,3,4,6,3,4,10,3,0,227.0
0,0,1770309664.0,2,0,2,1,4,0,0,16,3,0,136.0
0,0,1749469590.0,1,0,1,3,1,4,8,11,0,0,208.0
0,0,1744187648.0,2,0,2,4,1,6,5,8,2,0,35.0
0,0,1766194803.0,0,0,0,3,3,6,9,1,5,1,203.0
0,0,1742653948.0,2,0,2,1,6,0,5,14,5,1,25.0
0,0,1736167638.0,3,0,3,2,3,3,0,12,0,0,22.0
0,0,1740487445.0,3,0,3,4,4,1,9,12,1,0,68.0
0,0,1751548011.0,2,0,2,1,4,1,8,13,3,0,134.0
0,0,1763716338.0,0,0,0,4,2,6,0,9,4,0,89.0
0,0,1760143982.0,1,0,1,5,3,10,8,0,5,1,136.0
0,0,1765305367.0,3,0,3,0,1,6,9,18,1,0,196.0
0,0,1738895191.0,2,0,2,3,6,3,9,2,4,0,33.0
0,0,1766084489.0,3,0,3,0,3,5,9,19,3,0,227.0
0,0,1757710690.0,3,0,3,4,3,1,8,20,4,0,56.0
0,0,1766382754.0,3,0,3,3,3,10,8,5,0,0,186.0
0,0,1771494994.0,3,0,3,2,1,2,4,9,3,0,60.0
0,0,1758622768.0,3,0,3,3,3,3,0,10,1,0,212.0
7,0,1747214883.0,2,1,2,4,4,0,4,9,2,0,18.0
0,0,1772064136.0,2,0,2,0,5,10,8,0,3,0,181.0
0,0,1768720615.0,2,0,2,0,5,1,9,7,6,1,222.0
0,0,1764018106.0,1,0,1,3,6,1,0,21,0,0,165.0
0,0,1768912447.0,2,0,2,4,5,6,4,12,1,0,195.0
0,0,1767617231.0,2,0,2,3,6,1,8,12,0,0,58.0
0,0,1737017333.0,0,0,0,2,6,10,4,8,3,0,193.0
0,0,1762605008.0,0,0,0,0,6,10,8,12,5,1,99.0
0,0,1736253983.0,3,0,3,3,6,3,4,12,1,0,9.0
0,0,1737244537.0,1,0,1,1,4,2,5,23,5,1,62.0
0,0,1771649796.0,0,0,0,4,3,10,5,4,5,1,50.0
0,0,1744930765.0,3,0,3,0,3,10,5,22,3,0,87.0
0,0,1763330715.0,1,0,1,0,1,11,0,22,6,1,50.0
0,0,1764041247.0,3,0,3,5,4,1,9,3,1,0,73.0
7,0,1744947969.0,3,1,3,2,4,15,5,3,4,0,204.0
0,0,1769731252.0,1,0,1,5,4,10,0,0,4,0,208.0
0,0,1763946982.0,3,0,3,1,2,3,8,1,0,0,22.0
0,0,1759434083.0,3,0,3,3,6,1,9,19,3,0,191.0
0,0,1748884154.0,0,0,0,3,4,3,9,17,0,0,168.0
0,0,1769737240.0,1,0,1,0,5,3,8,1,4,0,153.0
0,0,1739153441.0,3,0,3,4,1,2,4,2,0,0,31.0
0,0,1756280500.0,3,0,3,1,1,2,9,7,2,0,138.0
0,0,1746614871.0,1,0,1,0,6,2,9,10,2,0,56.0
0,0,1744354284.0,3,0,3,3,4,0,9,6,4,0,197.0
0,0,1757265434.0,3,0,3,5,6,3,9,17,6,1,96.0
0,0,1751173019.0,3,0,3,0,1,6,5,4,6,1,150.0
0,0,1744492465.0,2,0,2,2,5,10,8,21,5,1,166.0
0,0,1741082513.0,1,0,1,4,2,1,0,10,1,0,171.0
0,0,1767188798.0,3,0,3,3,4,4,0,13,2,0,80.0
0,0,1739022635.0,2,0,2,5,2,11,0,13,5,1,237.0
7,0,1772405580.0,0,1,0,1,4,11,4,22,6,1,188.0
0,0,1756112991.0,2,0,2,1,1,0,9,9,0,0,92.0
0,0,1770306181.0,2,0,2,2,4,10,4,15,3,0,20.0
0,0,1759162824.0,2,0,2,1,2,3,5,16,0,0,90.0
0,0,1742508619.0,2,0,2,2,4,0,8,22,3,0,231.0
0,0,1750440541.0,2,0,2,4,6,4,9,17,4,0,36.0
0,0,1748416858.0,1,0,1,5,2,2,9,7,2,0,6.0
0,0,1767792778.0,2,0,2,0,1,1,9,13,2,0,181.0
0,0,1737124882.0,2,0,2,3,2,2,4,14,4,0,137.0
0,0,1768672895.0,1,0,1,5,3,2,5,18,5,1,158.0
0,0,1765137737.0,2,0,2,0,5,3,5,20,6,1,144.0
0,0,1768926816.0,1,0,1,0,2,2,9,16,1,0,38.0
0,0,1760758257.0,1,0,1,4,1,2,8,3,5,1,37.0
7,0,1738239221.0,1,1,1,1,2,1,8,12,3,0,121.0
0,0,1770781844.0,3,0,3,0,2,4,8,3,2,0,7.0
0,0,1771258460.0,0,0,0,4,1,2,8,16,0,0,5.0
0,0,1741754616.0,0,0,0,4,3,2,8,4,2,0,91.0
0,0,1765508117.0,0,0,0,0,3,2,5,2,4,0,148.0
0,0,1761291747.0,1,0,1,2,5,1,0,7,4,0,115.0
0,0,1762243248.0,0,0,0,0,2,3,8,8,1,0,117.0
0,0,1749954582.0,0,0,0,5,1,1,0,2,6,1,109.0
0,0,1748559632.0,0,0,0,4,6,3,0,23,3,0,208.0
0,0,1753484389.0,1,0,1,3,2,2,5,22,4,0,239.0
0,0,1737412561.0,2,0,2,4,6,6,5,22,0,0,233.0
0,0,1769009673.0,3,0,3,3,5,2,5,15,2,0,178.0
0,0,1743437496.0,0,0,0,2,4,0,0,16,0,0,25.0
0,0,1752766129.0,3,0,3,0,3,10,0,15,3,0,105.0
0,0,1765701201.0,0,0,0,1,1,2,4,8,6,1,161.0
0,0,1770199878.0,2,0,2,0,5,6,8,10,2,0,105.0
0,0,1757201416.0,2,0,2,4,1,5,0,23,5,1,103.0
0,0,1755934463.0,0,0,0,4,3,0,8,7,5,1,28.0
0,0,1742302016.0,0,0,0,2,1,2,4,12,1,0,192.0
0,0,1770878217.0,1,0,1,5,4,2,5,6,3,0,227.0
0,0,1762590753.0,1,0,1,5,1,4,9,8,5,1,152.0
0,0,1739724476.0,2,0,2,3,4,6,0,16,6,1,231.0
0,0,1753389096.0,1,0,1,4,3,2,4,20,3,0,187.0
0,0,1736292328.0,3,0,3,4,5,6,0,23,1,0,20.0
0,0,1747102681.0,2,0,2,1,6,1,0,2,1,0,29.0
0,0,1747485888.0,0,0,0,2,2,7,0,12,5,1,75.0
0,0,1742373707.0,0,0,0,5,5,6,4,8,2,0,183.0
0,0,1769961561.0,1,0,1,5,1,3,0,15,6,1,76.0
0,0,1738390677.0,0,0,0,5,3,1,5,6,5,1,139.0
0,0,1749128971.0,3,0,3,1,5,10,8,13,3,0,53.0
0,0,1748029795.0,2,0,2,4,1,3,9,19,4,0,212.0
0,0,1751118831.0,3,0,3,5,3,5,8,13,5,1,189.0
0,0,1760319589.0,3,0,3,4,5,6,4,1,0,0,113.0
0,0,1763415260.0,2,0,2,2,4,11,5,21,0,0,50.0
0,0,1736007663.0,0,0,0,3,1,15,8,16,5,1,180.0
0,0,1750853117.0,1,0,1,1,4,1,4,12,2,0,240.0
0,0,1752876353.0,1,0,1,5,2,2,9,22,4,0,216.0
0,0,1740144846.0,0,0,0,1,4,1,4,13,4,0,95.0
0,0,1762091987.0,2,0,2,1,5,15,8,13,6,1,236.0
0,0,1769614757.0,1,0,1,5,3,1,5,15,2,0,226.0
0,0,1754804570.0,2,0,2,4,1,2,8,5,6,1,30.0
0,0,1742605943.0,2,0,2,4,6,0,5,1,5,1,199.0
7,0,1739315973.0,1,1,1,0,4,2,9,23,1,0,96.0
0,0,1737778340.0,1,0,1,4,2,15,9,4,5,1,137.0
0,0,1756874942.0,2,0,2,0,1,7,5,4,2,0,3.0
0,0,1750214491.0,3,0,3,4,4,1,5,2,2,0,137.0
0,0,1740937310.0,2,0,2,0,1,10,9,17,6,1,43.0
0,0,1754567470.0,1,0,1,3,3,3,4,11,3,0,204.0
0,0,1752133808.0,3,0,3,4,4,6,9,7,3,0,39.0
0,0,1752681522.0,1,0,1,3,4,2,9,15,2,0,109.0
0,0,1766755133.0,0,0,0,0,2,11,9,13,4,0,86.0
0,0,1747515694.0,2,0,2,4,4,3,8,21,5,1,35.0
0,0,1741985877.0,0,0,0,3,5,2,4,20,4,0,71.0
0,0,1749034582.0,3,0,3,0,5,0,4,10,2,0,126.0
0,0,1735704541.0,2,0,2,5,2,3,0,4,2,0,70.0
0,0,1756096134.0,1,0,1,5,4,3,8,4,0,0,118.0
0,0,1767716984.0,1,0,1,3,5,0,4,16,1,0,133.0
0,0,1748502398.0,2,0,2,0,2,2,8,7,3,0,238.0
0,0,1765138773.0,3,0,3,3,2,3,9,20,6,1,218.0
0,0,1759440240.0,2,0,2,5,2,2,8,21,3,0,74.0
0,0,1751602616.0,1,0,1,5,1,10,9,4,4,0,41.0
0,0,1751526089.0,0,0,0,2,4,3,9,7,3,0,31.0
0,0,1759489001.0,3,0,3,0,4,15,0,10,4,0,79.0
0,0,1741432374.0,3,0,3,4,3,5,9,11,5,1,89.0
0,0,1758647235.0,1,0,1,1,6,6,0,17,1,0,235.0
0,0,1748771191.0,0,0,0,5,6,10,0,9,6,1,4.0
0,0,1771351643.0,1,0,1,2,2,2,8,18,1,0,202.0
0,0,1744747055.0,1,0,1,4,6,3,0,19,1,0,140.0
0,0,1739421618.0,3,0,3,4,3,2,9,4,3,0,186.0
0,0,1771956496.0,1,0,1,4,5,10,8,18,1,0,45.0
0,0,1761429592.0,2,0,2,3,2,2,8,21,5,1,97.0
0,0,1767641351.0,2,0,2,5,5,0,9,19,0,0,46.0
0,0,1742194289.0,3,0,3,0,1,3,4,6,0,0,30.0
0,0,1766415696.0,0,0,0,1,2,6,4,15,0,0,185.0
0,0,1769562996.0,3,0,3,5,2,4,0,1,2,0,96.0
0,0,1737252895.0,0,0,0,1,4,1,0,2,6,1,200.0
0,0,1746528031.0,0,0,0,1,6,10,4,10,1,0,156.0
0,0,1739211828.0,2,0,2,0,4,2,5,18,0,0,61.0
0,0,1739566976.0,1,0,1,5,4,11,4,21,4,0,32.0
0,0,1768370849.0,2,0,2,4,6,2,0,6,2,0,203.0
0,0,1749383839.0,0,0,0,5,3,2,4,11,6,1,100.0
0,0,1741326747.0,2,0,2,1,2,3,9,5,4,0,108.0
0,0,1748430362.0,0,0,0,5,3,1,4,11,2,0,201.0
0,0,1763570440.0,3,0,3,3,3,3,8,16,2,0,143.0
0,0,1760442301.0,3,0,3,1,4,3,0,11,1,0,96.0
0,0,1763766469.0,3,0,3,2,3,3,4,23,4,0,73.0
0,0,1769488823.0,0,0,0,0,2,2,8,4,1,0,195.0
0,0,1735883467.0,3,0,3,2,5,3,0,5,4,0,16.0
0,0,1764000926.0,0,0,0,3,4,1,0,16,0,0,13.0
0,0,1764924191.0,1,0,1,3,4,1,4,8,4,0,194.0
0,0,1764086961.0,2,0,2,4,5,11,4,16,1,0,128.0
0,0,1735793389.0,1,0,1,3,2,2,5,4,3,0,126.0
0,0,1757277731.0,3,0,3,5,5,10,9,20,6,1,193.0
0,0,1739981096.0,2,0,2,0,5,10,0,16,2,0,140.0
0,0,1755684923.0,3,0,3,5,2,0,8,10,2,0,214.0
0,0,1764809069.0,1,0,1,3,3,3,0,0,3,0,42.0
0,0,1757020268.0,3,0,3,5,6,10,8,21,3,0,230.0
0,0,1770063455.0,3,0,3,2,4,6,8,20,0,0,130.0
0,0,1761529009.0,2,0,2,5,6,3,9,1,0,0,157.0
0,0,1743098078.0,0,0,0,3,6,3,4,17,3,0,67.0
0,0,1738697291.0,1,0,1,2,4,11,8,19,1,0,198.0
0,0,1761600310.0,3,0,3,1,1,2,4,21,0,0,86.0
0,0,1753962809.0,2,0,2,0,2,10,4,11,3,0,142.0
0,0,1754555840.0,1,0,1,5,2,2,4,8,3,0,217.0
0,0,1768326116.0,2,0,2,0,4,0,4,17,1,0,239.0
0,0,1762215441.0,2,0,2,4,1,2,0,0,1,0,3.0
0,0,1739280757.0,0,0,0,2,6,3,9,13,1,0,35.0
0,0,1736435196.0,3,0,3,4,6,6,4,15,3,0,231.0
7,0,1752497152.0,3,1,3,3,2,2,8,12,0,0,119.0
7,0,1741080111.0,1,1,1,3,4,2,8,9,1,0,65.0
0,0,1738686297.0,3,0,3,5,2,3,8,16,1,0,74.0
0,0,1772784069.0,2,0,2,5,4,1,5,8,4,0,214.0
0,0,1772485575.0,2,0,2,0,6,2,9,21,0,0,109.0
0,0,1746935549.0,2,0,2,4,6,3,4,3,6,1,222.0
0,0,1753472402.0,3,0,3,3,6,4,4,19,4,0,60.0
0,0,1742745386.0,3,0,3,0,1,3,8,15,6,1,149.0
0,0,1764894838.0,1,0,1,5,1,1,5,0,4,0,158.0
0,0,1739355464.0,0,0,0,0,1,4,5,10,2,0,53.0
0,0,1758116212.0,3,0,3,4,1,2,5,13,2,0,8.0
0,0,1737388774.0,3,0,3,0,1,4,9,15,0,0,199.0
0,0,1744974793.0,1,0,1,0,5,3,5,11,4,0,131.0
0,0,1768246961.0,3,0,3,5,1,0,4,19,0,0,196.0
0,0,1739588463.0,1,0,1,3,2,2,5,3,5,1,163.0
0,0,1757632595.0,3,0,3,2,2,3,8,23,3,0,142.0
0,0,1771401147.0,3,0,3,2,1,3,4,7,2,0,166.0
0,0,1751597835.0,1,0,1,5,3,2,9,2,4,0,110.0
0,0,1750303113.0,2,0,2,2,3,1,4,3,3,0,95.0
0,0,1750205377.0,0,0,0,0,4,2,4,0,2,0,239.0
0,0,1750795088.0,3,0,3,3,4,6,8,19,1,0,224.0
0,0,1772689682.0,1,0,1,1,3,3,8,5,3,0,40.0
0,0,1753583318.0,1,0,1,4,5,2,8,2,6,1,23.0
0,0,1756768142.0,0,0,0,3,5,6,4,23,0,0,30.0
0,0,1766941998.0,1,0,1,2,2,11,5,17,6,1,129.0
0,0,1771437918.0,2,0,2,0,1,11,4,18,2,0,67.0
0,0,1740670731.0,0,0,0,1,2,0,5,15,3,0,17.0
0,0,1738110304.0,0,0,0,1,4,11,9,0,2,0,236.0
0,0,1761165534.0,1,0,1,1,5,2,9,20,2,0,145.0
0,0,1762593459.0,1,0,1,1,6,1,9,9,5,1,38.0
0,0,1748195435.0,3,0,3,2,2,3,8,17,6,1,72.0
0,0,1738725062.0,3,0,3,0,3,2,5,3,2,0,2.0
0,0,1750942800.0,1,0,1,4,3,2,9,13,3,0,76.0
0,0,1768002373.0,1,0,1,5,6,1,9,23,4,0,160.0
0,0,1749148402.0,1,0,1,1,1,6,0,18,3,0,132.0
0,0,1756314728.0,3,0,3,0,4,3,9,17,2,0,167.0
0,0,1739327012.0,0,0,0,2,5,3,9,2,2,0,144.0
0,0,1743336546.0,0,0,0,0,1,1,0,12,6,1,220.0
0,0,1758160350.0,0,0,0,1,4,3,5,1,3,0,9.0
0,0,1740358100.0,2,0,2,3,2,3,4,0,0,0,234.0
0,0,1763173883.0,2,0,2,3,1,6,4,2,5,1,240.0
0,0,1747229515.0,0,0,0,0,3,3,4,13,2,0,59.0
0,0,1762612454.0,1,0,1,1,2,6,8,14,5,1,113.0
0,0,1767158424.0,1,0,1,1,5,3,0,5,2,0,147.0
0,0,1737058284.0,2,0,2,0,4,10,0,20,3,0,101.0
0,0,1760389002.0,2,0,2,0,3,11,4,20,0,0,56.0
0,0,1748532262.0,0,0,0,2,4,6,8,15,3,0,92.0
0,0,1749855927.0,3,0,3,0,2,1,9,23,4,0,5.0
0,0,1751129704.0,3,0,3,3,1,3,5,16,5,1,197.0
0,0,1756624157.0,2,0,2,0,2,2,5,7,6,1,211.0
0,0,1759846741.0,1,0,1,4,3,2,9,14,1,0,175.0
0,0,1739613033.0,2,0,2,1,6,6,4,9,5,1,45.0
0,0,1739572964.0,2,0,2,1,1,10,9,22,4,0,65.0
0,0,1749103979.0,0,0,0,1,5,2,8,6,3,0,219.0
0,0,1754073302.0,3,0,3,0,2,2,0,18,4,0,126.0
0,0,1741973607.0,0,0,0,3,6,2,8,17,4,0,191.0
0,0,1770153722.0,3,0,3,4,5,2,9,21,1,0,112.0
0,0,1740386726.0,2,0,2,1,3,2,4,8,0,0,216.0
0,0,1765727911.0,3,0,3,5,2,2,9,15,6,1,82.0
7,0,1764801504.0,1,1,1,3,6,2,9,22,2,0,172.0
0,0,1759281965.0,0,0,0,5,3,3,4,1,2,0,212.0
0,0,1756097550.0,2,0,2,5,3,3,0,4,0,0,140.0
0,0,1736550723.0,3,0,3,1,1,2,8,23,4,0,120.0
0,0,1746648221.0,1,0,1,1,3,2,9,20,2,0,103.0
0,0,1736971467.0,2,0,2,2,5,3,0,20,2,0,207.0
0,0,1766678763.0,3,0,3,3,2,1,9,16,3,0,33.0
0,0,1765202627.0,2,0,2,0,3,1,4,14,0,0,53.0
0,0,1744874671.0,2,0,2,0,4,6,9,7,3,0,193.0
0,0,1742218743.0,2,0,2,0,1,0,9,13,0,0,185.0
0,0,1751373200.0,1,0,1,5,6,2,8,12,1,0,154.0
0,0,1747861144.0,1,0,1,0,2,3,9,20,2,0,36.0
0,0,1763661761.0,2,0,2,0,5,2,4,18,3,0,90.0
0,0,1750468707.0,2,0,2,4,6,1,0,1,5,1,8.0
0,0,1767006496.0,3,0,3,1,3,6,8,11,0,0,3.0
0,0,1760474773.0,1,0,1,5,5,5,4,20,1,0,52.0
0,0,1755920220.0,2,0,2,1,5,0,9,3,5,1,41.0
0,0,1737632407.0,2,0,2,1,4,4,4,11,3,0,108.0
7,0,1755703090.0,3,1,3,5,3,10,5,15,2,0,94.0
0,0,1770650945.0,1,0,1,5,4,2,0,15,0,0,130.0
0,0,1739324102.0,2,0,2,3,2,0,5,1,2,0,64.0
0,0,1742952132.0,0,0,0,2,1,6,9,1,2,0,227.0
0,0,1736711323.0,2,0,2,2,1,3,9,19,6,1,116.0
0,0,1770443390.0,0,0,0,4,5,2,8,5,5,1,191.0
0,0,1759262257.0,3,0,3,5,6,2,5,19,1,0,74.0
0,0,1762857527.0,3,0,3,5,2,10,9,10,1,0,212.0
0,0,1755177116.0,3,0,3,3,1,3,5,13,3,0,75.0
7,0,1742168472.0,1,1,1,1,4,2,4,23,6,1,28.0
0,0,1767415102.0,1,0,1,5,6,0,5,4,5,1,178.0
0,0,1768433127.0,1,0,1,3,2,2,9,23,2,0,47.0
0,0,1761807964.0,1,0,1,4,3,10,0,7,3,0,37.0
0,0,1760763062.0,2,0,2,0,3,4,8,4,5,1,97.0
0,0,1763644339.0,3,0,3,4,6,6,0,13,3,0,50.0
0,0,1746062176.0,3,0,3,2,4,10,8,1,3,0,102.0
7,0,1761368252.0,1,1,1,5,4,4,9,4,5,1,166.0
0,0,1772555231.0,0,0,0,3,5,11,0,16,1,0,186.0
0,0,1758100447.0,2,0,2,5,2,2,0,9,2,0,48.0
0,0,1756639477.0,0,0,0,0,5,1,5,11,6,1,40.0
0,0,1747020626.0,2,0,2,5,2,2,9,3,0,0,35.0
0,0,1762982233.0,2,0,2,3,5,0,8,21,2,0,216.0
0,0,1742822012.0,1,0,1,2,5,3,9,13,0,0,210.0
0,0,1761051544.0,2,0,2,3,3,2,8,12,1,0,125.0
0,0,1768271352.0,3,0,3,4,4,1,5,2,1,0,62.0
0,0,1739431332.0,0,0,0,1,6,1,5,7,3,0,215.0
0,0,1753111424.0,3,0,3,0,1,2,4,15,0,0,88.0
0,0,1738247891.0,0,0,0,4,2,2,5,14,3,0,113.0
0,0,1744031456.0,1,0,1,4,4,10,4,13,0,0,182.0
0,0,1767763765.0,1,0,1,0,4,4,4,5,2,0,181.0
0,0,1754907979.0,3,0,3,4,3,4,8,10,0,0,223.0
0,0,1765295720.0,1,0,1,1,3,3,9,15,1,0,119.0
0,0,1740032688.0,3,0,3,4,2,2,8,6,3,0,33.0
0,0,1741770849.0,2,0,2,3,2,4,8,9,2,0,105.0
0,0,1744191076.0,2,0,2,0,3,4,4,9,2,0,58.0
0,0,1764365444.0,2,0,2,3,6,0,9,21,4,0,29.0
0,0,1737328376.0,2,0,2,0,6,2,8,23,6,1,215.0
0,0,1768773042.0,0,0,0,0,3,0,9,21,6,1,235.0
0,0,1752487783.0,0,0,0,0,5,3,4,10,0,0,95.0
0,0,1765945518.0,0,0,0,2,6,3,0,4,2,0,85.0
0,0,1763447479.0,3,0,3,2,5,4,0,6,1,0,169.0
0,0,1757919097.0,0,0,0,5,3,7,8,6,0,0,86.0
0,0,1755975264.0,2,0,2,0,1,3,5,18,5,1,18.0
7,0,1751725626.0,1,1,1,2,1,10,9,14,5,1,82.0
0,0,1769758749.0,3,0,3,3,6,3,4,7,4,0,72.0
0,0,1765781587.0,1,0,1,1,2,15,0,6,0,0,167.0
0,0,1759630252.0,3,0,3,5,2,7,9,2,6,1,27.0
0,0,1761142583.0,2,0,2,0,3,0,5,14,2,0,139.0
0,0,1744024689.0,3,0,3,4,1,4,8,11,0,0,20.0
0,0,1772634469.0,0,0,0,2,5,3,8,14,2,0,132.0
0,0,1769433945.0,1,0,1,0,4,2,4,13,0,0,183.0
0,0,1763837538.0,3,0,3,0,3,2,4,18,5,1,23.0
0,0,1748292003.0,1,0,1,0,6,3,4,20,0,0,207.0
0,0,1763207422.0,2,0,2,5,3,3,9,11,5,1,54.0
0,0,1772010339.0,2,0,2,2,1,10,8,9,2,0,131.0
0,0,1754137904.0,1,0,1,5,1,2,5,12,5,1,101.0
0,0,1756083367.0,3,0,3,2,6,3,0,0,0,0,200.0
0,0,1756040077.0,2,0,2,0,3,10,8,12,6,1,80.0
0,0,1766008399.0,2,0,2,1,1,3,8,21,2,0,164.0
0,0,1752977912.0,3,0,3,5,2,3,5,2,6,1,25.0
0,0,1760972747.0,2,0,2,1,2,6,4,15,0,0,41.0
0,0,1748313335.0,2,0,2,4,6,0,0,2,1,0,200.0
0,0,1748550562.0,3,0,3,0,2,5,0,20,3,0,161.0
0,0,1753109802.0,2,0,2,1,1,0,0,14,0,0,133.0
0,0,1758890076.0,0,0,0,5,1,7,8,12,4,0,120.0
0,0,1738468052.0,1,0,1,3,5,6,0,3,6,1,158.0
0,0,1752940021.0,1,0,1,3,1,3,0,15,5,1,179.0
0,0,1753418308.0,1,0,1,1,4,2,4,4,4,0,108.0
0,0,1768477022.0,2,0,2,0,6,4,0,11,3,0,47.0
0,0,1739309065.0,3,0,3,1,4,11,4,21,1,0,110.0
0,0,1763576542.0,2,0,2,5,2,5,4,18,2,0,152.0
0,0,1768232626.0,0,0,0,5,4,4,0,15,0,0,185.0
0,0,1753398368.0,2,0,2,2,4,2,9,23,3,0,133.0
0,0,1748497471.0,2,0,2,1,1,2,5,5,3,0,228.0
0,0,1768541497.0,0,0,0,4,5,6,8,5,4,0,15.0
7,0,1767509731.0,3,1,3,0,4,11,5,6,6,1,143.0
0,0,1762425854.0,3,0,3,3,2,15,0,10,3,0,135.0
0,0,1752472950.0,0,0,0,0,4,2,4,6,0,0,222.0
0,0,1740867102.0,1,0,1,5,3,1,0,22,5,1,150.0
7,0,1762333219.0,2,1,2,0,4,1,4,9,2,0,153.0
0,0,1758399267.0,2,0,2,1,3,7,0,20,5,1,26.0
0,0,1769424010.0,3,0,3,3,2,10,9,10,0,0,47.0
0,0,1752365384.0,2,0,2,2,5,5,8,0,6,1,187.0
0,0,1757479613.0,1,0,1,5,6,1,0,4,2,0,93.0
0,0,1767887685.0,0,0,0,5,4,4,8,15,3,0,167.0
0,0,1744189097.0,1,0,1,0,1,10,8,8,2,0,170.0
0,0,1740701963.0,2,0,2,3,4,2,4,0,4,0,227.0
0,0,1760031220.0,1,0,1,1,2,3,9,17,3,0,40.0
0,0,1754870737.0,0,0,0,2,2,1,8,0,0,0,96.0
0,0,1759883152.0,0,0,0,5,2,5,5,0,2,0,120.0
0,0,1736326643.0,2,0,2,3,1,5,5,8,2,0,35.0
0,0,1743709565.0,0,0,0,2,2,4,5,19,3,0,76.0
0,0,1741903756.0,2,0,2,0,1,2,8,22,3,0,146.0
0,0,1765695180.0,2,0,2,5,6,2,4,6,6,1,100.0
0,0,1740259600.0,1,0,1,3,4,3,0,21,5,1,158.0
0,0,1740048882.0,0,0,0,2,6,3,0,10,3,0,142.0
0,0,1751757929.0,0,0,0,4,1,4,4,23,5,1,82.0
0,0,1763277998.0,0,0,0,0,4,6,0,7,6,1,121.0
0,0,1752183228.0,1,0,1,1,2,2,9,21,3,0,237.0
0,0,1749730365.0,1,0,1,5,3,2,8,12,3,0,123.0
7,0,1750409557.0,2,1,2,0,5,6,5,8,4,0,80.0
0,0,1764941446.0,1,0,1,0,6,1,9,13,4,0,239.0
0,0,1769422955.0,3,0,3,3,3,10,9,10,0,0,172.0
0,0,1747930336.0,3,0,3,4,3,10,5,16,3,0,211.0
0,0,1768250356.0,1,0,1,5,3,6,5,20,0,0,240.0
0,0,1753527631.0,2,0,2,0,1,0,9,11,5,1,102.0
0,0,1765009867.0,1,0,1,3,3,4,5,8,5,1,150.0
0,0,1760223283.0,3,0,3,0,1,3,5,22,5,1,11.0
0,0,1767930628.0,1,0,1,5,6,2,9,3,4,0,237.0
0,0,1759110159.0,3,0,3,5,3,3,9,1,0,0,228.0
0,0,1762221606.0,0,0,0,2,5,10,0,2,1,0,64.0
0,0,1754317443.0,1,0,1,3,6,3,8,14,0,0,146.0
0,0,1744405656.0,2,0,2,0,1,6,0,21,4,0,21.0
0,0,1742204280.0,2,0,2,0,3,6,8,9,0,0,162.0
0,0,1754140819.0,3,0,3,5,6,7,4,13,5,1,165.0
0,0,1748384804.0,1,0,1,1,3,10,8,22,1,0,130.0
0,0,1739895909.0,1,0,1,2,2,3,8,16,1,0,122.0
0,0,1742647163.0,2,0,2,5,4,0,8,12,5,1,178.0
0,0,1765264958.0,0,0,0,4,6,10,4,7,1,0,57.0
0,0,1736041596.0,2,0,2,0,1,2,5,1,6,1,22.0
0,0,1767279712.0,2,0,2,5,6,11,5,15,3,0,102.0
0,0,1757149715.0,1,0,1,5,2,4,0,9,5,1,83.0
0,0,1771532310.0,3,0,3,2,6,2,4,20,3,0,37.0
0,0,1741338465.0,0,0,0,5,2,10,9,9,4,0,157.0
7,0,1771158536.0,0,1,0,2,2,3,0,12,6,1,122.0
0,0,1753033697.0,1,0,1,0,2,10,9,17,6,1,146.0
0,0,1770241748.0,1,0,1,0,1,0,4,21,2,0,239.0
0,0,1770249278.0,1,0,1,3,5,0,4,23,2,0,63.0
0,0,1751607485.0,3,0,3,4,5,10,9,5,4,0,150.0
7,0,1748618400.0,1,1,1,5,3,6,9,15,4,0,234.0
0,0,1770304371.0,0,0,0,2,1,3,4,15,3,0,95.0
0,0,1750153871.0,3,0,3,2,2,5,5,9,1,0,137.0
0,0,1765784237.0,2,0,2,4,3,3,4,7,0,0,96.0
0,0,1767433126.0,3,0,3,2,4,3,8,9,5,1,220.0
0,0,1750484029.0,1,0,1,3,4,4,4,5,5,1,92.0
0,0,1750244710.0,0,0,0,1,5,15,5,11,2,0,67.0
0,0,1744071277.0,0,0,0,0,1,10,4,0,1,0,84.0
0,0,1766585319.0,2,0,2,1,2,2,8,14,2,0,103.0
0,0,1738866474.0,1,0,1,0,1,5,8,18,3,0,44.0
7,0,1763951623.0,0,1,0,1,3,2,9,2,0,0,163.0
0,0,1762570446.0,0,0,0,1,4,3,5,2,5,1,76.0
0,0,1764735170.0,3,0,3,4,3,3,9,4,2,0,134.0
0,0,1737889391.0,3,0,3,4,4,3,9,11,6,1,16.0
0,0,1748050357.0,0,0,0,1,5,6,4,1,5,1,42.0
0,0,1768109485.0,3,0,3,5,6,1,9,5,6,1,119.0
0,0,1769831537.0,1,0,1,5,1,2,9,3,5,1,146.0
0,0,1769169824.0,0,0,0,4,3,10,4,12,4,0,162.0
0,0,1759260693.0,1,0,1,1,1,3,8,19,1,0,213.0
0,0,1760085817.0,1,0,1,0,6,10,4,8,4,0,178.0
0,0,1765087807.0,1,0,1,4,5,1,0,6,6,1,134.0
0,0,1744324078.0,1,0,1,4,2,11,4,22,3,0,113.0
0,0,1770495086.0,1,0,1,3,4,6,4,20,5,1,49.0
0,0,1769228860.0,2,0,2,0,1,5,8,4,5,1,11.0
0,0,1754860093.0,0,0,0,4,3,3,5,21,6,1,187.0
0,0,1744539133.0,0,0,0,5,1,4,0,10,6,1,172.0
7,0,1755180854.0,2,1,2,1,3,3,4,14,3,0,91.0
0,0,1768927222.0,0,0,0,5,6,5,9,16,1,0,24.0
0,0,1757999571.0,2,0,2,0,5,0,4,5,1,0,46.0
0,0,1737724930.0,1,0,1,2,3,11,4,13,4,0,9.0
0,0,1761380898.0,1,0,1,1,4,15,8,8,5,1,64.0
7,0,1745079497.0,2,1,2,3,5,2,8,16,5,1,146.0
0,0,1752956487.0,1,0,1,4,2,3,5,20,5,1,13.0
0,0,1767644216.0,1,0,1,2,3,2,0,20,0,0,21.0
0,0,1747768991.0,2,0,2,2,3,10,9,19,1,0,185.0
0,0,1766895699.0,3,0,3,0,5,2,8,4,6,1,133.0
0,0,1745052791.0,3,0,3,0,5,5,5,8,5,1,235.0
0,0,1766092309.0,2,0,2,2,5,6,9,21,3,0,157.0
0,0,1736149714.0,3,0,3,0,4,2,5,7,0,0,68.0
0,0,1751620250.0,1,0,1,3,6,6,8,9,4,0,48.0
0,0,1745553880.0,0,0,0,1,4,2,0,4,4,0,30.0
0,0,1761175466.0,3,0,3,2,6,2,9,23,2,0,162.0
0,0,1746359961.0,2,0,2,0,5,10,4,11,6,1,57.0
0,0,1744445505.0,0,0,0,0,3,1,5,8,5,1,185.0
0,0,1738045119.0,0,0,0,4,3,1,0,6,1,0,117.0
0,0,1736212364.0,1,0,1,0,3,2,9,1,1,0,186.0
0,0,1760073202.0,2,0,2,4,3,5,9,5,4,0,141.0
0,0,1746475919.0,2,0,2,5,6,2,0,20,0,0,193.0
0,0,1739224675.0,0,0,0,3,4,3,0,21,0,0,13.0
0,0,1739593738.0,2,0,2,3,1,10,0,4,5,1,62.0
0,0,1755736375.0,0,0,0,3,3,15,5,0,3,0,226.0
0,0,1767459773.0,0,0,0,2,4,6,8,17,5,1,81.0
0,0,1756550964.0,0,0,0,0,4,1,9,10,5,1,15.0
0,0,1763032884.0,2,0,2,4,1,10,5,11,3,0,233.0
0,0,1770226813.0,0,0,0,3,6,0,4,17,2,0,65.0
0,0,1757083662.0,2,0,2,1,2,1,9,14,4,0,85.0
0,0,1759669039.0,2,0,2,3,4,2,8,12,6,1,76.0
0,0,1743328588.0,1,0,1,5,6,10,4,9,6,1,53.0
0,0,1742745249.0,1,0,1,4,5,3,9,15,6,1,141.0
0,0,1764069054.0,3,0,3,4,5,2,8,11,1,0,62.0
0,0,1744282772.0,3,0,3,3,5,0,9,10,3,0,6.0
0,0,1751997935.0,0,0,0,4,6,5,8,18,1,0,186.0
0,0,1749886439.0,3,0,3,0,3,2,4,7,5,1,149.0
0,0,1758495642.0,1,0,1,2,4,10,4,23,6,1,48.0
0,0,1735837138.0,0,0,0,5,3,10,0,16,3,0,230.0
0,0,1746646481.0,3,0,3,3,1,2,9,19,2,0,59.0
0,0,1764364242.0,3,0,3,3,6,6,5,21,4,0,22.0
0,0,1759212139.0,1,0,1,1,4,1,9,6,1,0,83.0
0,0,1770106027.0,1,0,1,5,4,3,9,8,1,0,221.0
0,0,1761974136.0,0,0,0,5,4,2,9,5,5,1,209.0
0,0,1750351542.0,0,0,0,1,2,5,9,16,3,0,103.0
0,0,1769653275.0,3,0,3,5,2,1,4,2,3,0,59.0
0,0,1742282398.0,1,0,1,1,3,2,5,7,1,0,73.0
0,0,1759790321.0,2,0,2,0,2,5,0,22,0,0,201.0
0,0,1737185972.0,2,0,2,5,3,3,4,7,5,1,233.0
0,0,1744965170.0,2,0,2,4,1,3,9,8,4,0,25.0
0,0,1742040284.0,2,0,2,2,3,3,8,12,5,1,39.0
0,0,1742117863.0,2,0,2,1,4,2,0,9,6,1,186.0
0,0,1761064356.0,3,0,3,4,6,1,5,16,1,0,104.0
0,0,1760017046.0,1,0,1,5,1,6,9,13,3,0,74.0
0,0,1745548635.0,1,0,1,1,6,0,0,2,4,0,9.0
0,0,1759355364.0,0,0,0,3,3,10,9,21,2,0,181.0
7,0,1738980055.0,2,1,2,0,4,0,9,2,5,1,146.0
0,0,1765533510.0,1,0,1,4,6,11,9,9,4,0,131.0
0,0,1752935395.0,1,0,1,1,5,1,0,14,5,1,31.0
0,0,1756091428.0,3,0,3,1,6,6,5,3,0,0,41.0
0,0,1741818371.0,3,0,3,1,1,2,8,22,2,0,17.0
0,0,1756187486.0,1,0,1,2,3,2,4,5,1,0,187.0
0,0,1763343779.0,0,0,0,1,1,3,0,1,0,0,15.0
0,0,1772088139.0,2,0,2,1,5,6,8,6,3,0,138.0
0,0,1768612138.0,0,0,0,2,2,6,5,1,5,1,155.0
0,0,1762885335.0,2,0,2,4,6,5,5,18,1,0,131.0
0,0,1768315496.0,3,0,3,5,1,11,8,14,1,0,157.0
0,0,1750004201.0,0,0,0,3,3,3,4,16,6,1,235.0
0,0,1761925015.0,0,0,0,0,2,3,4,15,4,0,210.0
0,0,1748654566.0,3,0,3,1,4,1,9,1,5,1,65.0
7,0,1760418583.0,0,1,0,0,2,1,0,5,1,0,176.0
0,0,1771599044.0,3,0,3,2,6,2,5,14,4,0,168.0
0,0,1735985677.0,3,0,3,1,1,0,4,10,5,1,172.0
0,0,1746347738.0,0,0,0,0,2,5,4,8,6,1,236.0
0,0,1752808835.0,3,0,3,5,1,6,0,3,4,0,111.0
0,0,1749320127.0,3,0,3,5,5,10,4,18,5,1,15.0
0,0,1770432610.0,0,0,0,3,3,4,0,2,5,1,80.0
0,0,1736587761.0,1,0,1,3,6,1,5,9,5,1,210.0
0,0,1756515440.0,0,0,0,2,2,10,0,0,5,1,18.0
0,0,1754377697.0,2,0,2,2,4,1,9,7,1,0,49.0
0,0,1758711164.0,1,0,1,0,6,2,9,10,2,0,5.0
0,0,1754446554.0,3,0,3,4,4,0,0,2,2,0,44.0
0,0,1755455920.0,2,0,2,0,5,2,0,18,6,1,33.0
0,0,1736983944.0,0,0,0,2,4,3,0,23,2,0,235.0
0,0,1770291795.0,2,0,2,3,5,3,9,11,3,0,115.0
0,0,1771450819.0,0,0,0,5,6,3,9,21,2,0,123.0
0,0,1762108514.0,0,0,0,1,6,2,9,18,6,1,177.0
0,0,1769584392.0,1,0,1,0,3,2,5,7,2,0,131.0
0,0,1765243566.0,0,0,0,3,2,10,0,1,1,0,142.0
0,0,1761016951.0,0,0,0,2,1,3,4,3,1,0,93.0
0,0,1749751493.0,2,0,2,0,2,10,4,18,3,0,220.0
0,0,1762851036.0,3,0,3,2,4,3,4,8,1,0,217.0
0,0,1758342479.0,1,0,1,1,4,6,9,4,5,1,197.0
7,0,1767146052.0,3,1,3,1,6,10,5,1,2,0,240.0
0,0,1739882886.0,1,0,1,2,3,1,9,12,1,0,8.0
0,0,1748781698.0,3,0,3,5,4,6,0,12,6,1,136.0
0,0,1769818532.0,1,0,1,1,1,10,4,0,5,1,180.0
7,0,1739249632.0,1,1,1,5,1,6,5,4,1,0,206.0
0,0,1749693402.0,3,0,3,1,1,2,9,1,3,0,121.0
0,0,1736933345.0,2,0,2,1,2,2,9,9,2,0,29.0
0,0,1755418386.0,2,0,2,0,3,4,4,8,6,1,141.0
0,0,1771441819.0,3,0,3,5,3,2,8,19,2,0,144.0
0,0,1755902117.0,0,0,0,1,1,6,4,22,4,0,48.0
0,0,1749560431.0,0,0,0,5,2,2,0,13,1,0,17.0
0,0,1768787886.0,2,0,2,0,6,1,8,1,0,0,87.0
0,0,1741703698.0,1,0,1,5,6,2,8,14,1,0,12.0
0,0,1741918630.0,2,0,2,4,1,3,5,2,4,0,152.0
0,0,1750332427.0,2,0,2,0,2,2,5,11,3,0,49.0
0,0,1746872632.0,3,0,3,3,5,10,8,10,5,1,206.0
0,0,1770011616.0,1,0,1,0,1,2,5,5,0,0,208.0
0,0,1739867559.0,2,0,2,5,2,1,0,8,1,0,110.0
0,0,1741975021.0,2,0,2,3,5,3,9,17,4,0,19.0
0,0,1736090420.0,2,0,2,1,4,11,4,15,6,1,223.0
0,0,1758926530.0,1,0,1,4,6,3,9,22,4,0,124.0
0,0,1738671160.0,0,0,0,0,5,2,8,12,1,0,158.0
0,0,1772532494.0,3,0,3,1,5,5,4,10,1,0,84.0
0,0,1752470453.0,3,0,3,4,1,3,4,5,0,0,36.0
0,0,1766687528.0,0,0,0,2,6,10,8,18,3,0,55.0
0,0,1768637565.0,2,0,2,2,3,4,9,8,5,1,39.0
0,0,1751461209.0,1,0,1,3,4,10,8,13,2,0,227.0
0,0,1764238286.0,1,0,1,1,4,2,8,10,3,0,146.0
0,0,1745086282.0,2,0,2,2,1,6,9,18,5,1,232.0
0,0,1771522346.0,2,0,2,4,3,6,9,17,3,0,20.0
0,0,1763964798.0,3,0,3,3,1,1,4,6,0,0,13.0
0,0,1755081217.0,3,0,3,5,2,10,5,10,2,0,240.0
0,0,1764356612.0,0,0,0,1,6,10,0,19,4,0,190.0
0,0,1739439287.0,1,0,1,4,1,10,4,9,3,0,58.0
7,0,1738702655.0,2,1,2,5,3,2,0,20,1,0,59.0
0,0,1754547514.0,2,0,2,0,6,4,5,6,3,0,49.0
0,0,1771609181.0,3,0,3,5,5,2,8,17,4,0,155.0
0,0,1745117242.0,0,0,0,2,6,1,0,2,6,1,64.0
0,0,1751327729.0,3,0,3,3,5,10,0,23,0,0,58.0
0,0,1760719435.0,1,0,1,5,1,10,0,16,4,0,59.0
0,0,1763934785.0,0,0,0,3,6,10,0,21,6,1,192.0
0,0,1741855199.0,0,0,0,5,4,1,9,8,3,0,146.0
0,0,1737528938.0,1,0,1,3,2,1,5,6,2,0,76.0
0,0,1757489237.0,2,0,2,5,5,7,0,7,2,0,167.0
0,0,1738194778.0,2,0,2,4,5,2,9,23,2,0,138.0
0,0,1735939435.0,2,0,2,4,2,0,0,21,4,0,173.0
0,0,1763226020.0,2,0,2,1,5,2,0,17,5,1,24.0
0,0,1762979045.0,3,0,3,2,6,5,4,20,2,0,174.0
0,0,1770164798.0,3,0,3,4,4,5,8,0,2,0,138.0
0,0,1753976580.0,0,0,0,3,2,2,4,15,3,0,22.0
0,0,1736988353.0,2,0,2,3,3,10,8,0,3,0,108.0
0,0,1754953867.0,3,0,3,1,2,6,5,23,0,0,42.0
0,0,1743330313.0,2,0,2,3,5,0,4,10,6,1,22.0
0,0,1772174770.0,2,0,2,4,3,3,9,6,4,0,102.0
0,0,1749513827.0,1,0,1,2,2,11,9,0,1,0,10.0
0,0,1752339117.0,0,0,0,1,2,4,9,16,5,1,223.0
0,0,1739118764.0,3,0,3,3,1,10,4,16,6,1,182.0
0,0,1763769230.0,3,0,3,3,5,2,5,23,4,0,156.0
0,0,1771594603.0,2,0,2,4,4,2,9,13,4,0,148.0
0,0,1762613942.0,3,0,3,5,4,2,8,14,5,1,196.0
0,0,1759141128.0,0,0,0,0,6,3,4,10,0,0,169.0
7,0,1766303250.0,1,1,1,1,3,6,9,7,6,1,124.0
0,0,1765842389.0,2,0,2,0,3,10,8,23,0,0,54.0
0,0,1770091588.0,3,0,3,0,1,11,8,4,1,0,173.0
0,0,1745029674.0,3,0,3,5,5,11,0,2,5,1,48.0
7,0,1762499855.0,2,1,2,3,4,11,4,7,4,0,163.0
0,0,1762156072.0,3,0,3,2,2,6,4,7,0,0,192.0
0,0,1768848531.0,1,0,1,3,1,1,5,18,0,0,38.0
0,0,1768568231.0,3,0,3,3,2,6,4,12,4,0,135.0
0,0,1752587077.0,2,0,2,0,5,2,0,13,1,0,157.0
0,0,1763925587.0,0,0,0,1,2,10,0,19,6,1,215.0
0,0,1756211710.0,0,0,0,1,1,7,9,12,1,0,44.0
0,0,1772687306.0,1,0,1,2,1,6,8,5,3,0,137.0
0,0,1757205558.0,2,0,2,3,2,10,4,0,6,1,91.0
0,0,1757878866.0,3,0,3,4,1,2,8,19,6,1,184.0
0,0,1771156283.0,2,0,2,5,2,2,8,11,6,1,30.0
0,0,1762047891.0,2,0,2,4,1,2,9,1,6,1,116.0
0,0,1768297370.0,3,0,3,5,6,11,4,9,1,0,6.0
0,0,1768750287.0,2,0,2,3,3,2,8,15,6,1,191.0
0,0,1746504955.0,1,0,1,1,2,15,0,4,1,0,14.0
0,0,1771211402.0,1,0,1,0,1,2,0,3,0,0,81.0
0,0,1742986588.0,0,0,0,0,2,2,5,10,2,0,47.0
0,0,1746904591.0,2,0,2,1,2,2,4,19,5,1,216.0
0,0,1760361873.0,1,0,1,5,5,2,9,13,0,0,190.0
0,0,1747731949.0,2,0,2,5,6,2,8,9,1,0,71.0
0,0,1770702708.0,3,0,3,2,5,2,5,5,1,0,159.0
0,0,1744456175.0,1,0,1,4,6,3,0,11,5,1,149.0
0,0,1745837714.0,0,0,0,3,6,0,9,10,0,0,87.0
0,0,1767034646.0,3,0,3,4,6,4,4,18,0,0,13.0
0,0,1735914117.0,1,0,1,3,6,2,0,14,4,0,110.0
0,0,1770393378.0,1,0,1,2,1,4,5,15,4,0,83.0
0,0,1735838323.0,1,0,1,0,5,10,9,17,3,0,138.0
0,0,1769704520.0,3,0,3,5,5,5,8,16,3,0,234.0
0,0,1744625119.0,0,0,0,5,1,2,9,10,0,0,197.0
0,0,1748140024.0,1,0,1,5,2,2,5,2,6,1,213.0
0,0,1762913142.0,3,0,3,5,4,2,4,2,2,0,168.0
0,0,1743278100.0,1,0,1,3,1,4,4,19,5,1,29.0
0,0,1750185049.0,3,0,3,2,3,2,9,18,1,0,159.0
0,0,1766337422.0,3,0,3,4,3,3,5,17,6,1,160.0
0,0,1762913749.0,2,0,2,3,6,3,0,2,2,0,128.0
0,0,1747817460.0,0,0,0,5,3,10,0,8,2,0,19.0
0,0,1767025484.0,0,0,0,4,5,1,0,16,0,0,85.0
0,0,1770768563.0,3,0,3,2,3,1,9,0,2,0,168.0
0,0,1765399278.0,1,0,1,1,3,2,5,20,2,0,95.0
0,0,1741436238.0,1,0,1,3,3,1,0,12,5,1,52.0
0,0,1748346710.0,1,0,1,0,2,10,8,11,1,0,130.0
0,0,1735772402.0,2,0,2,1,5,1,5,23,2,0,202.0
0,0,1761260231.0,2,0,2,3,3,10,8,22,3,0,51.0
0,0,1756926523.0,0,0,0,1,4,2,5,19,2,0,198.0
0,0,1766868019.0,0,0,0,1,1,1,9,20,5,1,131.0
0,0,1756895517.0,1,0,1,2,5,3,9,10,2,0,156.0
0,0,1759828990.0,0,0,0,4,3,2,5,9,1,0,98.0
0,0,1742010761.0,3,0,3,2,4,4,0,3,5,1,13.0
0,0,1769441205.0,1,0,1,0,6,0,5,15,0,0,109.0
0,0,1758166878.0,2,0,2,5,6,4,9,3,3,0,137.0
0,0,1743749195.0,0,0,0,3,1,0,8,6,4,0,110.0
0,0,1749341329.0,0,0,0,1,6,10,0,0,6,1,22.0
0,0,1747772360.0,2,0,2,2,3,1,4,20,1,0,236.0
0,0,1750455919.0,1,0,1,0,4,1,4,21,4,0,169.0
0,0,1746802077.0,3,0,3,5,6,3,8,14,4,0,10.0
0,0,1736082474.0,1,0,1,0,6,2,8,13,6,1,183.0
0,0,1751638881.0,1,0,1,1,4,3,9,14,4,0,15.0
0,0,1755754305.0,1,0,1,1,1,1,9,5,3,0,21.0
0,0,1749723077.0,0,0,0,2,2,1,0,10,3,0,156.0
0,0,1755549496.0,3,0,3,4,1,6,9,20,0,0,24.0
0,0,1746690971.0,3,0,3,4,5,1,5,7,3,0,91.0
0,0,1771493781.0,2,0,2,4,1,11,0,9,3,0,23.0
0,0,1746397464.0,1,0,1,1,2,10,9,22,6,1,129.0
0,0,1770028987.0,2,0,2,0,6,3,8,10,0,0,141.0
7,0,1762753164.0,0,1,0,1,5,3,8,5,0,0,230.0
0,0,1762449839.0,1,0,1,2,1,11,4,17,3,0,9.0
0,0,1770126970.0,1,0,1,3,2,0,5,13,1,0,158.0
0,0,1770883432.0,3,0,3,1,2,4,8,8,3,0,49.0
0,0,1769395033.0,3,0,3,5,1,4,4,2,0,0,196.0
0,0,1749625756.0,1,0,1,3,1,2,9,7,2,0,163.0
0,0,1736234715.0,3,0,3,3,1,2,5,7,1,0,210.0
0,0,1744450996.0,0,0,0,3,3,10,5,9,5,1,121.0
0,0,1768423008.0,1,0,1,0,2,3,0,20,2,0,143.0
0,0,1772240869.0,1,0,1,4,5,10,8,1,5,1,200.0
7,0,1736344421.0,2,1,2,4,2,0,4,13,2,0,128.0
0,0,1740624902.0,2,0,2,1,1,1,5,2,3,0,201.0
0,0,1762880266.0,3,0,3,5,2,2,0,16,1,0,138.0
0,0,1765363367.0,0,0,0,4,4,1,8,10,2,0,67.0
0,0,1760037416.0,3,0,3,5,6,3,0,19,3,0,75.0
0,0,1741829867.0,0,0,0,3,4,0,8,1,3,0,229.0
0,0,1755607873.0,0,0,0,2,6,0,0,12,1,0,75.0
0,0,1760911913.0,2,0,2,5,3,2,0,22,6,1,222.0
0,0,1740306681.0,2,0,2,1,4,15,5,10,6,1,20.0
0,0,1739773668.0,1,0,1,4,6,5,8,6,0,0,146.0
0,0,1763670936.0,2,0,2,4,2,10,4,20,3,0,236.0
0,0,1745294456.0,3,0,3,0,6,3,4,4,1,0,57.0
7,0,1740164261.0,2,1,2,2,5,3,0,18,4,0,203.0
0,0,1751701344.0,0,0,0,3,6,3,9,7,5,1,72.0
0,0,1758093441.0,2,0,2,4,3,3,0,7,2,0,194.0
0,0,1755071136.0,0,0,0,1,3,3,8,7,2,0,22.0
0,0,1744112456.0,2,0,2,5,4,2,8,11,1,0,33.0
0,0,1742986072.0,2,0,2,0,6,10,8,10,2,0,23.0
0,0,1741100639.0,2,0,2,2,2,2,4,15,1,0,240.0
0,0,1757486303.0,2,0,2,3,6,3,5,6,2,0,240.0
7,0,1748387924.0,1,1,1,1,5,4,0,23,1,0,132.0
0,0,1749186398.0,1,0,1,1,3,10,0,5,4,0,12.0
0,0,1742764592.0,0,0,0,4,3,3,8,21,6,1,74.0
0,0,1768306034.0,3,0,3,5,3,2,9,12,1,0,69.0
0,0,1769511767.0,0,0,0,4,2,3,4,11,1,0,218.0
7,0,1742843020.0,1,1,1,3,5,3,8,19,0,0,93.0
0,0,1755386000.0,2,0,2,3,3,2,5,23,5,1,199.0
0,0,1767855317.0,1,0,1,1,6,2,4,6,3,0,175.0
0,0,1765665848.0,2,0,2,2,2,2,4,22,5,1,6.0
0,0,1756939274.0,2,0,2,0,6,3,9,22,2,0,132.0
0,0,1748567514.0,2,0,2,3,6,3,5,1,4,0,130.0
0,0,1749658319.0,1,0,1,4,3,1,5,16,2,0,32.0
0,0,1737941458.0,2,0,2,5,1,6,4,1,0,0,209.0
0,0,1750411041.0,3,0,3,4,6,1,0,9,4,0,192.0
0,0,1752708440.0,3,0,3,4,2,10,8,23,2,0,132.0
0,0,1757400470.0,1,0,1,0,4,2,0,6,1,0,119.0
0,0,1769985019.0,1,0,1,3,1,0,9,22,6,1,227.0
0,0,1765946336.0,1,0,1,2,3,2,0,4,2,0,86.0
0,0,1736415426.0,0,0,0,3,1,1,8,9,3,0,157.0
0,0,1754093267.0,2,0,2,3,2,15,9,0,5,1,168.0
0,0,1763631392.0,0,0,0,3,6,2,5,9,3,0,41.0
0,0,1747207852.0,2,0,2,0,3,1,8,7,2,0,114.0
0,0,1771569676.0,2,0,2,0,6,2,4,6,4,0,66.0
0,0,1743875987.0,1,0,1,5,3,2,8,17,5,1,178.0
0,0,1762357246.0,2,0,2,5,3,0,0,15,2,0,26.0
0,0,1740475821.0,0,0,0,4,4,2,5,9,1,0,159.0
0,0,1748512312.0,3,0,3,4,1,0,9,9,3,0,68.0
0,0,1754535515.0,0,0,0,2,6,3,4,2,3,0,7.0
0,0,1768205658.0,1,0,1,3,2,2,4,8,0,0,215.0
0,0,1742363238.0,3,0,3,4,5,1,9,5,2,0,44.0
7,0,1761022611.0,3,1,3,3,1,0,0,4,1,0,130.0
0,0,1740290084.0,1,0,1,2,6,0,0,5,6,1,225.0
0,0,1742100563.0,1,0,1,2,5,3,9,4,6,1,162.0
0,0,1740194240.0,3,0,3,0,6,10,8,3,5,1,10.0
0,0,1746444442.0,3,0,3,5,5,1,5,11,0,0,167.0
0,0,1771016450.0,1,0,1,1,2,6,4,21,4,0,183.0
0,0,1737078327.0,0,0,0,5,3,11,4,1,4,0,125.0
0,0,1739637051.0,0,0,0,2,6,6,5,16,5,1,239.0
0,0,1740201318.0,3,0,3,5,1,2,5,5,5,1,84.0
0,0,1769952007.0,2,0,2,1,6,1,4,13,6,1,152.0
0,0,1764610550.0,0,0,0,5,6,10,5,17,0,0,73.0
0,0,1758427415.0,2,0,2,1,4,5,8,4,6,1,22.0
0,0,1739121704.0,2,0,2,3,3,2,0,17,6,1,15.0
0,0,1757381959.0,3,0,3,2,2,11,9,1,1,0,55.0
0,0,1752455466.0,3,0,3,5,4,2,8,1,0,0,185.0
0,0,1772273067.0,3,0,3,3,4,5,4,10,5,1,239.0
0,0,1769573858.0,0,0,0,2,6,6,4,4,2,0,77.0
0,0,1754095585.0,3,0,3,3,6,3,8,0,5,1,69.0
0,0,1748564331.0,3,0,3,5,5,1,8,0,4,0,134.0
0,0,1742565245.0,0,0,0,4,5,0,4,13,4,0,27.0
0,0,1756342731.0,3,0,3,0,5,1,8,0,3,0,122.0
0,0,1763962508.0,0,0,0,5,2,0,5,5,0,0,123.0
0,0,1752257115.0,2,0,2,0,4,4,4,18,4,0,44.0
0,0,1739748678.0,0,0,0,3,1,3,9,23,6,1,120.0
0,0,1735860493.0,3,0,3,4,4,3,0,23,3,0,150.0
0,0,1756706922.0,1,0,1,3,5,2,4,6,0,0,42.0
0,0,1760412956.0,3,0,3,2,6,2,4,3,1,0,160.0
0,0,1770307795.0,2,0,2,1,4,4,5,16,3,0,104.0
0,0,1766348833.0,2,0,2,5,4,10,0,20,6,1,228.0
0,0,1739896160.0,0,0,0,5,3,3,5,16,1,0,109.0
0,0,1744881570.0,2,0,2,2,2,6,8,9,3,0,199.0
0,0,1756476207.0,3,0,3,1,4,3,0,14,4,0,183.0
0,0,1767899879.0,0,0,0,3,5,10,5,19,3,0,102.0
0,0,1749129469.0,0,0,0,1,3,2,8,13,3,0,213.0
0,0,1765502322.0,2,0,2,5,3,15,4,1,4,0,69.0
0,0,1752953289.0,3,0,3,2,5,2,5,19,5,1,136.0
0,0,1755340841.0,2,0,2,2,4,4,8,10,5,1,70.0
0,0,1756404665.0,3,0,3,1,2,6,4,18,3,0,127.0
0,0,1767054692.0,0,0,0,4,3,2,8,0,1,0,195.0
0,0,1738362928.0,0,0,0,2,1,1,9,22,4,0,84.0
0,0,1767979613.0,0,0,0,2,4,2,4,17,4,0,97.0
7,0,1737951081.0,0,1,0,2,2,3,9,4,0,0,221.0
0,0,1767421862.0,0,0,0,1,3,2,5,6,5,1,169.0
0,0,1772042301.0,0,0,0,5,1,3,5,17,2,0,155.0
0,0,1770835906.0,2,0,2,1,1,11,4,18,2,0,206.0
0,0,1756025582.0,3,0,3,3,5,0,5,8,6,1,135.0
0,0,1772412533.0,0,0,0,5,4,6,0,0,0,0,20.0
0,0,1765869350.0,0,0,0,2,5,2,0,7,1,0,238.0
0,0,1749377399.0,3,0,3,3,1,3,8,10,6,1,11.0
0,0,1764907361.0,3,0,3,5,6,2,4,4,4,0,115.0
0,0,1770590556.0,2,0,2,0,3,2,8,22,6,1,24.0
0,0,1769237245.0,3,0,3,4,1,2,4,6,5,1,98.0
0,0,1744129984.0,3,0,3,3,3,3,5,16,1,0,138.0
0,0,1737212225.0,1,0,1,5,3,4,5,14,5,1,7.0
7,0,1754415201.0,0,1,0,2,2,3,5,17,1,0,128.0
0,0,1752094983.0,2,0,2,4,1,3,5,21,2,0,156.0
0,0,1738099899.0,2,0,2,1,6,6,0,21,1,0,219.0
0,0,1769855287.0,0,0,0,5,4,11,0,10,5,1,162.0
0,0,1741375171.0,0,0,0,5,4,6,5,19,4,0,37.0
0,0,1764215508.0,2,0,2,4,4,1,0,3,3,0,45.0
0,0,1762243959.0,2,0,2,1,4,2,8,8,1,0,201.0
0,0,1767264024.0,0,0,0,5,3,2,0,10,3,0,82.0
0,0,1738074930.0,0,0,0,1,3,2,9,14,1,0,238.0
0,0,1764838732.0,2,0,2,4,1,2,8,8,3,0,192.0
0,0,1762781084.0,0,0,0,2,2,4,4,13,0,0,138.0
0,0,1744235635.0,2,0,2,4,3,2,0,21,2,0,68.0
0,0,1749401063.0,2,0,2,1,5,4,8,16,6,1,130.0
0,0,1747727609.0,0,0,0,0,3,6,0,7,1,0,40.0
0,0,1747267572.0,1,0,1,5,2,2,5,0,3,0,233.0
0,0,1760574322.0,3,0,3,2,4,2,5,0,3,0,80.0
0,0,1754367287.0,3,0,3,1,1,2,8,4,1,0,60.0
7,0,1746496314.0,0,1,0,4,1,15,8,1,1,0,145.0
0,0,1771775458.0,0,0,0,3,2,3,0,15,6,1,37.0
0,0,1765801939.0,2,0,2,2,5,1,0,12,0,0,24.0
7,0,1739001199.0,0,1,0,3,3,0,5,7,5,1,208.0
0,0,1741207348.0,2,0,2,3,2,0,5,20,2,0,142.0
0,0,1740835594.0,0,0,0,3,6,10,4,13,5,1,17.0
0,0,1768377951.0,2,0,2,0,5,3,8,8,2,0,186.0
7,0,1771246753.0,0,1,0,3,2,3,0,12,0,0,33.0
0,0,1752060087.0,0,0,0,0,3,1,9,11,2,0,103.0
0,0,1766926245.0,1,0,1,4,3,3,5,12,6,1,77.0
0,0,1740673623.0,3,0,3,1,5,6,5,16,3,0,228.0
0,0,1741558174.0,0,0,0,2,5,2,4,22,6,1,190.0
0,0,1747220902.0,1,0,1,4,6,3,0,11,2,0,86.0
0,0,1764622609.0,2,0,2,2,5,4,4,20,0,0,35.0
0,0,1768832087.0,0,0,0,2,2,6,9,14,0,0,99.0
0,0,1768084320.0,0,0,0,0,4,2,5,22,5,1,25.0
0,0,1761941452.0,1,0,1,0,6,3,4,20,4,0,170.0
0,0,1764947021.0,3,0,3,1,5,2,4,15,4,0,166.0
0,0,1748729127.0,3,0,3,0,2,10,5,22,5,1,178.0
0,0,1760672883.0,3,0,3,3,6,2,8,3,4,0,26.0
0,0,1738857078.0,1,0,1,2,5,0,9,15,3,0,135.0
0,0,1765246489.0,2,0,2,1,6,3,9,2,1,0,190.0
0,0,1766242402.0,0,0,0,0,2,10,4,14,5,1,196.0
0,0,1756346179.0,1,0,1,4,2,2,9,1,3,0,67.0
0,0,1765175670.0,1,0,1,4,2,4,0,6,0,0,16.0
0,0,1751916581.0,2,0,2,4,2,0,4,19,0,0,226.0
0,0,1756908967.0,0,0,0,2,1,2,4,14,2,0,44.0
0,0,1772333971.0,0,0,0,0,6,2,8,2,6,1,53.0
0,0,1763059136.0,3,0,3,0,3,2,8,18,3,0,61.0
0,0,1768157125.0,1,0,1,4,3,3,0,18,6,1,171.0
0,0,1752809924.0,2,0,2,5,5,3,0,3,4,0,37.0
0,0,1759773943.0,0,0,0,2,2,2,5,18,0,0,3.0
0,0,1759928943.0,1,0,1,2,3,5,4,13,2,0,164.0
0,0,1738575431.0,2,0,2,0,4,4,8,9,0,0,208.0
7,0,1756009370.0,1,1,1,3,4,3,5,4,6,1,32.0
0,0,1737425863.0,1,0,1,1,1,6,0,2,1,0,215.0
0,0,1742276130.0,2,0,2,1,4,3,0,5,1,0,15.0
7,0,1754498732.0,0,1,0,4,4,10,4,16,2,0,3.0
0,0,1740252181.0,0,0,0,3,2,2,0,19,5,1,167.0
0,0,1756125153.0,1,0,1,4,1,5,0,12,0,0,85.0
7,0,1765845337.0,0,1,0,1,3,2,9,0,1,0,224.0
0,0,1745232444.0,1,0,1,3,4,5,9,10,0,0,151.0
0,0,1769646360.0,3,0,3,5,5,2,9,0,3,0,2.0
0,0,1770375589.0,0,0,0,5,5,3,9,10,4,0,31.0
0,0,1750101662.0,0,0,0,1,2,0,0,19,0,0,222.0
0,0,1755456456.0,0,0,0,2,1,1,9,18,6,1,26.0
0,0,1754782841.0,2,0,2,3,6,2,0,23,5,1,29.0
0,0,1764446399.0,1,0,1,4,1,2,9,19,5,1,222.0
0,0,1739008186.0,3,0,3,4,4,2,4,9,5,1,159.0
0,0,1757517664.0,1,0,1,3,2,2,4,15,2,0,2.0
0,0,1767038338.0,2,0,2,1,3,3,0,19,0,0,216.0
0,0,1758696358.0,2,0,2,0,5,5,5,6,2,0,75.0
0,0,1756759022.0,2,0,2,5,4,5,0,20,0,0,8.0
0,0,1739900543.0,1,0,1,1,5,10,4,17,1,0,120.0
0,0,1751247541.0,2,0,2,1,1,2,8,1,0,0,194.0
0,0,1766983946.0,0,0,0,0,1,11,8,4,0,0,26.0
0,0,1757425457.0,1,0,1,4,4,2,4,13,1,0,60.0
0,0,1762098991.0,3,0,3,0,1,4,4,15,6,1,40.0
0,0,1746339872.0,2,0,2,5,6,4,9,6,6,1,144.0
0,0,1738607924.0,2,0,2,3,2,2,5,18,0,0,16.0
0,0,1771970699.0,2,0,2,4,5,0,8,22,1,0,212.0
0,0,1736498608.0,1,0,1,2,1,5,9,8,4,0,114.0
0,0,1765804986.0,2,0,2,2,5,11,0,13,0,0,96.0
0,0,1737357671.0,2,0,2,1,3,2,4,7,0,0,118.0
0,0,1768974742.0,3,0,3,5,3,10,8,5,2,0,153.0
0,0,1744092085.0,1,0,1,4,6,3,5,6,1,0,15.0
0,0,1768944992.0,1,0,1,2,1,3,0,21,1,0,111.0
0,0,1754267122.0,0,0,0,0,6,3,8,0,0,0,119.0
7,0,1748864022.0,3,1,3,4,6,2,0,11,0,0,33.0
0,0,1760615416.0,1,0,1,1,6,3,9,11,3,0,149.0
0,0,1738217250.0,3,0,3,2,5,0,5,6,3,0,52.0
0,0,1749204328.0,0,0,0,2,5,11,9,10,4,0,125.0
0,0,1771250715.0,2,0,2,0,1,5,8,14,0,0,44.0
0,0,1768967490.0,2,0,2,1,2,3,5,3,2,0,167.0
0,0,1759575983.0,0,0,0,2,5,2,8,11,5,1,139.0
0,0,1750857031.0,1,0,1,1,1,6,4,13,2,0,90.0
0,0,1737341334.0,3,0,3,2,5,6,9,2,0,0,190.0
0,0,1766002437.0,3,0,3,4,5,3,4,20,2,0,28.0
0,0,1743118731.0,0,0,0,1,5,5,4,23,3,0,188.0
0,0,1753937937.0,3,0,3,4,1,15,0,4,3,0,229.0
0,0,1736604271.0,1,0,1,1,6,6,4,14,5,1,183.0
0,0,1760001668.0,0,0,0,3,2,6,5,9,3,0,152.0
0,0,1751493949.0,3,0,3,3,3,2,0,22,2,0,236.0
0,0,1767972673.0,1,0,1,1,5,2,5,15,4,0,83.0
0,0,1760382833.0,0,0,0,5,6,2,9,19,0,0,194.0
0,0,1770170642.0,2,0,2,2,1,0,5,2,2,0,57.0
0,0,1752896716.0,3,0,3,3,1,1,5,3,5,1,238.0
0,0,1749203249.0,2,0,2,1,4,3,4,9,4,0,7.0
0,0,1770572686.0,1,0,1,1,4,2,5,17,6,1,86.0
7,0,1741450661.0,2,1,2,3,2,4,5,16,5,1,157.0
0,0,1752805997.0,1,0,1,5,2,6,4,2,4,0,13.0
0,0,1758803560.0,2,0,2,2,1,1,0,12,3,0,224.0
0,0,1737357830.0,3,0,3,1,4,1,0,7,0,0,171.0
7,0,1741146658.0,0,1,0,5,5,3,8,3,2,0,76.0
0,0,1752742535.0,1,0,1,5,5,2,8,8,3,0,206.0
0,0,1767935221.0,3,0,3,5,4,2,4,5,4,0,7.0
0,0,1740130820.0,3,0,3,0,6,11,5,9,4,0,117.0
0,0,1747681570.0,1,0,1,5,4,2,5,19,0,0,35.0
0,0,1742342446.0,2,0,2,2,2,6,5,0,2,0,186.0
0,0,1760205034.0,0,0,0,2,3,1,4,17,5,1,61.0
0,0,1766173872.0,2,0,2,0,5,15,0,19,4,0,33.0
0,0,1758629493.0,0,0,0,0,1,2,9,12,1,0,153.0
0,0,1772761434.0,1,0,1,1,4,1,9,1,4,0,163.0
0,0,1752055818.0,2,0,2,4,6,6,5,10,2,0,172.0
0,0,1771220912.0,1,0,1,0,1,3,9,5,0,0,92.0
0,0,1742057730.0,1,0,1,3,1,10,0,16,5,1,73.0
0,0,1744878116.0,1,0,1,4,4,2,0,8,3,0,29.0
0,0,1747353579.0,0,0,0,0,2,5,0,23,3,0,194.0
0,0,1738198266.0,1,0,1,2,6,1,4,0,3,0,84.0
0,0,1741596237.0,1,0,1,2,6,2,9,8,0,0,23.0
0,0,1764051237.0,0,0,0,4,3,6,9,6,1,0,125.0
0,0,1747140288.0,2,0,2,1,2,3,5,12,1,0,134.0
0,0,1738808151.0,1,0,1,5,1,10,8,2,3,0,129.0
0,0,1742673800.0,3,0,3,0,3,1,9,20,5,1,9.0
0,0,1755625783.0,0,0,0,1,6,2,9,17,1,0,238.0
0,0,1747506291.0,0,0,0,3,4,3,0,18,5,1,13.0
0,0,1755651754.0,2,0,2,5,1,4,8,1,2,0,164.0
0,0,1767845621.0,0,0,0,2,5,2,4,4,3,0,163.0
0,0,1752549549.0,1,0,1,2,1,3,5,3,1,0,69.0
0,0,1743473288.0,0,0,0,5,4,10,8,2,1,0,4.0
0,0,1767534255.0,0,0,0,0,1,1,8,13,6,1,184.0
0,0,1764561292.0,1,0,1,3,5,6,5,3,0,0,51.0
0,0,1771111455.0,3,0,3,0,6,1,5,23,5,1,224.0
0,0,1751971510.0,2,0,2,2,6,5,9,10,1,0,184.0
0,0,1767329711.0,2,0,2,1,4,15,5,4,4,0,221.0
0,0,1760302167.0,0,0,0,4,5,3,9,20,6,1,163.0
0,0,1751616576.0,3,0,3,5,6,10,9,8,4,0,84.0
0,0,1765730539.0,1,0,1,3,6,2,9,16,6,1,194.0
0,0,1741232574.0,0,0,0,1,6,1,4,3,3,0,29.0
0,0,1760953530.0,0,0,0,5,2,1,5,9,0,0,66.0
0,0,1766263651.0,1,0,1,0,2,4,5,20,5,1,10.0
0,0,1753756068.0,0,0,0,1,4,3,4,2,1,0,159.0
0,0,1753133311.0,3,0,3,5,2,1,5,21,0,0,69.0
0,0,1749063750.0,2,0,2,5,6,4,0,19,2,0,65.0
0,0,1760846391.0,1,0,1,3,6,1,4,3,6,1,166.0
0,0,1754668307.0,3,0,3,1,1,0,4,15,4,0,83.0
0,0,1736271206.0,1,0,1,4,4,1,0,17,1,0,228.0
0,0,1765773133.0,0,0,0,0,3,3,4,4,0,0,152.0
0,0,1741793833.0,1,0,1,5,5,0,0,15,2,0,132.0
0,0,1751846156.0,3,0,3,2,2,1,0,23,6,1,176.0
0,0,1746469378.0,0,0,0,2,5,1,8,18,0,0,104.0
0,0,1763494085.0,2,0,2,0,3,2,5,19,1,0,86.0
0,0,1770948482.0,1,0,1,0,2,2,8,2,4,0,99.0
0,0,1751192824.0,0,0,0,3,3,0,4,10,6,1,159.0
0,0,1745827948.0,2,0,2,3,2,2,9,8,0,0,105.0
0,0,1771220939.0,3,0,3,2,6,11,4,5,0,0,96.0
0,0,1748825880.0,1,0,1,2,1,11,8,0,0,0,27.0
0,0,1754579092.0,0,0,0,4,4,10,4,15,3,0,194.0
0,0,1767203837.0,0,0,0,4,6,10,4,17,2,0,105.0
7,0,1751567139.0,0,1,0,4,1,2,5,18,3,0,86.0
0,0,1739639263.0,0,0,0,2,6,3,8,17,5,1,2.0
0,0,1764741481.0,1,0,1,1,4,2,9,5,2,0,167.0
0,0,1747148023.0,0,0,0,0,1,4,4,14,1,0,83.0
0,0,1768206848.0,0,0,0,5,4,2,4,8,0,0,109.0
0,0,1761629082.0,2,0,2,3,5,6,8,5,1,0,54.0
0,0,1771164958.0,0,0,0,5,5,2,4,14,6,1,213.0
0,0,1748843649.0,1,0,1,0,5,0,8,5,0,0,59.0
0,0,1739676334.0,2,0,2,0,2,1,4,3,6,1,132.0
0,0,1769282311.0,2,0,2,5,2,2,5,19,5,1,226.0
0,0,1750060115.0,1,0,1,5,4,2,0,7,0,0,216.0
0,0,1762669779.0,2,0,2,2,1,6,8,6,6,1,82.0
0,0,1772589323.0,3,0,3,4,5,1,9,1,2,0,45.0
0,0,1768660506.0,1,0,1,0,5,4,0,14,5,1,156.0
0,0,1761046607.0,2,0,2,0,5,10,9,11,1,0,155.0
0,0,1764518161.0,1,0,1,5,4,4,9,15,6,1,187.0
0,0,1764241227.0,3,0,3,1,1,4,0,11,3,0,156.0
0,0,1747528127.0,0,0,0,4,3,11,5,0,6,1,94.0
0,0,1758242157.0,2,0,2,3,5,2,4,0,4,0,124.0
0,0,1752710436.0,2,0,2,2,2,2,9,0,3,0,120.0
0,0,1751925680.0,1,0,1,4,1,2,5,22,0,0,61.0
0,0,1745692095.0,3,0,3,0,1,0,5,18,5,1,90.0
0,0,1735959802.0,0,0,0,1,6,11,4,3,5,1,4.0
0,0,1757840002.0,3,0,3,5,3,6,9,8,6,1,236.0
0,0,1758595153.0,0,0,0,0,5,10,0,2,1,0,192.0
0,0,1762486721.0,2,0,2,4,3,10,8,3,4,0,175.0
0,0,1742942327.0,0,0,0,2,4,3,8,22,1,0,20.0
0,0,1744589962.0,1,0,1,4,4,10,0,0,0,0,37.0
7,0,1752324469.0,1,1,1,3,4,2,8,12,5,1,173.0
0,0,1751260895.0,1,0,1,1,4,6,8,5,0,0,176.0
0,0,1766326774.0,3,0,3,5,4,4,8,14,6,1,164.0
0,0,1747619660.0,3,0,3,4,1,6,8,1,0,0,17.0
0,0,1754422366.0,3,0,3,5,5,6,4,19,1,0,88.0
0,0,1737973093.0,0,0,0,1,2,11,8,10,0,0,118.0
0,0,1735784733.0,0,0,0,1,6,3,0,2,3,0,21.0
0,0,1738767991.0,1,0,1,2,2,5,4,15,2,0,92.0
0,0,1772404219.0,2,0,2,0,6,11,9,22,6,1,180.0
0,0,1751809830.0,2,0,2,2,1,10,0,13,6,1,5.0
0,0,1743675907.0,3,0,3,3,4,2,8,10,3,0,30.0
0,0,1755248779.0,3,0,3,3,2,7,4,9,4,0,64.0
0,0,1752121665.0,0,0,0,3,5,2,4,4,3,0,129.0
0,0,1739669194.0,3,0,3,5,1,11,0,1,6,1,157.0
0,0,1767246493.0,3,0,3,5,6,2,0,5,3,0,19.0
0,0,1750557629.0,0,0,0,5,2,10,8,2,6,1,205.0
0,0,1772508114.0,1,0,1,0,1,3,8,3,1,0,175.0
0,0,1739175061.0,0,0,0,3,1,1,4,8,0,0,150.0
7,0,1745657783.0,0,1,0,2,6,10,0,8,5,1,226.0
0,0,1766223798.0,0,0,0,0,3,10,9,9,5,1,166.0
0,0,1747855507.0,0,0,0,2,3,2,9,19,2,0,82.0
0,0,1761561299.0,2,0,2,4,1,10,4,10,0,0,231.0
0,0,1744059040.0,1,0,1,3,1,10,5,20,0,0,104.0
0,0,1753907153.0,2,0,2,4,2,15,0,20,2,0,73.0
0,0,1756037323.0,3,0,3,5,1,6,0,12,6,1,143.0
0,0,1762843734.0,1,0,1,2,1,3,5,6,1,0,21.0
7,0,1752627328.0,2,1,2,3,3,6,0,0,2,0,107.0
0,0,1764600798.0,3,0,3,4,6,7,8,14,0,0,184.0
0,0,1770051426.0,2,0,2,2,2,3,8,16,0,0,145.0
0,0,1738082321.0,3,0,3,0,1,6,4,16,1,0,148.0
0,0,1770982490.0,0,0,0,2,4,2,4,11,4,0,62.0
0,0,1748656078.0,3,0,3,5,6,5,0,1,5,1,197.0
7,0,1743719737.0,2,1,2,2,6,2,4,22,3,0,23.0
0,0,1770348827.0,0,0,0,3,6,3,0,3,4,0,115.0
0,0,1750556453.0,2,0,2,4,5,5,0,1,6,1,91.0
0,0,1753686273.0,1,0,1,5,1,2,9,7,0,0,39.0
0,0,1741016284.0,0,0,0,2,3,0,9,15,0,0,119.0
0,0,1738984813.0,0,0,0,2,5,10,4,3,5,1,191.0
0,0,1757473127.0,3,0,3,3,5,2,5,2,2,0,40.0
0,0,1745358399.0,0,0,0,1,3,1,4,21,1,0,220.0
7,0,1752274722.0,0,1,0,3,2,0,4,22,4,0,172.0
0,0,1739936990.0,2,0,2,1,5,4,0,3,2,0,34.0
7,0,1762666589.0,3,1,3,3,6,11,0,5,6,1,141.0
0,0,1739960655.0,1,0,1,3,6,4,0,10,2,0,15.0
0,0,1742571651.0,0,0,0,3,5,4,5,15,4,0,98.0
0,0,1761392734.0,1,0,1,5,2,0,0,11,5,1,188.0
0,0,1743331303.0,3,0,3,0,4,3,4,10,6,1,19.0
0,0,1742326081.0,3,0,3,1,6,10,4,19,1,0,86.0
0,0,1764730591.0,2,0,2,1,3,1,4,2,2,0,74.0
0,0,1751306069.0,1,0,1,0,6,1,0,17,0,0,181.0
0,0,1736733311.0,1,0,1,0,4,0,0,1,0,0,84.0
0,0,1750061963.0,3,0,3,2,6,10,5,8,0,0,32.0
0,0,1762020671.0,1,0,1,3,1,2,4,18,5,1,13.0
0,0,1764013893.0,1,0,1,1,4,6,0,19,0,0,154.0
0,0,1746382426.0,2,0,2,4,5,10,5,18,6,1,96.0
7,0,1748646783.0,3,1,3,1,3,6,8,23,4,0,97.0
0,0,1752149627.0,3,0,3,0,5,1,0,12,3,0,84.0
0,0,1745499572.0,2,0,2,0,1,11,8,12,3,0,121.0
0,0,1764456573.0,0,0,0,2,3,2,8,22,5,1,206.0
0,0,1747169706.0,3,0,3,2,5,3,9,20,1,0,200.0
0,0,1745142897.0,3,0,3,0,1,3,4,9,6,1,42.0
0,0,1755497878.0,1,0,1,4,4,2,5,6,0,0,119.0
0,0,1761032402.0,1,0,1,4,1,2,5,7,1,0,29.0
0,0,1770733200.0,3,0,3,1,4,1,4,14,1,0,123.0
0,0,1739117654.0,0,0,0,1,3,3,0,16,6,1,17.0
7,0,1753665889.0,1,1,1,5,1,5,0,1,0,0,235.0
0,0,1739650088.0,2,0,2,2,4,10,5,20,5,1,179.0
0,0,1740419619.0,0,0,0,2,6,3,8,17,0,0,176.0
0,0,1765137831.0,2,0,2,5,5,4,5,20,6,1,240.0
7,0,1755600029.0,1,1,1,1,6,0,9,10,1,0,59.0
0,0,1740274831.0,1,0,1,3,4,5,8,1,6,1,212.0
7,0,1747446088.0,1,1,1,1,3,6,5,1,5,1,153.0
0,0,1754046024.0,0,0,0,0,1,5,8,11,4,0,186.0
0,0,1771896742.0,1,0,1,0,1,7,4,1,1,0,176.0
0,0,1764040744.0,3,0,3,0,4,5,0,3,1,0,134.0
0,0,1755046477.0,0,0,0,4,5,3,0,0,2,0,120.0
0,0,1759452323.0,2,0,2,3,3,3,9,0,4,0,174.0
0,0,1767511956.0,3,0,3,5,1,15,5,7,6,1,211.0
0,0,1772137721.0,3,0,3,3,3,6,9,20,3,0,6.0
0,0,1748870009.0,2,0,2,5,5,2,9,13,0,0,191.0
0,0,1750350307.0,1,0,1,3,2,2,4,16,3,0,200.0
0,0,1753942441.0,1,0,1,1,3,2,0,6,3,0,131.0
0,0,1766404093.0,0,0,0,5,1,6,5,11,0,0,34.0
0,0,1770125152.0,1,0,1,2,5,2,0,13,1,0,7.0
0,0,1739971216.0,1,0,1,2,3,1,5,13,2,0,80.0
0,0,1763944653.0,1,0,1,3,1,2,9,0,0,0,10.0
0,0,1744676237.0,3,0,3,4,6,2,9,0,1,0,91.0
0,0,1738251866.0,2,0,2,5,6,1,9,15,3,0,155.0
0,0,1746281109.0,2,0,2,1,4,1,0,14,5,1,50.0
0,0,1744959408.0,1,0,1,1,4,4,4,6,4,0,122.0
0,0,1765683849.0,0,0,0,2,6,7,4,3,6,1,161.0
0,0,1755819478.0,1,0,1,2,4,0,4,23,3,0,216.0
0,0,1737882051.0,1,0,1,3,1,4,8,9,6,1,17.0
0,0,1763896131.0,0,0,0,0,1,3,5,11,6,1,147.0
0,0,1770856210.0,0,0,0,4,2,2,9,0,3,0,183.0
0,0,1739170188.0,0,0,0,2,6,7,0,6,0,0,189.0
0,0,1736134277.0,3,0,3,5,2,5,4,3,0,0,102.0
0,0,1743409925.0,0,0,0,3,1,3,0,8,0,0,161.0
0,0,1760486906.0,1,0,1,0,1,4,9,0,2,0,221.0
0,0,1744718980.0,2,0,2,4,5,6,0,12,1,0,111.0
0,0,1756644174.0,0,0,0,4,3,2,8,12,6,1,162.0
0,0,1747228457.0,1,0,1,2,5,4,4,13,2,0,67.0
0,0,1748903527.0,3,0,3,4,3,2,4,22,0,0,78.0
0,0,1744898110.0,3,0,3,4,2,2,5,13,3,0,208.0
0,0,1756448550.0,0,0,0,3,3,2,5,6,4,0,127.0
0,0,1760037316.0,3,0,3,0,1,0,8,19,3,0,85.0
7,0,1744650509.0,1,1,1,0,6,3,5,17,0,0,66.0
0,0,1749318209.0,1,0,1,2,5,2,0,17,5,1,19.0
0,0,1769677772.0,3,0,3,1,2,10,9,9,3,0,239.0
0,0,1772565757.0,0,0,0,0,6,3,9,19,1,0,150.0
0,0,1753113899.0,0,0,0,4,4,3,0,16,0,0,195.0
0,0,1761402245.0,0,0,0,4,4,10,5,14,5,1,52.0
0,0,1769850013.0,3,0,3,3,2,2,0,9,5,1,230.0
0,0,1764078796.0,3,0,3,2,2,2,5,13,1,0,77.0
0,0,1763656914.0,3,0,3,5,4,4,0,16,3,0,36.0
0,0,1747686899.0,1,0,1,0,6,3,8,20,0,0,103.0
7,0,1758227760.0,3,1,3,4,1,3,5,20,3,0,154.0
0,0,1760654912.0,3,0,3,0,2,1,0,22,3,0,69.0
0,0,1771856023.0,0,0,0,4,2,5,4,14,0,0,148.0
0,0,1772127556.0,2,0,2,0,3,2,8,17,3,0,27.0
0,0,1738098064.0,1,0,1,1,5,1,8,21,1,0,91.0
0,0,1745182956.0,1,0,1,2,2,10,4,21,6,1,238.0
0,0,1745878130.0,3,0,3,1,2,2,8,22,0,0,155.0
0,0,1765197885.0,3,0,3,0,4,15,4,12,0,0,83.0
0,0,1736132410.0,2,0,2,4,3,1,0,3,0,0,154.0
0,0,1738583525.0,0,0,0,0,5,2,4,11,0,0,151.0
0,0,1751932507.0,2,0,2,4,3,1,0,23,0,0,216.0
0,0,1750757345.0,1,0,1,3,1,0,8,9,1,0,192.0
0,0,1741043502.0,1,0,1,1,3,6,0,23,0,0,148.0
0,0,1767768154.0,2,0,2,4,5,3,8,6,2,0,35.0
0,0,1736299290.0,3,0,3,3,6,6,0,1,2,0,240.0
0,0,1772499234.0,1,0,1,4,6,1,0,0,1,0,189.0
0,0,1763067676.0,1,0,1,4,2,4,9,21,3,0,190.0
0,0,1745470362.0,2,0,2,3,4,15,8,4,3,0,25.0
0,0,1738295097.0,1,0,1,1,2,10,9,3,4,0,126.0
0,0,1768672425.0,1,0,1,0,5,10,9,17,5,1,72.0
0,0,1741964012.0,0,0,0,3,5,6,0,14,4,0,206.0
0,0,1752965034.0,3,0,3,0,2,10,4,22,5,1,229.0
0,0,1751335541.0,0,0,0,1,5,3,8,2,1,0,142.0
7,0,1769686477.0,3,1,3,2,2,2,8,11,3,0,229.0
0,0,1747492697.0,3,0,3,5,2,3,8,14,5,1,197.0
0,0,1753226051.0,0,0,0,5,4,3,9,23,1,0,58.0
0,0,1753331711.0,1,0,1,3,5,3,4,4,3,0,202.0
0,0,1736572291.0,0,0,0,0,2,3,5,5,5,1,17.0
0,0,1765820548.0,2,0,2,0,4,3,4,17,0,0,191.0
0,0,1769066154.0,2,0,2,5,1,2,9,7,3,0,68.0
0,0,1761846065.0,2,0,2,0,2,3,0,17,3,0,18.0
0,0,1740486999.0,0,0,0,3,1,2,9,12,1,0,153.0
0,0,1737391065.0,1,0,1,2,3,15,8,16,0,0,123.0
0,0,1765777113.0,2,0,2,0,3,3,4,5,0,0,74.0
0,0,1738973799.0,3,0,3,2,4,1,9,0,5,1,43.0
0,0,1743980826.0,3,0,3,2,2,10,8,23,6,1,231.0
0,0,1769582960.0,0,0,0,5,5,4,4,6,2,0,105.0
0,0,1760848241.0,2,0,2,2,3,2,9,4,6,1,104.0
0,0,1747776786.0,1,0,1,3,3,2,4,21,1,0,96.0
0,0,1747025524.0,2,0,2,1,4,4,0,4,0,0,142.0
7,0,1740727837.0,1,1,1,1,5,2,8,7,4,0,77.0
0,0,1769540681.0,3,0,3,4,6,10,9,19,1,0,234.0
0,0,1753508917.0,2,0,2,3,2,3,0,5,5,1,188.0
0,0,1735821517.0,2,0,2,3,5,10,9,12,3,0,112.0
0,0,1761350779.0,0,0,0,2,6,6,8,0,5,1,182.0
0,0,1767983739.0,1,0,1,3,5,5,5,18,4,0,188.0
0,0,1735878792.0,2,0,2,2,2,2,8,4,4,0,228.0
0,0,1755832874.0,2,0,2,4,6,0,9,3,4,0,210.0
0,0,1769027397.0,0,0,0,3,3,3,0,20,2,0,65.0
0,0,1738825801.0,0,0,0,4,4,6,0,7,3,0,148.0
0,0,1738364308.0,0,0,0,4,6,2,0,22,4,0,123.0
0,0,1763354207.0,3,0,3,2,5,2,4,4,0,0,174.0
0,0,1742580714.0,1,0,1,0,6,2,8,18,4,0,13.0
0,0,1769559775.0,2,0,2,2,4,1,0,0,2,0,44.0
0,0,1764184311.0,2,0,2,1,4,2,0,19,2,0,201.0
0,0,1748077801.0,0,0,0,3,4,2,0,9,5,1,35.0
0,0,1754036777.0,2,0,2,0,6,1,4,8,4,0,203.0
0,0,1750171306.0,0,0,0,2,3,2,5,14,1,0,127.0
0,0,1761137433.0,1,0,1,4,4,2,0,12,2,0,79.0
0,0,1746012832.0,3,0,3,5,1,15,9,11,2,0,131.0
7,0,1752224376.0,1,1,1,0,2,4,8,8,4,0,110.0
0,0,1750566068.0,3,0,3,2,6,2,5,4,6,1,78.0
0,0,1758672814.0,1,0,1,3,3,2,5,0,2,0,189.0
0,0,1739788028.0,0,0,0,0,3,10,9,10,0,0,118.0
0,0,1758381173.0,3,0,3,3,2,4,0,15,5,1,65.0
0,0,1747255879.0,3,0,3,2,5,4,5,20,2,0,14.0
0,0,1737984496.0,0,0,0,1,2,7,5,13,0,0,135.0
0,0,1737798517.0,0,0,0,3,2,1,0,9,5,1,76.0
0,0,1767489578.0,2,0,2,2,5,4,9,1,6,1,80.0
0,0,1753203695.0,3,0,3,2,4,11,0,17,1,0,174.0
0,0,1737193593.0,0,0,0,5,2,6,8,9,5,1,90.0
0,0,1759380398.0,2,0,2,4,4,3,4,4,3,0,2.0
0,0,1750409934.0,0,0,0,1,3,1,0,8,4,0,206.0
0,0,1748373502.0,3,0,3,0,4,2,4,19,1,0,85.0
0,0,1737563365.0,3,0,3,1,6,3,4,16,2,0,58.0
0,0,1747866650.0,3,0,3,5,4,2,5,22,2,0,94.0
0,0,1742146085.0,1,0,1,5,2,3,9,17,6,1,50.0
0,0,1758564936.0,0,0,0,2,5,1,8,18,0,0,170.0
0,0,1762162995.0,2,0,2,2,6,3,4,9,0,0,187.0
0,0,1738654489.0,2,0,2,4,3,2,5,7,1,0,74.0
0,0,1738489150.0,2,0,2,3,4,10,5,9,6,1,231.0
0,0,1746489612.0,0,0,0,5,5,6,9,0,1,0,16.0
0,0,1745360800.0,1,0,1,0,3,6,4,22,1,0,126.0
0,0,1745627950.0,0,0,0,0,4,2,4,0,5,1,20.0
7,0,1760593031.0,3,1,3,4,6,3,0,5,3,0,142.0
0,0,1738356776.0,3,0,3,0,5,0,8,20,4,0,58.0
0,0,1746933348.0,1,0,1,3,2,3,4,3,6,1,12.0
0,0,1738706864.0,2,0,2,0,1,2,5,22,1,0,39.0
0,0,1769175486.0,0,0,0,3,2,2,0,13,4,0,173.0
0,0,1765974926.0,3,0,3,5,3,3,8,12,2,0,141.0
0,0,1767134260.0,1,0,1,3,4,3,4,22,1,0,93.0
0,0,1744081437.0,0,0,0,5,4,2,9,3,1,0,56.0
0,0,1753667824.0,1,0,1,2,3,2,5,1,0,0,102.0
0,0,1754211279.0,2,0,2,3,3,2,0,8,6,1,201.0
0,0,1769992006.0,0,0,0,1,6,10,5,0,0,0,35.0
7,0,1738221554.0,1,1,1,5,1,5,5,7,3,0,204.0
0,0,1757521464.0,2,0,2,3,3,3,4,16,2,0,2.0
0,0,1762025385.0,2,0,2,5,2,2,5,19,5,1,12.0
0,0,1738945316.0,1,0,1,3,2,0,9,16,4,0,217.0
0,0,1770198370.0,1,0,1,0,1,2,9,9,2,0,148.0
0,0,1752086850.0,0,0,0,1,4,6,9,18,2,0,102.0
0,0,1751837233.0,2,0,2,0,3,6,0,21,6,1,101.0
0,0,1756910022.0,0,0,0,4,1,4,5,14,2,0,36.0
0,0,1753439196.0,1,0,1,2,2,3,4,10,4,0,62.0
0,0,1735779436.0,0,0,0,5,4,3,0,0,3,0,150.0
0,0,1772037666.0,2,0,2,5,1,0,4,16,2,0,197.0
0,0,1757058880.0,1,0,1,1,2,3,5,7,4,0,205.0
0,0,1752266587.0,3,0,3,0,1,10,9,20,4,0,239.0
0,0,1746478622.0,1,0,1,5,6,1,4,20,0,0,6.0
0,0,1753882187.0,0,0,0,0,3,6,5,13,2,0,65.0
0,0,1746935494.0,2,0,2,4,4,2,4,3,6,1,222.0
0,0,1743206557.0,1,0,1,5,4,10,0,0,5,1,153.0
0,0,1770503511.0,2,0,2,5,6,6,9,22,5,1,175.0
0,0,1741918737.0,3,0,3,5,1,3,9,2,4,0,130.0
0,0,1749919716.0,3,0,3,1,5,6,0,16,5,1,34.0
0,0,1761403131.0,3,0,3,3,6,6,5,14,5,1,196.0
0,0,1744941460.0,3,0,3,0,1,2,0,1,4,0,20.0
0,0,1770735990.0,3,0,3,4,4,5,4,15,1,0,211.0
0,0,1748671667.0,2,0,2,4,5,1,4,6,5,1,210.0
0,0,1742971206.0,0,0,0,2,4,10,9,6,2,0,144.0
0,0,1751765603.0,1,0,1,5,5,2,0,1,6,1,233.0
0,0,1772588047.0,3,0,3,4,5,10,9,1,2,0,208.0
0,0,1737651019.0,0,0,0,5,5,7,8,16,3,0,222.0
0,0,1740334826.0,2,0,2,5,1,6,9,18,6,1,125.0
0,0,1736790375.0,3,0,3,0,1,10,8,17,0,0,165.0
0,0,1736269743.0,0,0,0,3,3,2,8,17,1,0,120.0
0,0,1760183061.0,0,0,0,0,4,1,0,11,5,1,178.0
7,0,1754304307.0,3,1,3,3,3,11,9,10,0,0,75.0
0,0,1749729250.0,3,0,3,5,2,1,8,11,3,0,203.0
0,0,1753710241.0,3,0,3,4,3,2,5,13,0,0,20.0
0,0,1753986498.0,2,0,2,3,4,3,8,18,3,0,94.0
0,0,1770903165.0,2,0,2,3,5,0,0,13,3,0,222.0
0,0,1735885442.0,3,0,3,4,6,11,9,6,4,0,211.0
0,0,1758991798.0,2,0,2,1,5,10,9,16,5,1,43.0
0,0,1758922107.0,3,0,3,0,6,1,0,21,4,0,199.0
0,0,1760931810.0,3,0,3,2,2,2,0,3,0,0,185.0
0,0,1763115972.0,2,0,2,3,5,15,9,10,4,0,64.0
0,0,1770078149.0,1,0,1,4,2,5,0,0,1,0,240.0
0,0,1765898648.0,3,0,3,2,2,1,5,15,1,0,130.0
0,0,1748887545.0,3,0,3,0,3,7,9,18,0,0,202.0
0,0,1741700043.0,2,0,2,5,1,10,8,13,1,0,22.0
0,0,1767871043.0,0,0,0,5,2,3,5,11,3,0,6.0
0,0,1748742502.0,0,0,0,1,3,0,9,1,6,1,71.0
0,0,1754991857.0,3,0,3,4,5,11,9,9,1,0,134.0
0,0,1742504821.0,3,0,3,5,3,3,4,21,3,0,233.0
0,0,1766233695.0,2,0,2,5,3,10,5,12,5,1,26.0
0,0,1759900647.0,1,0,1,1,6,6,8,5,2,0,45.0
0,0,1764786168.0,0,0,0,4,3,1,4,18,2,0,204.0
0,0,1772157918.0,2,0,2,2,2,2,4,2,4,0,22.0
0,0,1762619050.0,0,0,0,5,4,4,8,16,5,1,52.0
0,0,1736880179.0,2,0,2,0,5,3,4,18,1,0,224.0
0,0,1760975348.0,0,0,0,4,2,5,0,15,0,0,195.0
0,0,1743858564.0,3,0,3,0,2,2,8,13,5,1,233.0
0,0,1757234500.0,0,0,0,1,2,2,9,8,6,1,224.0
0,0,1751590433.0,3,0,3,3,1,1,0,0,4,0,80.0
0,0,1746816990.0,3,0,3,1,3,0,4,18,4,0,133.0
0,0,1756895476.0,1,0,1,1,3,2,5,10,2,0,80.0
0,0,1752396528.0,0,0,0,0,5,1,9,8,6,1,86.0
0,0,1753439812.0,2,0,2,2,2,3,9,10,4,0,152.0
0,0,1745620962.0,3,0,3,1,1,11,5,22,4,0,67.0
0,0,1768973691.0,0,0,0,2,3,3,5,5,2,0,176.0
0,0,1758719619.0,1,0,1,2,1,1,9,13,2,0,189.0
0,0,1751959625.0,0,0,0,1,4,4,8,7,1,0,225.0
0,0,1737993476.0,2,0,2,2,1,2,4,15,0,0,135.0
0,0,1748629297.0,2,0,2,2,4,3,4,18,4,0,85.0
0,0,1742698606.0,0,0,0,4,3,10,4,2,6,1,220.0
0,0,1744141778.0,3,0,3,0,3,1,9,19,1,0,57.0
0,0,1754871222.0,0,0,0,0,5,3,8,0,0,0,108.0
0,0,1753152386.0,3,0,3,4,5,11,5,2,1,0,221.0
0,0,1754052689.0,1,0,1,4,4,10,4,12,4,0,236.0
0,0,1754605702.0,1,0,1,4,1,7,5,22,3,0,144.0
0,0,1744099407.0,3,0,3,1,5,4,5,8,1,0,112.0
0,0,1755394572.0,0,0,0,4,3,0,5,1,6,1,211.0
0,0,1742316899.0,1,0,1,5,6,4,4,16,1,0,13.0
0,0,1757375190.0,0,0,0,3,4,10,9,23,0,0,23.0
0,0,1765572055.0,1,0,1,0,6,0,5,20,4,0,121.0
0,0,1767948940.0,3,0,3,3,1,6,5,8,4,0,68.0
0,0,1747697626.0,2,0,2,2,3,0,9,23,0,0,57.0
0,0,1743043183.0,0,0,0,4,2,4,0,2,3,0,139.0
0,0,1744967969.0,2,0,2,3,6,10,4,9,4,0,75.0
0,0,1756790908.0,3,0,3,0,4,6,0,5,1,0,10.0
0,0,1768385574.0,1,0,1,1,5,6,0,10,2,0,163.0
0,0,1763721750.0,3,0,3,4,6,10,0,10,4,0,82.0
0,0,1750051984.0,1,0,1,5,2,4,4,5,0,0,154.0
0,0,1740825517.0,2,0,2,3,2,3,4,10,5,1,115.0
0,0,1760649847.0,0,0,0,4,6,4,4,21,3,0,101.0
0,0,1767422915.0,3,0,3,5,5,11,5,6,5,1,173.0
0,0,1755264621.0,0,0,0,4,6,0,5,13,4,0,82.0
0,0,1746446519.0,2,0,2,1,2,2,9,12,0,0,188.0
0,0,1738041775.0,2,0,2,4,4,10,0,5,1,0,172.0
0,0,1764995431.0,1,0,1,3,2,1,4,4,5,1,82.0
0,0,1759095725.0,0,0,0,4,6,10,0,21,6,1,136.0
0,0,1771663344.0,3,0,3,5,3,2,5,8,5,1,41.0
0,0,1738298128.0,1,0,1,0,4,6,5,4,4,0,130.0
0,0,1763024791.0,3,0,3,3,3,1,0,9,3,0,104.0
0,0,1754216746.0,2,0,2,0,2,2,8,10,6,1,135.0
0,0,1758192773.0,0,0,0,1,2,0,5,10,3,0,149.0
0,0,1748266673.0,1,0,1,5,3,3,4,13,0,0,188.0
0,0,1758051441.0,1,0,1,2,1,6,5,19,1,0,215.0
0,0,1740036104.0,1,0,1,0,4,2,0,7,3,0,13.0
7,0,1751788809.0,0,1,0,5,5,10,9,8,6,1,62.0
0,0,1749545176.0,1,0,1,3,3,6,5,8,1,0,215.0
0,0,1759846489.0,0,0,0,5,4,6,5,14,1,0,23.0
0,0,1763151185.0,1,0,1,4,3,1,8,20,4,0,183.0
0,0,1767879345.0,2,0,2,4,3,6,5,13,3,0,157.0
0,0,1761436916.0,1,0,1,5,4,3,4,0,6,1,206.0
0,0,1763636673.0,0,0,0,1,2,2,9,11,3,0,146.0
0,0,1751955677.0,2,0,2,5,6,0,4,6,1,0,160.0
0,0,1742634460.0,1,0,1,0,3,5,5,9,5,1,213.0
0,0,1738157242.0,1,0,1,1,6,4,9,13,2,0,13.0
0,0,1766077370.0,1,0,1,4,6,3,8,17,3,0,138.0
0,0,1771402840.0,3,0,3,0,3,3,5,8,2,0,54.0
0,0,1746999923.0,2,0,2,4,1,6,5,21,6,1,144.0
0,0,1771215439.0,2,0,2,4,5,3,4,4,0,0,167.0
0,0,1771377933.0,1,0,1,2,6,4,8,1,2,0,58.0
7,0,1769819178.0,0,1,0,1,2,6,0,0,5,1,130.0
0,0,1751029680.0,0,0,0,4,6,1,4,13,4,0,71.0
0,0,1761807767.0,0,0,0,4,4,1,9,7,3,0,117.0
0,0,1740685321.0,0,0,0,5,4,0,4,19,3,0,80.0
0,0,1767118026.0,3,0,3,4,5,2,5,18,1,0,98.0
0,0,1761099259.0,3,0,3,1,2,4,4,2,2,0,220.0
0,0,1757495771.0,2,0,2,3,1,11,5,9,2,0,221.0
0,0,1770564664.0,0,0,0,0,2,6,0,15,6,1,101.0
0,0,1751644720.0,0,0,0,0,5,0,9,15,4,0,97.0
0,0,1740873472.0,1,0,1,3,2,2,9,23,5,1,239.0
0,0,1741656641.0,2,0,2,3,5,2,8,1,1,0,126.0
0,0,1740648391.0,1,0,1,3,4,2,9,9,3,0,223.0
0,0,1752845702.0,3,0,3,2,6,11,0,13,4,0,220.0
0,0,1767732867.0,3,0,3,5,1,1,9,20,1,0,97.0
0,0,1763499389.0,3,0,3,4,1,2,5,20,1,0,149.0
0,0,1745335844.0,1,0,1,0,5,3,5,15,1,0,42.0
0,0,1769427742.0,1,0,1,3,6,6,4,11,0,0,81.0
0,0,1765184014.0,1,0,1,0,1,1,5,8,0,0,149.0
0,0,1736778372.0,2,0,2,3,5,5,8,14,0,0,187.0
0,0,1745650949.0,0,0,0,0,4,2,4,7,5,1,10.0
0,0,1750417475.0,2,0,2,4,1,10,0,11,4,0,54.0
0,0,1758974310.0,3,0,3,1,6,0,9,11,5,1,226.0
0,0,1739655541.0,1,0,1,0,2,0,0,21,5,1,75.0
0,0,1740797291.0,1,0,1,2,6,2,5,2,5,1,220.0
0,0,1742501993.0,3,0,3,4,1,10,4,20,3,0,34.0
7,0,1740445883.0,3,1,3,4,3,11,9,1,1,0,30.0
0,0,1745594914.0,2,0,2,0,6,4,0,15,4,0,68.0
0,0,1752915854.0,3,0,3,4,3,3,4,9,5,1,164.0
0,0,1740895102.0,1,0,1,5,2,10,8,5,6,1,226.0
0,0,1750812197.0,1,0,1,0,2,3,9,0,2,0,22.0
0,0,1761067227.0,3,0,3,2,6,3,5,17,1,0,6.0
0,0,1758605624.0,0,0,0,0,5,2,5,5,1,0,216.0
0,0,1745297488.0,1,0,1,3,1,11,4,4,1,0,37.0
0,0,1746918713.0,0,0,0,2,4,10,0,23,5,1,159.0
0,0,1765227703.0,0,0,0,1,2,0,5,21,0,0,41.0
0,0,1771708861.0,2,0,2,0,2,11,0,21,5,1,37.0
0,0,1755586409.0,3,0,3,0,3,5,9,6,1,0,70.0
0,0,1763357589.0,3,0,3,1,2,2,8,5,0,0,212.0
0,0,1766115655.0,2,0,2,5,1,3,0,3,4,0,121.0
0,0,1760026667.0,1,0,1,4,5,2,0,16,3,0,8.0
7,0,1761331205.0,3,1,3,3,1,4,9,18,4,0,49.0
0,0,1769600974.0,1,0,1,1,1,3,5,11,2,0,31.0
0,0,1736667061.0,3,0,3,3,6,6,8,7,6,1,162.0
0,0,1743154962.0,0,0,0,4,5,2,8,9,4,0,54.0
0,0,1758996030.0,1,0,1,3,2,3,0,18,5,1,45.0
0,0,1768238680.0,1,0,1,1,1,4,0,17,0,0,206.0
0,0,1761193234.0,1,0,1,0,1,0,0,4,3,0,160.0
0,0,1750726570.0,2,0,2,1,3,2,4,0,1,0,180.0
0,0,1771215387.0,3,0,3,5,2,1,5,4,0,0,98.0
0,0,1771106653.0,1,0,1,4,2,4,5,22,5,1,59.0
0,0,1755380401.0,2,0,2,2,6,2,5,21,5,1,28.0
0,0,1768362586.0,2,0,2,0,6,4,9,3,2,0,220.0
0,0,1743168048.0,1,0,1,3,2,5,5,13,4,0,75.0
0,0,1767455671.0,0,0,0,3,2,0,4,15,5,1,18.0
0,0,1741055480.0,3,0,3,5,6,1,8,2,1,0,56.0
0,0,1763965224.0,3,0,3,0,2,2,5,6,0,0,217.0
0,0,1753038734.0,3,0,3,1,1,0,9,19,6,1,204.0
0,0,1770817232.0,2,0,2,2,6,2,8,13,2,0,23.0
7,0,1746864072.0,1,1,1,4,4,2,9,8,5,1,230.0
0,0,1739980923.0,2,0,2,0,3,11,8,16,2,0,14.0
0,0,1757969259.0,1,0,1,0,5,6,8,20,0,0,217.0
0,0,1739191424.0,1,0,1,4,4,2,5,12,0,0,159.0
0,0,1745807302.0,2,0,2,0,6,2,4,2,0,0,12.0
0,0,1745276533.0,1,0,1,3,3,11,5,23,0,0,5.0
0,0,1758565623.0,3,0,3,2,6,3,0,18,0,0,152.0
0,0,1763743562.0,1,0,1,5,6,3,4,16,4,0,40.0
0,0,1743095652.0,1,0,1,0,4,4,0,17,3,0,168.0
0,0,1758989129.0,3,0,3,4,1,2,8,16,5,1,102.0
0,0,1743988462.0,2,0,2,4,2,1,5,1,0,0,44.0
0,0,1757719296.0,2,0,2,0,1,4,0,23,4,0,148.0
0,0,1769454299.0,0,0,0,1,2,6,5,19,0,0,197.0
0,0,1755096270.0,0,0,0,5,3,10,8,14,2,0,59.0
7,0,1745080582.0,1,1,1,0,5,1,9,16,5,1,152.0
0,0,1753319396.0,3,0,3,2,3,10,5,1,3,0,43.0
0,0,1747737106.0,1,0,1,2,6,3,4,10,1,0,159.0
0,0,1739495584.0,3,0,3,1,3,3,9,1,4,0,135.0
0,0,1758675349.0,1,0,1,4,5,2,4,0,2,0,45.0
0,0,1738334157.0,0,0,0,1,6,11,0,14,4,0,90.0
0,0,1736591344.0,1,0,1,4,3,10,5,10,5,1,58.0
0,0,1738875858.0,3,0,3,2,6,6,4,21,3,0,149.0
0,0,1759155593.0,0,0,0,5,3,0,0,14,0,0,70.0
0,0,1742220650.0,2,0,2,2,3,2,8,14,0,0,25.0
0,0,1764725357.0,0,0,0,1,1,3,5,1,2,0,181.0
0,0,1765986467.0,3,0,3,5,4,6,5,15,2,0,15.0
0,0,1771233927.0,0,0,0,3,1,6,5,9,0,0,26.0
0,0,1739646588.0,1,0,1,4,6,2,5,19,5,1,112.0
0,0,1768528122.0,0,0,0,3,2,3,5,1,4,0,57.0
0,0,1749393579.0,2,0,2,5,5,2,9,14,6,1,60.0
0,0,1763662466.0,2,0,2,5,2,6,0,18,3,0,148.0
0,0,1769033200.0,0,0,0,1,2,2,8,22,2,0,40.0
0,0,1740889649.0,1,0,1,1,4,3,4,4,6,1,80.0
0,0,1739055241.0,0,0,0,3,3,10,0,22,5,1,67.0
0,0,1754301416.0,1,0,1,3,2,0,8,9,0,0,199.0
0,0,1763394741.0,0,0,0,3,4,2,9,15,0,0,79.0
0,0,1754252046.0,1,0,1,2,3,2,4,20,6,1,80.0
0,0,1749315759.0,0,0,0,5,2,3,0,17,5,1,110.0
0,0,1736988315.0,0,0,0,5,6,1,8,0,3,0,217.0
7,0,1744311732.0,0,1,0,5,6,2,9,19,3,0,109.0
0,0,1744010409.0,2,0,2,3,5,0,5,7,0,0,193.0
0,0,1752026430.0,0,0,0,0,1,2,5,2,2,0,50.0
0,0,1770271330.0,2,0,2,0,5,6,4,6,3,0,182.0
0,0,1761330504.0,0,0,0,4,4,6,4,18,4,0,107.0
0,0,1739316529.0,3,0,3,0,5,11,0,23,1,0,58.0
0,0,1751026347.0,0,0,0,2,6,3,0,12,4,0,196.0
0,0,1772286195.0,0,0,0,0,3,2,5,13,5,1,120.0
0,0,1755376896.0,1,0,1,5,6,10,5,20,5,1,146.0
0,0,1748365860.0,3,0,3,5,1,3,9,17,1,0,54.0
0,0,1745090340.0,2,0,2,5,4,11,4,19,5,1,91.0
0,0,1770790782.0,1,0,1,3,5,2,4,6,2,0,60.0
0,0,1742712021.0,3,0,3,4,6,3,0,6,6,1,226.0
0,0,1771816150.0,0,0,0,5,5,2,5,3,0,0,26.0
0,0,1770550405.0,1,0,1,1,1,2,4,11,6,1,33.0
0,0,1739881524.0,1,0,1,0,1,0,5,12,1,0,149.0
0,0,1765560109.0,0,0,0,3,2,3,0,17,4,0,188.0
0,0,1767045164.0,0,0,0,4,3,6,0,21,0,0,66.0
0,0,1743349259.0,3,0,3,3,5,0,4,15,6,1,82.0
7,0,1759619520.0,2,1,2,0,6,11,0,23,5,1,32.0
0,0,1736793624.0,3,0,3,5,1,6,9,18,0,0,120.0
0,0,1759912205.0,1,0,1,5,5,3,5,8,2,0,153.0
0,0,1742515914.0,1,0,1,1,4,11,4,0,4,0,59.0
0,0,1769869680.0,1,0,1,4,4,2,5,14,5,1,18.0
0,0,1743781914.0,1,0,1,4,1,10,8,15,4,0,47.0
0,0,1772656854.0,3,0,3,0,6,3,5,20,2,0,89.0
0,0,1760125922.0,1,0,1,1,4,0,4,19,4,0,136.0
0,0,1764358071.0,2,0,2,2,6,3,0,19,4,0,31.0
0,0,1742552975.0,3,0,3,0,3,6,8,10,4,0,109.0
0,0,1739668822.0,2,0,2,1,3,3,4,1,6,1,209.0
0,0,1766462679.0,2,0,2,2,6,2,5,4,1,0,111.0
0,0,1762693591.0,3,0,3,5,5,6,5,13,6,1,207.0
0,0,1741244719.0,3,0,3,2,2,2,8,7,3,0,123.0
0,0,1753705926.0,2,0,2,0,3,2,4,12,0,0,17.0
0,0,1764953436.0,0,0,0,4,4,1,9,16,4,0,25.0
0,0,1763192713.0,2,0,2,0,4,3,0,7,5,1,46.0
0,0,1745709149.0,1,0,1,5,4,2,0,23,5,1,180.0
0,0,1758668568.0,0,0,0,1,1,2,0,23,1,0,226.0
0,0,1739583773.0,2,0,2,2,3,6,8,1,5,1,137.0
0,0,1772411443.0,2,0,2,2,5,0,9,0,0,0,125.0
0,0,1750730065.0,2,0,2,4,1,1,5,1,1,0,6.0
0,0,1761024423.0,2,0,2,4,6,10,5,5,1,0,29.0
0,0,1744431711.0,1,0,1,2,4,2,4,4,5,1,106.0
0,0,1758959246.0,0,0,0,0,2,2,9,7,5,1,189.0
0,0,1770679923.0,0,0,0,3,6,2,5,23,0,0,134.0
0,0,1756835311.0,2,0,2,5,2,2,8,17,1,0,146.0
0,0,1753240946.0,1,0,1,0,5,2,4,3,2,0,153.0
0,0,1751107779.0,3,0,3,1,5,6,4,10,5,1,48.0
0,0,1736898256.0,1,0,1,3,4,5,8,23,1,0,165.0
0,0,1738616094.0,1,0,1,3,5,2,4,20,0,0,7.0
0,0,1772031532.0,2,0,2,5,4,2,9,14,2,0,28.0
0,0,1764445400.0,0,0,0,3,6,0,9,19,5,1,71.0
7,0,1740840839.0,0,1,0,1,5,4,4,14,5,1,224.0
0,0,1755642766.0,3,0,3,2,1,2,0,22,1,0,102.0
0,0,1763861673.0,2,0,2,5,3,3,8,1,6,1,102.0
0,0,1750693145.0,2,0,2,0,5,0,5,15,0,0,61.0
0,0,1741496340.0,1,0,1,5,2,2,5,4,6,1,188.0
0,0,1761092250.0,2,0,2,2,5,3,8,0,2,0,68.0
0,0,1768145940.0,1,0,1,2,5,0,5,15,6,1,217.0
0,0,1765514283.0,2,0,2,2,1,2,8,4,4,0,237.0
0,0,1743614349.0,0,0,0,4,6,3,8,17,2,0,142.0
0,0,1756146836.0,3,0,3,5,6,2,0,18,0,0,21.0
0,0,1743646057.0,3,0,3,5,3,4,9,2,3,0,172.0
0,0,1770340019.0,3,0,3,0,1,2,4,1,4,0,36.0
0,0,1765320718.0,3,0,3,0,2,10,9,22,1,0,177.0
0,0,1759105125.0,0,0,0,5,3,15,5,0,0,0,215.0
0,0,1764703601.0,0,0,0,1,6,15,5,19,1,0,34.0
0,0,1738629579.0,1,0,1,0,4,2,4,0,1,0,164.0
0,0,1763107804.0,3,0,3,5,4,10,9,8,4,0,232.0
0,0,1737585200.0,0,0,0,4,5,1,8,22,2,0,194.0
0,0,1772581702.0,1,0,1,3,6,1,0,23,1,0,209.0
0,0,1746274056.0,0,0,0,2,6,2,9,12,5,1,198.0
0,0,1758569505.0,0,0,0,1,2,3,4,19,0,0,170.0
0,0,1738213240.0,2,0,2,0,4,4,0,5,3,0,96.0
7,0,1751515871.0,1,1,1,2,4,6,9,4,3,0,240.0
0,0,1735833049.0,0,0,0,3,1,2,4,15,3,0,197.0
0,0,1754174399.0,1,0,1,1,3,2,0,22,5,1,188.0
0,0,1766104215.0,3,0,3,0,1,1,0,0,4,0,51.0
0,0,1756680744.0,0,0,0,0,1,2,8,22,6,1,58.0
7,0,1769637276.0,2,1,2,4,2,11,0,21,2,0,202.0
0,0,1767894281.0,3,0,3,0,5,15,8,17,3,0,31.0
0,0,1745692871.0,1,0,1,3,4,6,8,18,5,1,22.0
0,0,1759505438.0,1,0,1,5,5,2,0,15,4,0,104.0
0,0,1748149848.0,2,0,2,0,2,11,5,5,6,1,180.0
0,0,1764921392.0,1,0,1,5,5,3,4,7,4,0,184.0
0,0,1761394002.0,3,0,3,2,5,2,8,12,5,1,81.0
0,0,1760664038.0,2,0,2,4,6,2,8,1,4,0,184.0
0,0,1735931074.0,1,0,1,1,2,2,5,19,4,0,87.0
0,0,1767900388.0,0,0,0,3,5,4,4,19,3,0,150.0
0,0,1771908043.0,3,0,3,0,2,5,0,4,1,0,176.0
0,0,1769445845.0,2,0,2,5,5,0,5,16,0,0,240.0
0,0,1772817834.0,3,0,3,1,5,1,0,17,4,0,149.0
0,0,1746442574.0,3,0,3,0,6,2,0,10,0,0,201.0
0,0,1748193256.0,2,0,2,0,6,10,0,17,6,1,34.0
0,0,1765872450.0,0,0,0,3,2,4,0,8,1,0,114.0
0,0,1771942374.0,3,0,3,4,3,5,8,14,1,0,105.0
0,0,1751651655.0,0,0,0,2,1,1,5,17,4,0,210.0
0,0,1742893336.0,2,0,2,0,1,2,0,9,1,0,74.0
0,0,1769404506.0,0,0,0,4,6,6,0,5,0,0,185.0
0,0,1749599104.0,1,0,1,4,1,2,5,23,1,0,233.0
0,0,1739720582.0,0,0,0,0,6,3,4,15,6,1,116.0
0,0,1759846431.0,2,0,2,4,5,2,0,14,1,0,216.0
0,0,1761279965.0,2,0,2,3,3,1,5,4,4,0,186.0
7,0,1745360850.0,0,1,0,3,3,10,0,22,1,0,186.0
0,0,1771488370.0,1,0,1,2,3,3,8,8,3,0,18.0
0,0,1752734433.0,2,0,2,1,5,3,5,6,3,0,203.0
0,0,1735866095.0,1,0,1,3,2,11,4,1,4,0,211.0
0,0,1749486173.0,0,0,0,4,3,4,8,16,0,0,67.0
0,0,1764711648.0,2,0,2,3,6,2,0,21,1,0,58.0
0,0,1763435445.0,0,0,0,5,1,3,4,3,1,0,54.0
0,0,1741804212.0,2,0,2,1,3,2,8,18,2,0,191.0
0,0,1748191795.0,1,0,1,3,6,2,5,16,6,1,161.0
0,0,1765648370.0,3,0,3,3,6,1,5,17,5,1,52.0
0,0,1752173948.0,3,0,3,0,1,11,5,18,3,0,118.0
0,0,1760576717.0,0,0,0,2,1,11,4,1,3,0,73.0
0,0,1751232169.0,0,0,0,0,4,10,9,21,6,1,71.0
0,0,1738600298.0,1,0,1,4,6,3,0,16,0,0,2.0
0,0,1757875986.0,1,0,1,5,6,1,0,18,6,1,53.0
0,0,1736244410.0,2,0,2,4,6,2,5,10,1,0,109.0
0,0,1757916565.0,1,0,1,5,5,3,0,6,0,0,63.0
0,0,1744815814.0,0,0,0,3,3,2,0,15,2,0,7.0
0,0,1746843497.0,1,0,1,0,5,1,4,2,5,1,216.0
0,0,1748522511.0,1,0,1,5,4,2,4,12,3,0,80.0
0,0,1746108710.0,1,0,1,4,5,6,0,14,3,0,7.0
0,0,1747544721.0,1,0,1,2,1,2,4,5,6,1,106.0
0,0,1755154912.0,1,0,1,0,3,1,0,7,3,0,152.0
0,0,1745479950.0,1,0,1,4,1,11,4,7,3,0,203.0
0,0,1753965071.0,1,0,1,0,1,2,9,12,3,0,51.0
0,0,1768064564.0,0,0,0,2,4,2,8,17,5,1,99.0
0,0,1751531033.0,3,0,3,2,2,2,5,8,3,0,210.0
7,0,1771925269.0,2,1,2,1,5,3,4,9,1,0,225.0
0,0,1766389311.0,1,0,1,2,3,10,0,7,0,0,38.0
0,0,1768613238.0,3,0,3,4,4,10,8,1,5,1,90.0
0,0,1757645559.0,3,0,3,2,1,2,5,2,4,0,224.0
0,0,1746909490.0,0,0,0,2,1,4,5,20,5,1,87.0
0,0,1747408444.0,0,0,0,2,6,2,8,15,4,0,138.0
0,0,1753270856.0,3,0,3,3,5,10,4,11,2,0,7.0
0,0,1772483537.0,3,0,3,5,2,11,5,20,0,0,37.0
0,0,1767266891.0,3,0,3,2,5,1,0,11,3,0,77.0
0,0,1738883131.0,0,0,0,1,1,6,5,23,3,0,132.0
0,0,1750162262.0,2,0,2,4,1,2,8,12,1,0,131.0
0,0,1760961057.0,2,0,2,3,3,11,9,11,0,0,47.0
7,0,1772409930.0,1,1,1,3,6,2,4,0,0,0,128.0
0,0,1758131540.0,3,0,3,4,2,3,5,17,2,0,208.0
0,0,1763951935.0,3,0,3,0,6,0,0,2,0,0,113.0
0,0,1768708756.0,2,0,2,0,5,2,4,3,6,1,153.0
0,0,1751292536.0,2,0,2,0,6,1,0,14,0,0,112.0
0,0,1764981781.0,1,0,1,2,1,3,4,0,5,1,158.0
0,0,1745947132.0,0,0,0,3,3,3,0,17,1,0,224.0
0,0,1772619269.0,0,0,0,2,6,2,8,10,2,0,61.0
0,0,1757365585.0,3,0,3,5,5,7,4,21,0,0,115.0
0,0,1747322360.0,2,0,2,4,2,6,8,15,3,0,182.0
0,0,1753229736.0,3,0,3,1,2,11,5,0,2,0,224.0
0,0,1743743141.0,1,0,1,3,1,3,8,5,4,0,40.0
0,0,1741877257.0,1,0,1,4,3,3,0,14,3,0,102.0
0,0,1772031403.0,2,0,2,5,6,6,4,14,2,0,201.0
0,0,1750838777.0,2,0,2,4,5,11,0,8,2,0,134.0
0,0,1748359515.0,3,0,3,3,6,1,0,15,1,0,161.0
0,0,1750698313.0,2,0,2,1,4,3,9,17,0,0,75.0
0,0,1749294827.0,0,0,0,3,1,2,4,11,5,1,179.0
0,0,1739961490.0,0,0,0,2,6,15,4,10,2,0,143.0
0,0,1740462063.0,0,0,0,2,4,1,8,5,1,0,34.0
0,0,1737437440.0,3,0,3,5,1,3,4,5,1,0,115.0
0,0,1740375761.0,1,0,1,5,2,6,8,5,0,0,50.0
0,0,1768148652.0,1,0,1,3,4,1,5,16,6,1,202.0
0,0,1767500267.0,2,0,2,2,1,10,9,4,6,1,192.0
0,0,1748759905.0,1,0,1,1,2,6,0,6,6,1,61.0
0,0,1751167854.0,1,0,1,1,2,2,4,3,6,1,196.0
0,0,1762140484.0,2,0,2,3,6,0,4,3,0,0,154.0
0,0,1761839606.0,2,0,2,0,5,10,5,15,3,0,54.0
0,0,1744766595.0,2,0,2,0,3,0,8,1,2,0,22.0
0,0,1762568540.0,2,0,2,3,4,2,0,2,5,1,108.0
0,0,1747696115.0,3,0,3,4,1,2,8,23,0,0,151.0
0,0,1756342571.0,1,0,1,1,6,7,0,0,3,0,77.0
0,0,1766769221.0,1,0,1,4,2,6,8,17,4,0,127.0
0,0,1760066604.0,1,0,1,3,1,3,8,3,4,0,168.0
0,0,1760039707.0,3,0,3,3,4,2,9,19,3,0,204.0
0,0,1761066473.0,1,0,1,3,2,1,9,17,1,0,109.0
0,0,1760601501.0,0,0,0,0,1,2,4,7,3,0,135.0
0,0,1772322663.0,2,0,2,3,3,6,9,23,5,1,95.0
0,0,1770918090.0,1,0,1,3,6,0,8,17,3,0,96.0
0,0,1753434143.0,1,0,1,1,5,1,8,9,4,0,208.0
0,0,1757452366.0,3,0,3,3,1,4,5,21,1,0,214.0
0,0,1745193327.0,3,0,3,2,3,2,9,23,6,1,222.0
7,0,1760113444.0,1,1,1,2,1,15,0,16,4,0,122.0
0,0,1744361305.0,0,0,0,1,3,2,0,8,4,0,21.0
7,0,1770400158.0,2,1,2,3,6,1,9,17,4,0,94.0
0,0,1736390958.0,2,0,2,1,4,10,9,2,3,0,38.0
0,0,1757383332.0,0,0,0,1,1,3,4,2,1,0,205.0
0,0,1763799471.0,0,0,0,3,5,1,0,8,5,1,109.0
0,0,1749841712.0,1,0,1,1,5,2,9,19,4,0,187.0
0,0,1749058970.0,3,0,3,1,5,3,8,17,2,0,183.0
0,0,1746476714.0,0,0,0,0,1,3,8,20,0,0,190.0
0,0,1742558885.0,1,0,1,0,4,3,8,12,4,0,45.0
7,0,1748597052.0,2,1,2,3,3,10,5,9,4,0,41.0
0,0,1764749090.0,2,0,2,1,6,0,9,8,2,0,137.0
7,0,1745666004.0,1,1,1,0,3,10,0,11,5,1,34.0
0,0,1740669104.0,0,0,0,2,6,3,5,15,3,0,187.0
0,0,1756754283.0,1,0,1,0,1,3,0,19,0,0,6.0
0,0,1755013788.0,2,0,2,2,4,1,4,15,1,0,111.0
0,0,1748713555.0,2,0,2,1,2,2,5,17,5,1,197.0
0,0,1737984087.0,3,0,3,5,4,3,4,13,0,0,232.0
7,0,1762998962.0,0,1,0,2,6,1,9,1,3,0,124.0
0,0,1743539274.0,2,0,2,2,2,4,5,20,1,0,12.0
0,0,1738771366.0,3,0,3,3,1,4,4,16,2,0,113.0
0,0,1746315849.0,0,0,0,2,2,11,8,23,5,1,27.0
0,0,1751658064.0,2,0,2,3,3,3,5,19,4,0,193.0
0,0,1744629248.0,0,0,0,0,6,6,5,11,0,0,159.0
0,0,1768852921.0,0,0,0,0,2,3,0,20,0,0,22.0
0,0,1750688188.0,2,0,2,3,4,3,8,14,0,0,72.0
0,0,1757028204.0,2,0,2,5,5,2,5,23,3,0,228.0
0,0,1748895314.0,3,0,3,4,2,0,9,20,0,0,202.0
0,0,1756043034.0,1,0,1,1,3,5,9,13,6,1,140.0
0,0,1736194170.0,2,0,2,0,1,10,8,20,0,0,236.0
0,0,1762426888.0,1,0,1,4,1,3,5,11,3,0,218.0
0,0,1769871398.0,0,0,0,1,5,4,9,14,5,1,146.0
0,0,1771091108.0,1,0,1,4,2,3,9,17,5,1,157.0
0,0,1752521157.0,3,0,3,0,5,4,8,19,0,0,42.0
7,0,1750243940.0,0,1,0,4,3,2,0,10,2,0,140.0
7,0,1764557613.0,2,1,2,2,2,4,0,2,0,0,164.0
0,0,1761136806.0,3,0,3,0,1,2,4,12,2,0,80.0
0,0,1767478896.0,1,0,1,0,5,5,4,22,5,1,106.0
0,0,1751773730.0,3,0,3,4,1,3,0,3,6,1,212.0
0,0,1749302973.0,3,0,3,1,3,2,5,13,5,1,95.0
0,0,1758258838.0,1,0,1,1,5,10,4,5,4,0,90.0
0,0,1750746701.0,1,0,1,2,3,11,0,6,1,0,218.0
0,0,1753947779.0,1,0,1,2,4,1,0,7,3,0,214.0
0,0,1741739484.0,0,0,0,2,6,6,9,0,2,0,55.0
0,0,1743679784.0,3,0,3,0,2,2,5,11,3,0,117.0
0,0,1749327422.0,0,0,0,1,2,0,8,20,5,1,240.0
0,0,1754407485.0,0,0,0,5,2,2,5,15,1,0,55.0
0,0,1757982169.0,3,0,3,4,6,0,8,0,1,0,112.0
0,0,1754963441.0,2,0,2,0,3,6,9,1,1,0,126.0
0,0,1741384171.0,1,0,1,5,6,2,0,21,4,0,70.0
0,0,1770562333.0,3,0,3,3,2,3,9,14,6,1,179.0
0,0,1754862097.0,0,0,0,3,1,2,5,21,6,1,132.0
0,0,1752718803.0,1,0,1,0,1,10,8,2,3,0,180.0
0,0,1767346796.0,3,0,3,0,4,1,4,9,4,0,235.0
0,0,1758043032.0,3,0,3,3,5,2,5,17,1,0,105.0
0,0,1749068217.0,2,0,2,1,2,6,9,20,2,0,99.0
0,0,1755102123.0,3,0,3,4,3,10,8,16,2,0,155.0
0,0,1743919352.0,3,0,3,4,6,3,8,6,6,1,45.0
0,0,1758406612.0,0,0,0,4,3,2,9,22,5,1,218.0
0,0,1746860646.0,0,0,0,5,4,2,8,7,5,1,124.0
0,0,1770405100.0,2,0,2,0,6,1,9,19,4,0,12.0
0,0,1767050185.0,2,0,2,2,5,2,0,23,0,0,220.0
0,0,1742865886.0,2,0,2,0,3,3,8,1,1,0,99.0
0,0,1746239327.0,3,0,3,5,1,2,9,2,5,1,117.0
7,0,1766049257.0,3,1,3,4,5,0,8,9,3,0,59.0
7,0,1758512034.0,2,1,2,5,4,2,0,3,0,0,128.0
0,0,1741622789.0,1,0,1,1,5,2,0,16,0,0,90.0
0,0,1766657134.0,0,0,0,0,1,5,8,10,3,0,73.0
0,0,1759348095.0,1,0,1,1,5,11,5,19,2,0,135.0
0,0,1748000022.0,3,0,3,4,3,4,0,11,4,0,155.0
0,0,1761553198.0,2,0,2,3,3,2,9,8,0,0,4.0
0,0,1752206516.0,3,0,3,5,6,3,5,4,4,0,8.0
0,0,1737018699.0,1,0,1,4,3,0,9,9,3,0,83.0
0,0,1770530085.0,3,0,3,0,4,2,0,5,6,1,51.0
0,0,1737214094.0,2,0,2,3,1,2,4,15,5,1,79.0
0,0,1753050889.0,3,0,3,1,2,0,5,22,6,1,233.0
0,0,1746395579.0,1,0,1,1,4,4,9,21,6,1,206.0
0,0,1761788836.0,2,0,2,3,1,2,5,1,3,0,65.0
0,0,1751603338.0,1,0,1,4,3,6,8,4,4,0,240.0
0,0,1756481349.0,2,0,2,4,2,10,9,15,4,0,145.0
0,0,1739394211.0,2,0,2,5,2,1,5,21,2,0,137.0
0,0,1766879264.0,3,0,3,5,5,0,5,23,5,1,7.0
0,0,1750363173.0,2,0,2,2,1,3,5,19,3,0,96.0
0,0,1761611458.0,3,0,3,0,3,6,8,0,1,0,106.0
0,0,1751070744.0,1,0,1,0,2,1,0,0,5,1,145.0
0,0,1740483012.0,3,0,3,0,3,5,4,11,1,0,82.0
7,0,1762287710.0,0,1,0,1,1,10,5,20,1,0,66.0
7,0,1762076210.0,2,1,2,0,6,2,4,9,6,1,179.0
0,0,1759566759.0,1,0,1,4,1,1,4,8,5,1,87.0
0,0,1759532316.0,2,0,2,5,2,2,5,22,4,0,120.0
0,0,1740894522.0,1,0,1,1,2,6,8,5,6,1,20.0
0,0,1768829263.0,3,0,3,5,4,10,9,13,0,0,240.0
0,0,1753589267.0,3,0,3,1,1,2,5,4,6,1,135.0
0,0,1745312052.0,0,0,0,5,1,2,8,8,1,0,214.0
0,0,1763076115.0,3,0,3,0,5,2,4,23,3,0,227.0
0,0,1746991869.0,2,0,2,3,6,2,4,19,6,1,130.0
0,0,1736503415.0,0,0,0,3,5,6,4,10,4,0,77.0
0,0,1760363438.0,2,0,2,2,4,1,9,13,0,0,103.0
0,0,1741152975.0,0,0,0,1,4,1,5,5,2,0,210.0
0,0,1771733394.0,2,0,2,5,2,1,8,4,6,1,195.0
0,0,1738318664.0,0,0,0,5,5,10,9,10,4,0,15.0
0,0,1762848276.0,0,0,0,5,5,10,9,8,1,0,86.0
0,0,1758633092.0,0,0,0,3,4,10,9,13,1,0,31.0
0,0,1761394467.0,3,0,3,4,5,2,0,12,5,1,11.0
0,0,1754815438.0,3,0,3,3,6,1,8,8,6,1,32.0
0,0,1770530497.0,0,0,0,1,1,4,4,6,6,1,124.0
0,0,1736035106.0,0,0,0,1,1,3,9,23,5,1,30.0
0,0,1749815405.0,1,0,1,0,3,5,9,11,4,0,104.0
0,0,1771866241.0,2,0,2,3,3,2,5,17,0,0,58.0
0,0,1737485795.0,0,0,0,0,5,4,9,18,1,0,175.0
7,0,1752183447.0,3,1,3,2,1,5,5,21,3,0,58.0
0,0,1768712642.0,1,0,1,4,6,10,9,5,6,1,42.0
0,0,1741150445.0,3,0,3,1,5,6,0,4,2,0,126.0
0,0,1761097855.0,3,0,3,2,1,3,8,1,2,0,20.0
0,0,1769994492.0,3,0,3,4,5,2,8,1,0,0,22.0
0,0,1760144096.0,2,0,2,1,1,11,9,0,5,1,147.0
0,0,1741100167.0,3,0,3,4,2,2,5,14,1,0,168.0
0,0,1756492105.0,1,0,1,4,4,3,8,18,4,0,140.0
0,0,1749869194.0,0,0,0,2,4,2,8,2,5,1,113.0
0,0,1758207477.0,0,0,0,0,6,1,4,14,3,0,202.0
0,0,1757744007.0,2,0,2,5,2,5,8,6,5,1,24.0
0,0,1738291266.0,3,0,3,2,3,10,9,2,4,0,210.0
0,0,1764142247.0,1,0,1,0,1,6,8,7,2,0,2.0
0,0,1744856168.0,2,0,2,5,5,11,9,2,3,0,184.0
0,0,1766066106.0,0,0,0,2,4,11,5,13,3,0,45.0
0,0,1743110487.0,2,0,2,1,3,1,5,21,3,0,53.0
0,0,1754649008.0,0,0,0,3,4,3,4,10,4,0,214.0
0,0,1768893846.0,1,0,1,4,2,3,4,7,1,0,220.0
0,0,1738225200.0,3,0,3,1,1,2,9,8,3,0,197.0
0,0,1759715350.0,3,0,3,2,2,2,9,1,0,0,195.0
0,0,1744646644.0,2,0,2,1,2,1,0,16,0,0,28.0
0,0,1757331819.0,2,0,2,3,3,10,4,11,0,0,37.0
0,0,1760872251.0,0,0,0,2,2,2,4,11,6,1,147.0
0,0,1754973165.0,3,0,3,4,3,11,8,4,1,0,91.0
0,0,1743331310.0,0,0,0,5,6,3,4,10,6,1,227.0
0,0,1741749106.0,0,0,0,1,1,10,0,3,2,0,239.0
0,0,1742852906.0,3,0,3,0,2,0,8,21,0,0,208.0
0,0,1746179530.0,0,0,0,3,4,4,4,9,4,0,55.0
0,0,1755610052.0,0,0,0,4,2,4,5,13,1,0,77.0
0,0,1740871102.0,2,0,2,3,3,6,0,23,5,1,110.0
0,0,1758273101.0,0,0,0,5,2,2,8,9,4,0,182.0
0,0,1772092290.0,1,0,1,3,1,4,5,7,3,0,225.0
0,0,1758732833.0,2,0,2,3,4,3,4,16,2,0,222.0
0,0,1765347609.0,3,0,3,0,6,11,8,6,2,0,106.0
0,0,1748226275.0,1,0,1,2,4,4,5,2,0,0,148.0
0,0,1751355616.0,2,0,2,4,1,2,5,7,1,0,170.0
0,0,1753646705.0,2,0,2,4,5,2,9,20,6,1,146.0
0,0,1740363337.0,2,0,2,1,3,0,9,2,0,0,74.0
0,0,1742308031.0,1,0,1,1,4,10,5,14,1,0,85.0
0,0,1738786245.0,0,0,0,0,3,10,0,20,2,0,172.0
0,0,1735995820.0,3,0,3,1,1,10,5,13,5,1,28.0
0,0,1760731338.0,3,0,3,1,2,3,8,20,4,0,198.0
0,0,1760711970.0,1,0,1,4,3,3,8,14,4,0,107.0
0,0,1754561205.0,3,0,3,5,4,10,5,10,3,0,64.0
0,0,1771514204.0,0,0,0,5,3,2,9,15,3,0,74.0
0,0,1740495824.0,1,0,1,1,1,4,5,15,1,0,102.0
0,0,1743196795.0,1,0,1,3,5,2,8,21,4,0,11.0
0,0,1766519283.0,0,0,0,0,4,2,4,19,1,0,162.0
0,0,1761245167.0,0,0,0,3,1,1,4,18,3,0,84.0
0,0,1739272928.0,2,0,2,2,6,3,9,11,1,0,120.0
0,0,1770587955.0,1,0,1,5,4,3,5,21,6,1,96.0
0,0,1746718114.0,1,0,1,4,6,10,8,15,3,0,192.0
0,0,1767282691.0,3,0,3,4,4,2,8,15,3,0,89.0
7,0,1759603713.0,0,1,0,3,1,4,4,18,5,1,194.0
0,0,1772687548.0,0,0,0,1,4,3,9,5,3,0,239.0
0,0,1762736850.0,1,0,1,1,4,3,0,1,0,0,52.0
0,0,1768055422.0,1,0,1,0,5,4,8,14,5,1,52.0
0,0,1755339351.0,3,0,3,5,6,2,9,10,5,1,103.0
0,0,1769992927.0,0,0,0,5,4,2,5,0,0,0,177.0
0,0,1768340870.0,0,0,0,5,6,2,5,21,1,0,238.0
0,0,1762080848.0,2,0,2,4,5,2,9,10,6,1,79.0
0,0,1757617550.0,2,0,2,5,4,15,0,19,3,0,15.0
0,0,1742336067.0,2,0,2,1,4,15,5,22,1,0,12.0
7,0,1770414644.0,1,1,1,1,6,11,9,21,4,0,159.0
0,0,1744815728.0,2,0,2,2,5,10,8,15,2,0,208.0
0,0,1756900480.0,3,0,3,0,5,2,9,11,2,0,91.0
0,0,1740974908.0,3,0,3,0,1,4,8,4,0,0,29.0
0,0,1748441777.0,3,0,3,0,4,10,5,14,2,0,224.0
0,0,1741703760.0,3,0,3,4,4,3,9,14,1,0,104.0
0,0,1761035944.0,3,0,3,3,5,11,4,8,1,0,133.0
0,0,1738254119.0,0,0,0,1,1,4,0,16,3,0,124.0
0,0,1772710316.0,2,0,2,4,1,10,5,11,3,0,146.0
0,0,1752532474.0,3,0,3,3,1,2,5,22,0,0,120.0
0,0,1770136510.0,3,0,3,1,5,3,0,16,1,0,78.0
0,0,1766175238.0,1,0,1,5,2,15,8,20,4,0,163.0
0,0,1746117490.0,2,0,2,1,5,2,0,16,3,0,11.0
0,0,1737247971.0,1,0,1,2,1,6,0,0,6,1,55.0
0,0,1763581274.0,0,0,0,1,2,0,0,19,2,0,24.0
0,0,1749822146.0,2,0,2,0,1,1,4,13,4,0,240.0
0,0,1769407932.0,2,0,2,5,6,11,4,6,0,0,56.0
0,0,1745315788.0,2,0,2,3,1,10,9,9,1,0,142.0
0,0,1761112640.0,0,0,0,2,1,4,4,5,2,0,100.0
7,0,1768014006.0,0,1,0,5,6,3,8,3,5,1,117.0
0,0,1746795291.0,3,0,3,1,4,1,0,12,4,0,158.0
0,0,1737442332.0,2,0,2,4,2,2,5,6,1,0,15.0
0,0,1757545373.0,1,0,1,2,5,1,9,23,2,0,35.0
0,0,1756563303.0,0,0,0,5,3,0,0,14,5,1,228.0
0,0,1768553866.0,1,0,1,1,4,1,9,8,4,0,149.0
0,0,1758097107.0,3,0,3,3,3,3,9,8,2,0,19.0
0,0,1740415740.0,2,0,2,4,2,6,4,16,0,0,206.0
0,0,1763272724.0,3,0,3,2,3,10,4,5,6,1,81.0
0,0,1736065710.0,0,0,0,1,1,4,9,8,6,1,153.0
0,0,1743492868.0,2,0,2,1,2,2,4,7,1,0,240.0
0,0,1737342123.0,2,0,2,5,3,0,0,3,0,0,149.0
0,0,1771903413.0,3,0,3,5,4,6,4,3,1,0,232.0
0,0,1735849079.0,1,0,1,1,2,1,9,20,3,0,109.0
0,0,1747572789.0,0,0,0,2,3,0,4,12,6,1,158.0
0,0,1743038196.0,1,0,1,4,6,2,5,1,3,0,71.0
0,0,1771527348.0,2,0,2,4,2,2,9,18,3,0,166.0
0,0,1760494724.0,1,0,1,1,3,11,5,2,2,0,57.0
0,0,1752569704.0,1,0,1,2,3,2,9,8,1,0,6.0
0,0,1771211176.0,2,0,2,2,2,6,8,3,0,0,100.0
0,0,1766597184.0,1,0,1,0,5,2,9,17,2,0,224.0
0,0,1763497897.0,1,0,1,4,5,3,5,20,1,0,94.0
0,0,1757727480.0,1,0,1,3,2,6,0,1,5,1,47.0
0,0,1759962107.0,0,0,0,2,4,2,9,22,2,0,184.0
0,0,1757982406.0,0,0,0,2,1,2,4,0,1,0,132.0
0,0,1744646120.0,2,0,2,4,4,6,0,15,0,0,220.0
0,0,1753931513.0,3,0,3,5,5,6,8,3,3,0,78.0
0,0,1765954102.0,0,0,0,0,6,0,9,6,2,0,76.0
0,0,1771562832.0,1,0,1,5,2,0,5,4,4,0,66.0
0,0,1760085551.0,0,0,0,3,6,2,4,8,4,0,152.0
0,0,1770822853.0,2,0,2,2,3,11,9,15,2,0,177.0
0,0,1757800497.0,0,0,0,0,6,4,8,21,5,1,205.0
0,0,1737821374.0,2,0,2,0,6,1,5,16,5,1,91.0
0,0,1761871022.0,2,0,2,3,3,15,0,0,4,0,90.0
0,0,1738678339.0,2,0,2,5,2,3,8,14,1,0,163.0
0,0,1766387417.0,1,0,1,4,2,10,9,7,0,0,8.0
0,0,1736781942.0,1,0,1,3,4,1,9,15,0,0,216.0
0,0,1756735498.0,1,0,1,2,2,11,4,14,0,0,28.0
0,0,1738925742.0,1,0,1,3,5,11,0,10,4,0,129.0
0,0,1746551767.0,1,0,1,0,5,2,8,17,1,0,111.0
0,0,1771303129.0,0,0,0,0,3,3,8,4,1,0,230.0
7,0,1766062885.0,2,1,2,4,2,2,4,13,3,0,221.0
0,0,1760529790.0,3,0,3,0,1,2,8,12,2,0,97.0
0,0,1744321605.0,3,0,3,0,5,1,0,21,3,0,130.0
0,0,1742125557.0,0,0,0,3,3,10,5,11,6,1,96.0
0,0,1767410638.0,0,0,0,0,4,0,9,3,5,1,192.0
0,0,1761705121.0,1,0,1,5,3,2,9,2,2,0,95.0
0,0,1754809628.0,3,0,3,1,2,1,8,7,6,1,41.0
0,0,1765936398.0,1,0,1,0,5,11,0,1,2,0,114.0
0,0,1772127860.0,0,0,0,4,4,1,0,17,3,0,85.0
0,0,1750490600.0,1,0,1,2,3,3,4,7,5,1,115.0
0,0,1747592903.0,1,0,1,3,5,1,5,18,6,1,46.0
0,0,1766697276.0,0,0,0,4,3,0,4,21,3,0,208.0
0,0,1771213431.0,1,0,1,0,2,1,0,3,0,0,222.0
0,0,1761996258.0,0,0,0,1,5,2,5,11,5,1,103.0
0,0,1769733201.0,3,0,3,1,2,1,8,0,4,0,163.0
0,0,1743322828.0,0,0,0,3,3,2,8,8,6,1,47.0
0,0,1738608697.0,0,0,0,0,1,1,5,18,0,0,195.0
0,0,1739302398.0,3,0,3,5,1,2,4,19,1,0,160.0
0,0,1764382413.0,0,0,0,5,2,2,9,2,5,1,160.0
0,0,1743258307.0,1,0,1,3,4,5,8,14,5,1,238.0
0,0,1770148158.0,2,0,2,4,6,3,8,19,1,0,140.0
0,0,1771875789.0,3,0,3,5,1,2,9,19,0,0,160.0
0,0,1743279196.0,0,0,0,4,2,3,9,20,5,1,149.0
0,0,1772164797.0,2,0,2,0,1,11,9,3,4,0,113.0
0,0,1763429895.0,3,0,3,4,4,3,4,1,1,0,178.0
0,0,1756034929.0,1,0,1,5,6,1,8,11,6,1,41.0
0,0,1746081219.0,0,0,0,3,4,2,8,6,3,0,191.0
0,0,1742103928.0,0,0,0,5,1,0,4,5,6,1,214.0
7,0,1767716224.0,3,1,3,5,4,11,0,16,1,0,206.0
0,0,1750253848.0,3,0,3,5,5,2,5,13,2,0,80.0
0,0,1738890223.0,1,0,1,3,2,11,0,1,4,0,103.0
0,0,1743324618.0,0,0,0,2,1,1,4,8,6,1,198.0
0,0,1752523135.0,1,0,1,0,1,1,5,19,0,0,115.0
0,0,1756447307.0,2,0,2,0,2,3,9,6,4,0,240.0
0,0,1772357789.0,0,0,0,1,6,1,9,9,6,1,143.0
0,0,1763751049.0,3,0,3,3,5,0,9,18,4,0,166.0
0,0,1743384597.0,1,0,1,2,5,10,9,1,0,0,110.0
0,0,1771736740.0,1,0,1,2,6,10,9,5,6,1,13.0
0,0,1750898438.0,2,0,2,3,6,1,4,0,3,0,84.0
0,0,1741092633.0,1,0,1,2,1,5,0,12,1,0,162.0
0,0,1760735274.0,3,0,3,5,2,2,5,21,4,0,172.0
0,0,1762378704.0,2,0,2,1,3,2,4,21,2,0,45.0
0,0,1765591479.0,1,0,1,1,4,2,4,2,5,1,131.0
0,0,1748264556.0,3,0,3,5,1,2,9,13,0,0,49.0
0,0,1753737493.0,1,0,1,3,3,0,4,21,0,0,238.0
0,0,1766687613.0,2,0,2,4,6,1,9,18,3,0,90.0
0,0,1762358770.0,1,0,1,1,4,1,4,16,2,0,155.0
0,0,1747184481.0,1,0,1,1,6,2,5,1,2,0,137.0
0,0,1740286047.0,0,0,0,3,3,2,9,4,6,1,18.0
0,0,1765965307.0,3,0,3,3,5,1,8,9,2,0,16.0
0,0,1746911490.0,3,0,3,0,1,1,0,21,5,1,58.0
7,0,1739237533.0,1,1,1,3,6,3,5,1,1,0,136.0
0,0,1755635994.0,2,0,2,1,1,6,9,20,1,0,38.0
0,0,1755992062.0,2,0,2,0,4,3,5,23,5,1,48.0
0,0,1766828499.0,3,0,3,4,4,6,8,9,5,1,238.0
0,0,1764053074.0,1,0,1,0,5,0,0,6,1,0,49.0
0,0,1768359800.0,1,0,1,1,1,2,8,3,2,0,34.0
0,0,1758458820.0,3,0,3,0,3,11,0,12,6,1,173.0
0,0,1763521367.0,0,0,0,1,4,4,0,3,2,0,189.0
0,0,1755704089.0,1,0,1,4,3,10,9,15,2,0,50.0
0,0,1741249632.0,0,0,0,0,2,2,9,8,3,0,201.0
0,0,1740940708.0,2,0,2,1,6,4,8,18,6,1,142.0
0,0,1748309621.0,3,0,3,1,3,3,9,1,1,0,77.0
0,0,1737802298.0,1,0,1,1,2,3,8,10,5,1,130.0
0,0,1769167458.0,2,0,2,1,2,3,9,11,4,0,192.0
0,0,1748740752.0,0,0,0,4,6,2,0,1,6,1,70.0
0,0,1750979112.0,0,0,0,0,5,2,5,23,3,0,58.0
0,0,1757914543.0,0,0,0,0,1,10,8,5,0,0,123.0
0,0,1769898270.0,2,0,2,0,6,15,9,22,5,1,105.0
0,0,1754789998.0,1,0,1,3,1,1,4,1,6,1,31.0
7,0,1753520508.0,2,1,2,5,5,2,8,9,5,1,167.0
0,0,1768792816.0,3,0,3,0,6,1,0,3,0,0,160.0
0,0,1761155022.0,3,0,3,2,6,2,4,17,2,0,37.0
0,0,1763263007.0,0,0,0,3,5,7,4,3,6,1,31.0
0,0,1768026214.0,2,0,2,4,4,3,8,6,5,1,88.0
0,0,1737007147.0,3,0,3,2,4,10,5,5,3,0,198.0
0,0,1745052599.0,1,0,1,3,5,10,8,8,5,1,226.0
0,0,1740783287.0,1,0,1,4,1,3,5,22,4,0,228.0
0,0,1744749882.0,1,0,1,1,5,3,8,20,1,0,85.0
0,0,1739365025.0,3,0,3,1,6,3,5,12,2,0,38.0
7,0,1772334667.0,1,1,1,0,1,11,5,3,6,1,113.0
0,0,1746889514.0,2,0,2,0,1,6,9,15,5,1,126.0
0,0,1763923868.0,1,0,1,2,3,4,8,18,6,1,189.0
0,0,1747997169.0,3,0,3,2,3,4,4,10,4,0,190.0
0,0,1736841800.0,2,0,2,3,1,2,4,8,1,0,20.0
0,0,1756700122.0,2,0,2,0,2,1,0,4,0,0,115.0
0,0,1743795634.0,1,0,1,2,2,2,5,19,4,0,19.0
0,0,1755732250.0,3,0,3,5,5,0,8,23,2,0,5.0
0,0,1737076787.0,3,0,3,1,1,10,4,1,4,0,193.0
0,0,1746245389.0,0,0,0,4,4,3,9,4,5,1,104.0
0,0,1755587697.0,1,0,1,5,3,10,0,7,1,0,13.0
0,0,1758352529.0,2,0,2,2,3,2,4,7,5,1,190.0
0,0,1741501753.0,0,0,0,5,5,6,9,6,6,1,176.0
0,0,1770199060.0,2,0,2,0,3,0,0,9,2,0,231.0
0,0,1741322673.0,3,0,3,0,6,2,5,4,4,0,218.0
7,0,1745737267.0,2,1,2,5,1,6,5,7,6,1,219.0
0,0,1763079409.0,0,0,0,1,1,0,9,0,4,0,62.0
0,0,1772639487.0,2,0,2,3,2,2,5,15,2,0,106.0
0,0,1771161346.0,0,0,0,3,1,2,8,13,6,1,110.0
0,0,1760585412.0,2,0,2,0,2,1,5,3,3,0,233.0
0,0,1759936278.0,3,0,3,2,3,4,8,15,2,0,222.0
0,0,1745312648.0,0,0,0,4,6,0,4,9,1,0,215.0
0,0,1757589475.0,0,0,0,1,4,6,4,11,3,0,2.0
0,0,1755578244.0,0,0,0,2,6,1,0,4,1,0,134.0
0,0,1737933215.0,3,0,3,5,4,5,0,23,6,1,200.0
0,0,1767105237.0,3,0,3,0,6,2,4,14,1,0,124.0
0,0,1754489242.0,1,0,1,1,6,3,4,14,2,0,64.0
0,0,1764424146.0,1,0,1,0,6,1,9,13,5,1,43.0
0,0,1761887534.0,1,0,1,0,6,2,0,5,4,0,212.0
0,0,1771803147.0,0,0,0,4,4,6,5,23,6,1,227.0
0,0,1762782504.0,0,0,0,4,3,5,4,13,0,0,217.0
0,0,1765302476.0,1,0,1,5,2,6,0,17,1,0,51.0
0,0,1752347550.0,3,0,3,2,6,0,5,19,5,1,24.0
0,0,1754705890.0,2,0,2,2,6,5,8,2,5,1,45.0
0,0,1739029162.0,1,0,1,1,5,3,8,15,5,1,92.0
0,0,1752165058.0,3,0,3,1,6,2,4,16,3,0,57.0
0,0,1772646638.0,3,0,3,4,3,6,0,17,2,0,79.0
0,0,1768223892.0,1,0,1,0,4,2,4,13,0,0,83.0
0,0,1762492246.0,1,0,1,0,2,10,9,5,4,0,186.0
0,0,1769120125.0,0,0,0,3,1,0,8,22,3,0,112.0
0,0,1767487033.0,0,0,0,3,2,10,9,0,6,1,136.0
0,0,1764110161.0,1,0,1,2,6,3,0,22,1,0,180.0
0,0,1752168131.0,2,0,2,2,4,2,4,17,3,0,123.0
7,0,1754325870.0,1,1,1,5,6,2,4,16,0,0,176.0
0,0,1753858260.0,1,0,1,4,6,1,9,6,2,0,99.0
0,0,1772127286.0,0,0,0,2,1,3,4,17,3,0,55.0
0,0,1752915396.0,3,0,3,4,4,2,9,8,5,1,117.0
0,0,1748152425.0,2,0,2,0,4,5,5,5,6,1,232.0
0,0,1757082396.0,1,0,1,0,1,3,0,14,4,0,108.0
0,0,1748609982.0,0,0,0,1,3,0,0,12,4,0,60.0
0,0,1766267819.0,2,0,2,4,3,0,4,21,5,1,155.0
0,0,1772820485.0,3,0,3,2,5,2,0,18,4,0,93.0
0,0,1764498261.0,1,0,1,1,1,3,8,10,6,1,3.0
0,0,1743420644.0,3,0,3,5,1,6,4,11,0,0,143.0
0,0,1766812728.0,0,0,0,4,3,4,0,5,5,1,150.0
0,0,1762192337.0,3,0,3,0,4,10,4,17,0,0,207.0
0,0,1755125006.0,0,0,0,3,6,2,5,22,2,0,78.0
0,0,1761099580.0,3,0,3,5,2,0,5,2,2,0,187.0
0,0,1748039774.0,3,0,3,5,2,1,5,22,4,0,118.0
7,0,1738168011.0,1,1,1,4,3,4,8,16,2,0,133.0
0,0,1745169126.0,2,0,2,1,2,3,9,17,6,1,168.0
0,0,1763427065.0,1,0,1,5,4,11,9,0,1,0,212.0
0,0,1751799106.0,1,0,1,3,5,1,5,10,6,1,33.0
0,0,1757159124.0,0,0,0,2,3,3,9,11,5,1,156.0
0,0,1745844940.0,2,0,2,2,6,2,5,12,0,0,11.0
0,0,1744040187.0,0,0,0,1,2,2,5,15,0,0,19.0
0,0,1745604868.0,3,0,3,1,2,2,8,18,4,0,56.0
7,0,1755448448.0,2,1,2,5,1,11,8,16,6,1,129.0
0,0,1747105160.0,2,0,2,2,1,15,4,2,1,0,19.0
0,0,1745554829.0,0,0,0,2,3,4,0,4,4,0,145.0
0,0,1752594149.0,2,0,2,0,2,7,5,15,1,0,214.0
0,0,1761353392.0,0,0,0,4,2,6,9,0,5,1,195.0
0,0,1764718216.0,1,0,1,1,5,1,0,23,1,0,118.0
0,0,1767298412.0,3,0,3,4,2,0,9,20,3,0,240.0
0,0,1759784780.0,2,0,2,4,4,4,0,21,0,0,85.0
0,0,1758949653.0,0,0,0,1,6,3,0,5,5,1,208.0
0,0,1766444852.0,2,0,2,2,2,1,9,23,0,0,235.0
0,0,1770520281.0,1,0,1,1,1,1,0,3,6,1,10.0
0,0,1744428821.0,0,0,0,3,3,2,4,3,5,1,75.0
0,0,1743387401.0,3,0,3,5,1,10,8,2,0,0,164.0
0,0,1757572738.0,3,0,3,2,5,6,9,6,3,0,215.0
0,0,1758197703.0,3,0,3,0,3,2,4,12,3,0,130.0
0,0,1740568002.0,3,0,3,2,4,3,0,11,2,0,83.0
7,0,1745792003.0,1,1,1,5,4,10,9,22,6,1,201.0
0,0,1736680285.0,1,0,1,1,2,4,5,11,6,1,99.0
0,0,1749239184.0,2,0,2,3,1,6,9,19,4,0,155.0
0,0,1766950194.0,1,0,1,2,4,11,5,19,6,1,127.0
0,0,1771399480.0,3,0,3,3,6,2,9,7,2,0,180.0
0,0,1760959548.0,1,0,1,2,3,3,0,11,0,0,121.0
0,0,1766559532.0,1,0,1,4,2,10,5,6,2,0,134.0
0,0,1749363532.0,2,0,2,2,4,15,4,6,6,1,67.0
0,0,1754102061.0,0,0,0,0,4,2,4,2,5,1,232.0
0,0,1742666796.0,3,0,3,5,6,1,4,18,5,1,237.0
7,0,1764401067.0,3,1,3,3,3,4,8,7,5,1,13.0
0,0,1757962726.0,0,0,0,2,1,0,5,18,0,0,189.0
0,0,1760298792.0,0,0,0,0,6,1,0,19,6,1,116.0
0,0,1737682454.0,0,0,0,5,2,3,9,1,4,0,151.0
7,0,1740192342.0,0,1,0,5,1,10,8,2,5,1,100.0
0,0,1736956391.0,3,0,3,0,4,4,0,15,2,0,123.0
0,0,1766596065.0,1,0,1,5,6,1,4,17,2,0,167.0
0,0,1763777785.0,3,0,3,0,2,4,8,2,5,1,10.0
0,0,1762433424.0,1,0,1,1,2,10,4,12,3,0,161.0
0,0,1759412109.0,1,0,1,2,4,10,4,13,3,0,115.0
0,0,1757133833.0,1,0,1,5,6,10,5,4,5,1,16.0
0,0,1761180272.0,0,0,0,3,6,10,5,0,3,0,90.0
0,0,1760509126.0,1,0,1,4,3,2,5,6,2,0,199.0
0,0,1737734396.0,3,0,3,1,3,1,9,15,4,0,118.0
0,0,1746680596.0,2,0,2,4,5,2,5,5,3,0,86.0
0,0,1762379605.0,2,0,2,0,2,1,9,21,2,0,177.0
0,0,1738246379.0,0,0,0,1,4,15,8,14,3,0,109.0
0,0,1741447581.0,2,0,2,5,2,2,5,15,5,1,208.0
7,0,1765447712.0,2,1,2,1,1,10,9,10,3,0,29.0
0,0,1756303871.0,2,0,2,1,2,10,5,14,2,0,154.0
0,0,1768759697.0,3,0,3,4,4,6,0,18,6,1,108.0
0,0,1740049299.0,0,0,0,1,5,2,8,11,3,0,24.0
0,0,1737613267.0,0,0,0,3,5,3,4,6,3,0,87.0
0,0,1750644625.0,1,0,1,3,5,2,5,2,0,0,191.0
7,0,1766017314.0,1,1,1,1,5,2,9,0,3,0,194.0
0,0,1749586082.0,2,0,2,2,2,2,8,20,1,0,5.0
0,0,1742183055.0,1,0,1,2,1,2,5,3,0,0,60.0
0,0,1738037202.0,1,0,1,3,4,11,5,4,1,0,83.0
0,0,1766480055.0,3,0,3,3,2,0,9,8,1,0,66.0
0,0,1746590727.0,2,0,2,2,5,3,8,4,2,0,138.0
0,0,1747851326.0,0,0,0,3,6,2,5,18,2,0,139.0
0,0,1737629930.0,0,0,0,1,6,3,5,10,3,0,198.0
0,0,1741891696.0,1,0,1,2,3,0,4,18,3,0,43.0
0,0,1765996820.0,0,0,0,1,3,5,5,18,2,0,5.0
0,0,1765547141.0,0,0,0,0,4,1,8,13,4,0,208.0
0,0,1747002735.0,1,0,1,0,1,1,9,22,6,1,127.0
0,0,1749354834.0,0,0,0,2,4,10,8,3,6,1,78.0
0,0,1739835898.0,1,0,1,1,3,2,9,23,0,0,35.0
0,0,1755711118.0,1,0,1,0,3,4,9,17,2,0,20.0
0,0,1771294584.0,0,0,0,0,1,4,5,2,1,0,21.0
0,0,1747390366.0,1,0,1,3,2,3,8,10,4,0,95.0
7,0,1750300953.0,2,1,2,1,6,1,9,2,3,0,144.0
0,0,1755724601.0,2,0,2,1,3,3,5,21,2,0,219.0
0,0,1745861820.0,0,0,0,5,6,11,8,17,0,0,51.0
0,0,1752085213.0,3,0,3,4,6,3,9,18,2,0,9.0
0,0,1756358091.0,3,0,3,1,1,10,9,5,3,0,92.0
0,0,1753261529.0,2,0,2,0,5,3,9,9,2,0,193.0
0,0,1757125117.0,1,0,1,3,6,2,4,2,5,1,3.0
0,0,1752553815.0,2,0,2,4,3,1,9,4,1,0,150.0
0,0,1761074326.0,1,0,1,2,6,6,9,19,1,0,174.0
0,0,1764858519.0,0,0,0,5,6,10,4,14,3,0,154.0
0,0,1740976144.0,2,0,2,4,6,2,8,4,0,0,66.0
0,0,1767860461.0,0,0,0,1,4,0,9,8,3,0,69.0
0,0,1768465162.0,1,0,1,3,2,2,8,8,3,0,89.0
0,0,1741574285.0,3,0,3,4,2,3,4,2,0,0,139.0
0,0,1763037577.0,2,0,2,0,6,2,5,12,3,0,83.0
0,0,1768299416.0,3,0,3,4,6,3,8,10,1,0,204.0
0,0,1738759161.0,0,0,0,2,5,2,0,12,2,0,205.0
0,0,1754167706.0,2,0,2,0,1,2,8,20,5,1,170.0
0,0,1749054136.0,2,0,2,5,6,15,4,16,2,0,188.0
0,0,1760127156.0,2,0,2,3,4,11,9,20,4,0,126.0
0,0,1747946282.0,3,0,3,2,3,3,4,20,3,0,132.0
7,0,1758297407.0,3,1,3,3,6,3,0,15,4,0,68.0
0,0,1771369416.0,0,0,0,1,6,2,4,23,1,0,66.0
0,0,1746453960.0,3,0,3,0,4,2,5,14,0,0,209.0
0,0,1754306587.0,1,0,1,3,2,2,9,11,0,0,196.0
0,0,1765845638.0,1,0,1,0,5,1,9,0,1,0,85.0
0,0,1760178358.0,1,0,1,3,2,2,9,10,5,1,194.0
0,0,1755035041.0,1,0,1,5,4,2,0,21,1,0,65.0
0,0,1746687703.0,3,0,3,4,3,4,9,7,3,0,120.0
0,0,1742437729.0,1,0,1,2,4,2,9,2,3,0,179.0
0,0,1739846039.0,3,0,3,2,5,2,8,2,1,0,200.0
0,0,1738201020.0,3,0,3,2,3,5,5,1,3,0,143.0
0,0,1751711361.0,3,0,3,0,3,2,4,10,5,1,12.0
7,0,1761346355.0,1,1,1,2,4,11,8,22,4,0,65.0
0,0,1766891405.0,3,0,3,2,5,2,0,3,6,1,101.0
0,0,1762728468.0,2,0,2,5,6,1,4,22,6,1,215.0
0,0,1756675446.0,2,0,2,0,5,3,4,21,6,1,203.0
0,0,1746747099.0,1,0,1,0,3,3,5,23,3,0,33.0
0,0,1737026712.0,2,0,2,4,3,10,8,11,3,0,159.0
0,0,1745374260.0,0,0,0,1,1,6,0,2,2,0,236.0
0,0,1738809184.0,3,0,3,4,5,2,4,2,3,0,40.0
0,0,1768604949.0,3,0,3,5,6,6,9,23,4,0,18.0
0,0,1744769318.0,1,0,1,5,4,2,4,2,2,0,66.0
0,0,1737267073.0,0,0,0,3,5,11,4,6,6,1,169.0
0,0,1747525804.0,3,0,3,4,5,2,5,23,5,1,14.0
7,0,1745765726.0,2,1,2,2,4,15,9,14,6,1,12.0
0,0,1749621082.0,3,0,3,2,4,1,4,5,2,0,69.0
0,0,1748084146.0,0,0,0,2,1,2,4,10,5,1,125.0
0,0,1739543562.0,1,0,1,5,5,2,8,14,4,0,107.0
0,0,1762990357.0,3,0,3,0,3,5,4,23,2,0,168.0
0,0,1766337891.0,1,0,1,4,1,11,5,17,6,1,238.0
0,0,1757366944.0,3,0,3,2,3,5,4,21,0,0,71.0
0,0,1754292481.0,2,0,2,3,1,2,8,7,0,0,182.0
0,0,1742168051.0,0,0,0,1,3,10,9,23,6,1,13.0
0,0,1759483893.0,1,0,1,5,6,11,4,9,4,0,37.0
0,0,1740230012.0,1,0,1,2,2,6,0,13,5,1,177.0
7,0,1758694078.0,3,1,3,2,3,2,0,6,2,0,182.0
0,0,1747190666.0,0,0,0,2,6,2,8,2,2,0,93.0
0,0,1766907523.0,3,0,3,3,5,1,5,7,6,1,186.0
0,0,1748733466.0,0,0,0,4,3,10,9,23,5,1,180.0
7,0,1759052009.0,0,1,0,4,3,7,9,9,6,1,216.0
0,0,1763650088.0,2,0,2,4,3,6,5,14,3,0,218.0
0,0,1763945782.0,2,0,2,5,5,1,4,0,0,0,194.0
0,0,1753645689.0,2,0,2,0,1,2,4,19,6,1,24.0
0,0,1765496581.0,1,0,1,5,4,4,5,23,3,0,6.0
0,0,1743779135.0,1,0,1,0,2,1,9,15,4,0,11.0
0,0,1753935838.0,1,0,1,1,2,10,0,4,3,0,50.0
0,0,1745661485.0,0,0,0,1,5,1,0,9,5,1,232.0
0,0,1771403991.0,2,0,2,1,4,10,5,8,2,0,87.0
0,0,1746696475.0,1,0,1,2,1,3,5,9,3,0,232.0
0,0,1770149373.0,0,0,0,3,5,2,9,20,1,0,228.0
0,0,1771911080.0,3,0,3,1,1,0,9,5,1,0,91.0
0,0,1764315205.0,1,0,1,2,1,3,0,7,4,0,115.0
0,0,1765758747.0,2,0,2,3,4,2,0,0,0,0,132.0
0,0,1769619178.0,3,0,3,5,1,3,0,16,2,0,9.0
7,0,1742603932.0,2,1,2,4,6,2,0,0,5,1,183.0
0,0,1759631929.0,1,0,1,3,3,10,0,2,6,1,183.0
0,0,1762096476.0,0,0,0,1,4,11,4,15,6,1,204.0
0,0,1748214975.0,1,0,1,1,3,11,4,23,6,1,224.0
0,0,1767459422.0,2,0,2,2,6,4,0,16,5,1,184.0
0,0,1749902830.0,0,0,0,4,2,2,0,12,5,1,16.0
0,0,1767506976.0,1,0,1,0,4,3,5,6,6,1,187.0
0,0,1745592363.0,2,0,2,5,4,2,9,14,4,0,28.0
0,0,1741010089.0,3,0,3,4,6,1,9,13,0,0,163.0
0,0,1738342774.0,2,0,2,0,6,1,4,16,4,0,88.0
0,0,1767170673.0,1,0,1,2,2,2,5,8,2,0,207.0
0,0,1765000685.0,1,0,1,1,6,3,8,5,5,1,189.0
0,0,1739863754.0,3,0,3,4,2,5,5,7,1,0,112.0
0,0,1754810206.0,1,0,1,2,1,1,8,7,6,1,181.0
0,0,1744278787.0,2,0,2,0,2,0,9,9,3,0,49.0
0,0,1772082698.0,1,0,1,3,2,4,9,5,3,0,144.0
0,0,1769481143.0,3,0,3,3,3,3,8,2,1,0,80.0
0,0,1758432059.0,2,0,2,0,4,3,8,5,6,1,211.0
0,0,1754119243.0,3,0,3,1,1,7,9,7,5,1,231.0
0,0,1737359187.0,1,0,1,5,6,2,5,7,0,0,192.0
0,0,1759238494.0,2,0,2,4,1,6,5,13,1,0,49.0
0,0,1771222023.0,1,0,1,4,3,1,0,6,0,0,204.0
0,0,1764589487.0,1,0,1,4,5,2,0,11,0,0,132.0
0,0,1741658845.0,3,0,3,2,5,1,4,2,1,0,48.0
0,0,1744757588.0,0,0,0,1,1,1,5,22,1,0,51.0
0,0,1765130165.0,1,0,1,1,5,2,8,17,6,1,171.0
0,0,1752983169.0,3,0,3,0,6,2,4,3,6,1,209.0
0,0,1742142498.0,1,0,1,4,1,0,0,16,6,1,235.0
0,0,1737501466.0,0,0,0,1,1,3,4,23,1,0,20.0
0,0,1751838098.0,0,0,0,5,5,0,0,21,6,1,56.0
0,0,1737885462.0,2,0,2,2,6,1,8,9,6,1,206.0
0,0,1772547729.0,0,0,0,1,4,6,8,14,1,0,149.0
0,0,1762071775.0,2,0,2,5,3,3,9,8,6,1,149.0
0,0,1739167249.0,1,0,1,4,6,1,5,6,0,0,82.0
0,0,1763460035.0,0,0,0,3,6,1,4,10,1,0,184.0
0,0,1749712819.0,2,0,2,4,2,1,0,7,3,0,191.0
0,0,1768924412.0,2,0,2,5,4,10,0,15,1,0,33.0
0,0,1770130271.0,3,0,3,5,6,2,9,14,1,0,209.0
0,0,1770057667.0,2,0,2,1,4,2,4,18,0,0,133.0
7,0,1771724770.0,2,1,2,4,3,3,8,1,6,1,233.0
0,0,1764078738.0,3,0,3,1,3,3,8,13,1,0,224.0
0,0,1752940461.0,1,0,1,0,6,3,0,15,5,1,95.0
0,0,1767297932.0,1,0,1,1,4,0,8,20,3,0,26.0
0,0,1738541875.0,2,0,2,2,5,3,4,0,0,0,160.0
0,0,1759888832.0,3,0,3,4,4,1,4,2,2,0,230.0
0,0,1747077534.0,2,0,2,3,3,2,8,19,0,0,153.0
0,0,1750673433.0,2,0,2,0,6,5,9,10,0,0,44.0
0,0,1750335995.0,3,0,3,4,3,2,9,12,3,0,236.0
0,0,1737702245.0,3,0,3,5,2,6,0,7,4,0,209.0
0,0,1758941672.0,3,0,3,1,2,1,5,2,5,1,157.0
0,0,1739150613.0,2,0,2,5,5,3,9,1,0,0,38.0
0,0,1746816516.0,3,0,3,2,6,2,9,18,4,0,9.0
0,0,1747883373.0,0,0,0,2,6,10,5,3,3,0,223.0
7,0,1748562756.0,3,1,3,2,2,1,0,23,3,0,176.0
0,0,1770183981.0,2,0,2,3,2,11,0,5,2,0,150.0
0,0,1744780334.0,3,0,3,1,6,2,8,5,2,0,62.0
0,0,1736513398.0,3,0,3,4,4,3,9,12,4,0,90.0
0,0,1763098307.0,0,0,0,4,1,3,9,5,4,0,145.0
0,0,1766986867.0,0,0,0,3,6,2,5,5,0,0,238.0
0,0,1766124869.0,2,0,2,3,5,2,8,6,4,0,120.0
0,0,1747606714.0,1,0,1,0,5,2,9,22,6,1,227.0
0,0,1769723396.0,0,0,0,5,3,3,0,21,3,0,105.0
0,0,1756091933.0,2,0,2,1,6,3,0,3,0,0,229.0
0,0,1748283716.0,1,0,1,3,1,5,0,18,0,0,212.0
0,0,1765209339.0,2,0,2,2,5,0,5,15,0,0,55.0
0,0,1736026190.0,0,0,0,2,2,1,9,21,5,1,170.0
0,0,1737808614.0,1,0,1,3,6,1,9,12,5,1,122.0
0,0,1757139141.0,3,0,3,3,3,2,5,6,5,1,161.0
0,0,1744379034.0,0,0,0,2,5,4,4,13,4,0,112.0
0,0,1763661522.0,3,0,3,2,1,6,4,17,3,0,16.0
0,0,1754767210.0,3,0,3,1,6,10,4,19,5,1,56.0
0,0,1746636500.0,3,0,3,5,1,3,9,16,2,0,224.0
0,0,1758486749.0,3,0,3,2,6,1,8,20,6,1,150.0
0,0,1745048003.0,2,0,2,0,6,6,8,7,5,1,225.0
0,0,1749984906.0,1,0,1,1,3,10,9,10,6,1,2.0
0,0,1764281187.0,0,0,0,2,3,6,8,22,3,0,45.0
0,0,1745390194.0,1,0,1,5,3,11,9,6,2,0,143.0
0,0,1760085737.0,0,0,0,0,4,2,8,8,4,0,95.0
0,0,1749606621.0,0,0,0,2,1,2,4,1,2,0,107.0
0,0,1770100094.0,0,0,0,4,3,2,0,6,1,0,93.0
0,0,1749629470.0,3,0,3,4,4,2,0,8,2,0,38.0
0,0,1764980727.0,2,0,2,5,5,0,9,0,5,1,219.0
0,0,1741863161.0,1,0,1,5,3,2,4,10,3,0,72.0
0,0,1749127150.0,0,0,0,2,4,6,4,12,3,0,168.0
0,0,1763138939.0,0,0,0,3,4,2,5,16,4,0,212.0
0,0,1753698780.0,2,0,2,0,4,15,9,10,0,0,212.0
0,0,1768846539.0,2,0,2,3,4,5,9,18,0,0,212.0
0,0,1741641503.0,2,0,2,5,1,3,0,21,0,0,41.0
0,0,1762782037.0,2,0,2,2,2,10,8,13,0,0,155.0
0,0,1764784516.0,0,0,0,0,4,0,8,17,2,0,213.0
0,0,1739048387.0,2,0,2,0,5,3,5,20,5,1,72.0
0,0,1752783649.0,3,0,3,2,3,10,4,20,3,0,214.0
0,0,1749063935.0,2,0,2,2,4,6,8,19,2,0,56.0
0,0,1753585533.0,0,0,0,4,6,3,5,3,6,1,183.0
0,0,1746769856.0,0,0,0,1,3,2,8,5,4,0,124.0
0,0,1761872889.0,1,0,1,0,6,6,4,1,4,0,174.0
0,0,1765672565.0,1,0,1,3,3,1,9,0,6,1,126.0
0,0,1771365990.0,0,0,0,5,4,5,5,22,1,0,178.0
0,0,1756698292.0,2,0,2,0,3,1,9,3,0,0,232.0
0,0,1750287300.0,0,0,0,0,1,3,4,22,2,0,232.0
0,0,1769136875.0,3,0,3,2,1,4,0,2,4,0,234.0
0,0,1767112524.0,1,0,1,4,4,15,4,16,1,0,60.0
0,0,1769580178.0,0,0,0,0,2,4,5,6,2,0,24.0
0,0,1764165070.0,3,0,3,4,5,3,9,13,2,0,120.0
0,0,1755291853.0,3,0,3,0,1,11,0,21,4,0,76.0
0,0,1740224396.0,0,0,0,2,3,7,5,11,5,1,18.0
0,0,1767071835.0,2,0,2,1,5,6,5,5,1,0,48.0
0,0,1771390773.0,0,0,0,0,4,2,9,4,2,0,96.0
0,0,1742473825.0,0,0,0,1,3,0,9,12,3,0,71.0
0,0,1747185669.0,1,0,1,1,4,10,4,1,2,0,160.0
0,0,1750002162.0,1,0,1,3,2,10,8,15,6,1,58.0
0,0,1749699910.0,3,0,3,4,2,10,0,3,3,0,131.0
0,0,1736404816.0,3,0,3,0,2,11,5,6,3,0,109.0
0,0,1756828393.0,1,0,1,2,1,2,0,15,1,0,37.0
0,0,1756750112.0,2,0,2,4,3,2,8,18,0,0,106.0
0,0,1763084293.0,0,0,0,0,4,0,0,1,4,0,193.0
0,0,1743011051.0,3,0,3,2,6,1,4,17,2,0,71.0
7,0,1770545733.0,3,1,3,5,5,2,8,10,6,1,150.0
0,0,1762622831.0,3,0,3,4,2,2,4,17,5,1,162.0
0,0,1766138226.0,2,0,2,1,2,2,9,9,4,0,132.0
0,0,1742412413.0,3,0,3,0,1,1,9,19,2,0,107.0
0,0,1772648504.0,2,0,2,2,3,3,5,18,2,0,122.0
0,0,1744417905.0,2,0,2,5,6,5,4,0,5,1,171.0
0,0,1768917767.0,1,0,1,2,2,1,4,14,1,0,185.0
0,0,1765616538.0,0,0,0,4,4,1,4,9,5,1,144.0
0,0,1746323524.0,2,0,2,2,2,2,9,1,6,1,9.0
0,0,1756352672.0,0,0,0,4,5,10,9,3,3,0,26.0
0,0,1754059864.0,1,0,1,1,6,1,9,14,4,0,80.0
0,0,1736292710.0,3,0,3,5,3,2,9,23,1,0,169.0
0,0,1758751705.0,2,0,2,2,5,2,9,22,2,0,230.0
0,0,1744522961.0,0,0,0,0,1,5,0,5,6,1,131.0
0,0,1754910233.0,2,0,2,2,5,10,4,11,0,0,126.0
0,0,1737775087.0,3,0,3,2,1,2,4,3,5,1,156.0
0,0,1753614269.0,3,0,3,0,4,2,0,11,6,1,150.0
0,0,1772105878.0,3,0,3,0,3,2,5,11,3,0,11.0
0,0,1768449654.0,3,0,3,4,3,0,0,4,3,0,48.0
0,0,1742629770.0,1,0,1,3,5,3,4,7,5,1,239.0
0,0,1742313387.0,2,0,2,5,5,4,8,15,1,0,201.0
0,0,1766562584.0,3,0,3,2,3,0,4,7,2,0,122.0
0,0,1735771985.0,3,0,3,4,4,4,9,22,2,0,119.0
0,0,1739988631.0,3,0,3,0,5,4,4,18,2,0,130.0
7,0,1742966693.0,1,1,1,3,1,1,8,5,2,0,9.0
0,0,1742098954.0,3,0,3,3,2,2,4,4,6,1,72.0
0,0,1743438665.0,2,0,2,0,5,3,4,16,0,0,203.0
0,0,1769282710.0,2,0,2,2,1,2,5,19,5,1,17.0
0,0,1763582925.0,3,0,3,5,3,2,9,20,2,0,51.0
0,0,1750359171.0,2,0,2,5,4,2,9,18,3,0,167.0
0,0,1749873150.0,2,0,2,1,5,6,0,3,5,1,179.0
0,0,1759623635.0,0,0,0,2,3,7,8,0,6,1,176.0
0,0,1755067837.0,1,0,1,0,2,5,5,6,2,0,23.0
0,0,1739607099.0,0,0,0,1,3,2,8,8,5,1,67.0
0,0,1756040831.0,2,0,2,1,2,11,8,13,6,1,149.0
0,0,1768667200.0,3,0,3,2,4,10,4,16,5,1,58.0
0,0,1752100092.0,0,0,0,5,6,3,8,22,2,0,134.0
0,0,1763402225.0,0,0,0,4,6,2,0,17,0,0,65.0
0,0,1740946743.0,3,0,3,5,3,2,4,20,6,1,45.0
0,0,1750785174.0,1,0,1,1,6,1,5,17,1,0,216.0
0,0,1738455289.0,3,0,3,0,3,2,5,0,6,1,57.0
0,0,1762466279.0,0,0,0,4,5,10,8,21,3,0,214.0
0,0,1742054882.0,2,0,2,5,2,4,8,16,5,1,72.0
0,0,1762812520.0,0,0,0,5,6,2,5,22,0,0,213.0
0,0,1757151281.0,0,0,0,0,2,1,5,9,5,1,14.0
0,0,1753338166.0,2,0,2,1,1,6,9,6,3,0,86.0
0,0,1768556797.0,2,0,2,3,3,3,5,9,4,0,167.0
7,0,1745927951.0,0,1,0,1,6,4,8,11,1,0,111.0
0,0,1765528337.0,2,0,2,5,1,15,8,8,4,0,70.0
0,0,1769259631.0,3,0,3,2,2,5,5,13,5,1,93.0
0,0,1744596408.0,3,0,3,0,4,2,4,2,0,0,200.0
0,0,1744250737.0,2,0,2,1,4,4,0,2,3,0,158.0
0,0,1760743747.0,3,0,3,2,5,2,5,23,4,0,88.0
0,0,1757059861.0,3,0,3,4,4,3,0,8,4,0,228.0
0,0,1764418316.0,0,0,0,2,2,10,8,12,5,1,190.0
0,0,1748242901.0,1,0,1,1,6,10,9,7,0,0,77.0
7,0,1738098538.0,3,1,3,3,5,1,5,21,1,0,165.0
0,0,1770017154.0,1,0,1,3,3,1,8,7,0,0,119.0
0,0,1747893413.0,1,0,1,2,2,6,4,5,3,0,144.0
0,0,1765517903.0,3,0,3,4,2,3,8,5,4,0,116.0
0,0,1755349791.0,3,0,3,1,2,1,4,13,5,1,64.0
0,0,1766678648.0,0,0,0,4,2,2,5,16,3,0,235.0
0,0,1759921237.0,1,0,1,0,2,11,5,11,2,0,118.0
0,0,1761520143.0,2,0,2,2,2,3,0,23,6,1,230.0
0,0,1751555023.0,3,0,3,2,4,6,4,15,3,0,219.0
0,0,1753477755.0,2,0,2,2,6,6,8,21,4,0,169.0
0,0,1755612708.0,0,0,0,2,2,3,5,14,1,0,45.0
0,0,1769712689.0,1,0,1,2,6,2,9,18,3,0,81.0
0,0,1772615166.0,0,0,0,4,5,2,8,9,2,0,187.0
0,0,1766342859.0,2,0,2,4,1,2,8,18,6,1,155.0
0,0,1755728497.0,0,0,0,0,1,2,8,22,2,0,176.0
0,0,1765470038.0,2,0,2,2,1,3,4,16,3,0,228.0
0,0,1746807107.0,0,0,0,1,2,11,9,16,4,0,190.0
0,0,1768519366.0,3,0,3,2,1,3,8,23,3,0,171.0
0,0,1772669070.0,1,0,1,2,3,2,0,0,3,0,10.0
0,0,1750917476.0,0,0,0,2,4,3,4,5,3,0,182.0
0,0,1767879665.0,0,0,0,0,6,1,8,13,3,0,190.0
0,0,1753480241.0,3,0,3,1,1,3,5,21,4,0,22.0
0,0,1747087731.0,1,0,1,3,2,11,9,22,0,0,74.0
0,0,1763233780.0,3,0,3,0,1,3,9,19,5,1,33.0
0,0,1745927894.0,0,0,0,3,5,1,9,11,1,0,214.0
0,0,1766798124.0,1,0,1,5,3,3,4,1,5,1,134.0
0,0,1771242767.0,1,0,1,1,2,2,0,11,0,0,103.0
0,0,1757873588.0,0,0,0,4,4,6,4,18,6,1,50.0
0,0,1761730497.0,2,0,2,5,1,11,9,9,2,0,235.0
0,0,1748401018.0,0,0,0,0,5,2,0,2,2,0,82.0
0,0,1755005454.0,2,0,2,4,1,5,0,13,1,0,50.0
0,0,1748508821.0,1,0,1,2,2,4,5,8,3,0,108.0
0,0,1762761965.0,3,0,3,5,2,6,8,8,0,0,230.0
0,0,1761235204.0,0,0,0,3,6,3,9,16,3,0,185.0
0,0,1758249682.0,0,0,0,2,3,1,4,2,4,0,111.0
0,0,1760514059.0,0,0,0,5,2,11,5,7,2,0,68.0
0,0,1739437308.0,0,0,0,5,5,4,9,9,3,0,174.0
0,0,1760750439.0,1,0,1,1,1,6,0,1,5,1,69.0
0,0,1769696936.0,3,0,3,4,2,10,0,14,3,0,134.0
0,0,1763365715.0,2,0,2,5,5,6,4,7,0,0,202.0
0,0,1762134254.0,3,0,3,0,2,5,0,1,0,0,209.0
0,0,1740064921.0,3,0,3,2,5,0,5,15,3,0,187.0
0,0,1753988396.0,1,0,1,1,6,2,9,18,3,0,36.0
0,0,1761662803.0,2,0,2,5,1,4,8,14,1,0,129.0
0,0,1738840756.0,2,0,2,0,4,1,8,11,3,0,212.0
0,0,1760754037.0,3,0,3,2,5,0,4,2,5,1,102.0
0,0,1753520959.0,1,0,1,5,1,1,5,9,5,1,103.0
0,0,1735868596.0,0,0,0,3,2,5,0,1,4,0,173.0
0,0,1753594915.0,1,0,1,2,4,6,8,5,6,1,121.0
0,0,1743362812.0,2,0,2,2,1,2,9,19,6,1,239.0
0,0,1751186136.0,2,0,2,4,1,1,9,8,6,1,77.0
0,0,1738520002.0,2,0,2,0,1,1,8,18,6,1,129.0
0,0,1769613030.0,3,0,3,1,1,0,9,15,2,0,217.0
0,0,1754750168.0,3,0,3,1,2,2,5,14,5,1,222.0
0,0,1738262738.0,0,0,0,0,1,10,5,18,3,0,86.0
0,0,1767397968.0,3,0,3,3,4,2,8,23,4,0,180.0
0,0,1751000307.0,1,0,1,3,2,10,4,4,4,0,14.0
0,0,1758082741.0,3,0,3,5,1,3,9,4,2,0,189.0
0,0,1746470185.0,1,0,1,5,1,2,0,18,0,0,194.0
0,0,1751912809.0,3,0,3,3,4,2,5,18,0,0,84.0
0,0,1746661773.0,2,0,2,1,5,2,8,23,2,0,72.0
0,0,1769984910.0,2,0,2,4,6,2,0,22,6,1,112.0
0,0,1738565907.0,1,0,1,4,2,3,9,6,0,0,160.0
0,0,1750843232.0,2,0,2,3,3,2,5,9,2,0,167.0
0,0,1766236693.0,1,0,1,4,2,1,9,13,5,1,104.0
0,0,1740205692.0,3,0,3,5,5,0,0,6,5,1,136.0
0,0,1761647980.0,2,0,2,1,1,2,8,10,1,0,157.0
7,0,1756884224.0,2,1,2,1,1,3,0,7,2,0,45.0
0,0,1745245506.0,0,0,0,1,5,3,9,14,0,0,178.0
0,0,1764777940.0,3,0,3,0,5,0,0,16,2,0,167.0
0,0,1765029159.0,1,0,1,3,1,1,9,13,5,1,68.0
0,0,1741732963.0,1,0,1,2,1,2,0,22,1,0,153.0
0,0,1754411202.0,2,0,2,2,1,3,8,16,1,0,51.0
0,0,1760221771.0,2,0,2,0,3,4,5,22,5,1,97.0
7,0,1768124341.0,3,1,3,5,6,5,5,9,6,1,186.0
0,0,1761938810.0,2,0,2,4,4,1,9,19,4,0,77.0
0,0,1755466600.0,0,0,0,3,1,2,9,21,6,1,48.0
0,0,1769329700.0,2,0,2,1,4,2,8,8,6,1,162.0
0,0,1741825743.0,3,0,3,2,3,1,8,0,3,0,67.0
0,0,1741314621.0,3,0,3,0,2,10,5,2,4,0,207.0
0,0,1747749001.0,3,0,3,0,4,1,0,13,1,0,55.0
0,0,1748571251.0,2,0,2,3,2,11,8,2,4,0,199.0
0,0,1753812802.0,1,0,1,3,1,2,0,18,1,0,92.0
0,0,1751786420.0,2,0,2,1,3,4,9,7,6,1,195.0
0,0,1764705496.0,3,0,3,1,2,11,9,19,1,0,219.0
0,0,1756175517.0,2,0,2,5,5,1,5,2,1,0,118.0
0,0,1745115882.0,0,0,0,5,5,1,0,2,6,1,74.0
0,0,1741958505.0,2,0,2,2,1,3,0,13,4,0,40.0
0,0,1772361090.0,2,0,2,0,6,2,0,10,6,1,95.0
0,0,1762587760.0,1,0,1,2,1,0,4,7,5,1,56.0
0,0,1770071797.0,3,0,3,1,2,6,0,22,0,0,70.0
0,0,1745959872.0,1,0,1,2,5,2,0,20,1,0,54.0
0,0,1754198728.0,0,0,0,4,2,1,9,5,6,1,182.0
0,0,1764292503.0,2,0,2,5,6,6,9,1,4,0,6.0
0,0,1748106001.0,0,0,0,2,6,11,4,17,5,1,128.0
0,0,1743931556.0,2,0,2,5,3,0,8,9,6,1,113.0
0,0,1743254441.0,2,0,2,0,5,2,8,13,5,1,224.0
7,0,1770300205.0,3,1,3,5,3,10,8,14,3,0,45.0
0,0,1747498505.0,3,0,3,3,1,0,4,16,5,1,137.0
0,0,1755346331.0,1,0,1,0,2,1,5,12,5,1,155.0
0,0,1747190858.0,1,0,1,1,4,2,5,2,2,0,82.0
0,0,1752775400.0,3,0,3,1,1,3,0,18,3,0,190.0
0,0,1764115207.0,2,0,2,0,2,2,0,0,2,0,215.0
0,0,1750042405.0,1,0,1,5,3,5,4,2,0,0,22.0
0,0,1750042975.0,2,0,2,2,1,2,8,3,0,0,3.0
0,0,1770611477.0,2,0,2,2,5,2,4,4,0,0,42.0
0,0,1739996637.0,1,0,1,2,2,0,0,20,2,0,95.0
0,0,1743066168.0,1,0,1,0,5,3,5,9,3,0,233.0
0,0,1762090841.0,0,0,0,4,5,3,0,13,6,1,60.0
0,0,1743971982.0,0,0,0,1,6,1,0,20,6,1,195.0
0,0,1739328713.0,1,0,1,3,2,2,0,2,2,0,23.0
0,0,1746805987.0,0,0,0,0,4,3,8,15,4,0,209.0
0,0,1762056666.0,3,0,3,4,2,15,0,4,6,1,25.0
0,0,1769534173.0,0,0,0,5,6,3,8,17,1,0,69.0
0,0,1747510379.0,3,0,3,0,6,2,5,19,5,1,168.0
0,0,1738560672.0,3,0,3,2,6,0,9,5,0,0,225.0
0,0,1755467871.0,0,0,0,2,1,1,5,21,6,1,29.0
0,0,1768876169.0,2,0,2,4,2,11,0,2,1,0,75.0
0,0,1761227754.0,0,0,0,1,6,3,4,13,3,0,61.0
0,0,1742264233.0,0,0,0,0,4,0,0,2,1,0,50.0
0,0,1741982630.0,0,0,0,3,3,4,0,20,4,0,117.0
0,0,1770253512.0,2,0,2,1,3,2,4,1,3,0,98.0
0,0,1769219777.0,0,0,0,1,1,2,8,1,5,1,72.0
0,0,1756998805.0,2,0,2,5,6,4,8,15,3,0,38.0
0,0,1745787623.0,2,0,2,0,3,7,5,21,6,1,99.0
0,0,1765740168.0,0,0,0,4,4,10,9,19,6,1,65.0
0,0,1747386738.0,2,0,2,3,2,0,9,9,4,0,80.0
0,0,1756968607.0,3,0,3,3,2,2,9,6,3,0,6.0
0,0,1756932911.0,3,0,3,2,1,2,9,20,2,0,94.0
0,0,1768462508.0,1,0,1,5,2,3,8,7,3,0,52.0
0,0,1739833279.0,0,0,0,3,5,2,0,23,0,0,148.0
0,0,1752957055.0,2,0,2,0,2,10,8,20,5,1,136.0
0,0,1762035858.0,1,0,1,4,2,3,9,22,5,1,119.0
0,0,1768301554.0,1,0,1,2,2,4,4,10,1,0,7.0
0,0,1745226663.0,2,0,2,4,4,15,8,9,0,0,194.0
0,0,1758025157.0,0,0,0,4,3,6,8,12,1,0,240.0
0,0,1770518444.0,2,0,2,2,1,2,8,2,6,1,76.0
0,0,1761310165.0,0,0,0,1,6,2,5,12,4,0,187.0
0,0,1744801758.0,0,0,0,2,2,0,0,11,2,0,61.0
0,0,1765878100.0,1,0,1,2,6,4,0,9,1,0,231.0
0,0,1761155139.0,1,0,1,5,6,2,9,17,2,0,200.0
0,0,1743948809.0,0,0,0,3,3,1,8,14,6,1,240.0
0,0,1757417640.0,2,0,2,0,5,3,8,11,1,0,47.0
0,0,1741580004.0,3,0,3,5,3,10,4,4,0,0,120.0
0,0,1748210512.0,0,0,0,2,6,1,8,22,6,1,109.0
0,0,1764292811.0,1,0,1,3,4,10,8,1,4,0,109.0
0,0,1749701876.0,1,0,1,4,6,3,5,4,3,0,156.0
0,0,1755351232.0,1,0,1,2,5,10,4,13,5,1,215.0
0,0,1764465473.0,2,0,2,2,2,3,0,1,6,1,121.0
0,0,1765361736.0,1,0,1,3,2,2,5,10,2,0,43.0
0,0,1753002103.0,3,0,3,0,4,2,5,9,6,1,165.0
0,0,1771502349.0,2,0,2,3,6,2,4,11,3,0,154.0
0,0,1745960505.0,1,0,1,4,4,10,8,21,1,0,2.0
7,0,1769678825.0,3,1,3,1,6,6,4,9,3,0,132.0
0,0,1736517923.0,3,0,3,2,3,3,0,14,4,0,83.0
0,0,1740580087.0,0,0,0,4,1,2,0,14,2,0,208.0
0,0,1772821255.0,3,0,3,2,3,4,4,18,4,0,46.0
0,0,1752551748.0,0,0,0,3,5,0,9,3,1,0,212.0
0,0,1763685993.0,3,0,3,5,6,0,4,0,4,0,97.0
0,0,1746302931.0,3,0,3,0,1,15,0,20,5,1,144.0
0,0,1770426056.0,2,0,2,5,1,1,0,1,5,1,227.0
0,0,1736721294.0,1,0,1,3,3,2,0,22,6,1,220.0
0,0,1762106290.0,1,0,1,4,2,2,9,17,6,1,170.0
0,0,1767856347.0,3,0,3,4,5,2,0,7,3,0,107.0
0,0,1740167706.0,3,0,3,5,5,15,4,19,4,0,143.0
0,0,1770537647.0,3,0,3,2,4,0,9,8,6,1,155.0
0,0,1759305274.0,1,0,1,2,2,3,4,7,2,0,175.0
0,0,1771657817.0,1,0,1,4,2,10,0,7,5,1,187.0
0,0,1754958267.0,2,0,2,0,1,6,0,0,1,0,211.0
0,0,1770342282.0,1,0,1,4,2,2,5,1,4,0,126.0
0,0,1736499257.0,2,0,2,0,4,2,5,8,4,0,85.0
0,0,1740915166.0,1,0,1,0,3,6,9,11,6,1,38.0
0,0,1740022632.0,0,0,0,2,5,2,4,3,3,0,71.0
0,0,1739869743.0,0,0,0,2,3,1,9,9,1,0,155.0
0,0,1768075372.0,0,0,0,5,2,3,4,20,5,1,106.0
0,0,1745804768.0,1,0,1,3,3,2,9,1,0,0,54.0
0,0,1758522995.0,2,0,2,0,1,2,0,6,0,0,23.0
0,0,1764747970.0,3,0,3,3,3,1,8,7,2,0,65.0
0,0,1736974291.0,3,0,3,4,4,2,5,20,2,0,107.0
0,0,1749582050.0,0,0,0,4,6,6,5,19,1,0,115.0
0,0,1752681478.0,1,0,1,0,5,3,5,15,2,0,153.0
0,0,1766087835.0,1,0,1,4,4,10,4,19,3,0,223.0
0,0,1760182015.0,1,0,1,0,5,15,9,11,5,1,9.0
0,0,1747819252.0,1,0,1,0,3,2,9,9,2,0,92.0
0,0,1746611710.0,1,0,1,3,1,4,0,9,2,0,183.0
0,0,1743357329.0,1,0,1,3,1,0,0,17,6,1,84.0
0,0,1758119637.0,0,0,0,4,6,1,0,14,2,0,103.0
0,0,1741343118.0,3,0,3,3,1,10,4,10,4,0,8.0
0,0,1766190290.0,3,0,3,0,5,6,8,0,5,1,78.0
0,0,1771011104.0,1,0,1,1,3,2,8,19,4,0,228.0
0,0,1770713683.0,2,0,2,3,6,1,8,8,1,0,218.0
0,0,1754399443.0,2,0,2,5,1,3,9,13,1,0,114.0
0,0,1747690077.0,1,0,1,3,5,2,8,21,0,0,19.0
0,0,1767218524.0,0,0,0,2,2,2,0,22,2,0,210.0
0,0,1755184096.0,0,0,0,4,1,2,9,15,3,0,17.0
0,0,1747525133.0,0,0,0,4,2,10,8,23,5,1,154.0
0,0,1752272862.0,3,0,3,3,3,4,0,22,4,0,231.0
0,0,1749793178.0,0,0,0,0,1,0,8,5,4,0,17.0
0,0,1754298726.0,0,0,0,2,4,2,8,9,0,0,13.0
0,0,1763800962.0,0,0,0,2,5,2,9,8,5,1,118.0
0,0,1755111902.0,3,0,3,2,3,6,9,19,2,0,101.0
0,0,1757301400.0,1,0,1,0,6,10,8,3,0,0,135.0
0,0,1745287322.0,1,0,1,2,6,0,0,2,1,0,202.0
0,0,1747379506.0,0,0,0,3,3,6,9,7,4,0,118.0
0,0,1771239273.0,0,0,0,2,1,7,5,10,0,0,7.0
0,0,1739291459.0,0,0,0,0,4,5,8,16,1,0,69.0
0,0,1740221713.0,0,0,0,5,4,3,4,10,5,1,160.0
0,0,1758317898.0,0,0,0,2,5,4,9,21,4,0,141.0
0,0,1771796868.0,3,0,3,4,1,3,4,21,6,1,14.0
0,0,1771420731.0,1,0,1,2,2,2,8,13,2,0,141.0
0,0,1742066367.0,2,0,2,2,1,3,8,19,5,1,206.0
0,0,1735727862.0,0,0,0,5,5,2,0,10,2,0,228.0
0,0,1755636657.0,3,0,3,0,3,4,0,20,1,0,77.0
0,0,1752239833.0,3,0,3,4,6,4,0,13,4,0,230.0
0,0,1771750616.0,3,0,3,4,6,0,5,8,6,1,159.0
0,0,1748466118.0,0,0,0,1,1,2,8,21,2,0,7.0
0,0,1762209856.0,3,0,3,3,5,3,4,22,0,0,20.0
0,0,1753868944.0,1,0,1,5,6,2,4,9,2,0,51.0
0,0,1750426117.0,3,0,3,5,3,2,5,13,4,0,137.0
7,0,1754924620.0,3,1,3,4,1,2,9,15,0,0,88.0
0,0,1763353664.0,2,0,2,3,2,6,5,4,0,0,154.0
0,0,1768718254.0,3,0,3,1,1,1,8,6,6,1,22.0
0,0,1754635871.0,3,0,3,5,1,3,8,6,4,0,56.0
0,0,1748785710.0,1,0,1,0,1,4,9,13,6,1,240.0
0,0,1755300820.0,2,0,2,0,4,2,8,23,4,0,186.0
0,0,1772108558.0,3,0,3,2,5,2,0,12,3,0,179.0
0,0,1768616200.0,0,0,0,5,5,3,4,2,5,1,77.0
0,0,1746743419.0,0,0,0,0,3,4,0,22,3,0,41.0
0,0,1756779689.0,1,0,1,2,2,4,5,2,1,0,219.0
0,0,1749572410.0,2,0,2,0,3,1,5,16,1,0,41.0
0,0,1755810739.0,2,0,2,1,3,1,4,21,3,0,131.0
0,0,1762129773.0,0,0,0,2,3,3,5,0,0,0,34.0
0,0,1763724856.0,3,0,3,4,1,10,8,11,4,0,207.0
0,0,1751717167.0,2,0,2,0,4,10,9,12,5,1,114.0
0,0,1740301830.0,2,0,2,3,3,6,9,9,6,1,144.0
0,0,1742968899.0,3,0,3,4,4,1,5,6,2,0,88.0
0,0,1739157996.0,1,0,1,4,6,3,4,3,0,0,209.0
0,0,1747335736.0,3,0,3,4,5,2,5,19,3,0,196.0
0,0,1766188054.0,3,0,3,4,1,2,9,23,4,0,22.0
0,0,1742417381.0,1,0,1,2,3,2,4,20,2,0,118.0
0,0,1747843176.0,3,0,3,0,5,3,0,15,2,0,110.0
0,0,1753657397.0,1,0,1,5,4,3,4,23,6,1,226.0
7,0,1763066948.0,3,1,3,1,5,10,0,20,3,0,39.0
0,0,1768154746.0,3,0,3,5,5,3,0,18,6,1,223.0
0,0,1739889715.0,2,0,2,4,4,1,4,14,1,0,137.0
0,0,1756041527.0,2,0,2,3,3,5,4,13,6,1,185.0
0,0,1754275511.0,2,0,2,4,3,6,5,2,0,0,43.0
0,0,1770805651.0,3,0,3,1,4,11,0,10,2,0,112.0
0,0,1760570425.0,2,0,2,1,1,2,0,23,2,0,56.0
0,0,1766242134.0,0,0,0,1,3,4,0,14,5,1,3.0
0,0,1736921530.0,2,0,2,3,1,2,5,6,2,0,176.0
0,0,1753519662.0,2,0,2,0,3,10,0,8,5,1,181.0
0,0,1766535132.0,3,0,3,0,2,2,9,0,2,0,198.0
0,0,1745403240.0,0,0,0,1,1,11,9,10,2,0,200.0
0,0,1739452876.0,0,0,0,5,3,3,4,13,3,0,110.0
0,0,1762833637.0,2,0,2,2,3,10,9,4,1,0,153.0
0,0,1764390831.0,0,0,0,1,5,2,0,4,5,1,144.0
7,0,1769696947.0,2,1,2,0,4,2,0,14,3,0,114.0
0,0,1753289362.0,0,0,0,2,2,2,9,16,2,0,144.0
0,0,1738050053.0,0,0,0,2,5,0,5,7,1,0,112.0
0,0,1754901997.0,2,0,2,5,5,15,8,8,0,0,95.0
0,0,1737513203.0,0,0,0,0,4,1,8,2,2,0,45.0
0,0,1743156641.0,1,0,1,2,6,11,5,10,4,0,58.0
0,0,1759207935.0,2,0,2,2,1,2,5,4,1,0,207.0
0,0,1747133516.0,0,0,0,2,5,1,8,10,1,0,73.0
7,0,1765764998.0,2,1,2,5,2,11,4,2,0,0,113.0
0,0,1741277971.0,0,0,0,4,5,2,8,16,3,0,25.0
7,0,1772126610.0,2,1,2,4,2,6,9,17,3,0,100.0
0,0,1772386160.0,2,0,2,5,5,2,0,17,6,1,222.0
0,0,1746225866.0,2,0,2,4,1,10,9,22,4,0,134.0
0,0,1738410588.0,1,0,1,1,1,2,0,11,5,1,148.0
0,0,1742224574.0,2,0,2,1,4,0,8,15,0,0,219.0
0,0,1762958896.0,3,0,3,2,1,1,0,14,2,0,110.0
0,0,1746010153.0,3,0,3,4,1,6,8,10,2,0,117.0
0,0,1750580794.0,1,0,1,5,2,7,0,8,6,1,138.0
0,0,1756683271.0,3,0,3,0,6,1,9,23,6,1,100.0
0,0,1754226116.0,2,0,2,0,4,2,4,13,6,1,179.0
0,0,1744473642.0,3,0,3,1,5,10,5,16,5,1,171.0
0,0,1737370325.0,2,0,2,3,3,2,0,10,0,0,212.0
0,0,1740156289.0,3,0,3,1,3,3,9,16,4,0,123.0
0,0,1737975080.0,1,0,1,1,1,3,0,10,0,0,79.0
0,0,1749191706.0,1,0,1,1,6,10,0,6,4,0,230.0
0,0,1765553337.0,0,0,0,4,6,3,8,15,4,0,93.0
7,0,1747040097.0,0,1,0,5,1,11,5,8,0,0,183.0
7,0,1749296401.0,0,1,0,1,4,11,0,11,5,1,158.0
0,0,1738206496.0,0,0,0,3,3,2,4,3,3,0,60.0
0,0,1738574768.0,2,0,2,4,6,3,5,9,0,0,40.0
0,0,1749165916.0,1,0,1,0,2,10,8,23,3,0,40.0
0,0,1748880697.0,1,0,1,4,2,2,0,16,0,0,86.0
0,0,1738000613.0,3,0,3,0,3,2,8,17,0,0,67.0
0,0,1750322204.0,3,0,3,5,6,3,4,8,3,0,47.0
0,0,1767872511.0,3,0,3,4,2,1,4,11,3,0,233.0
0,0,1736951016.0,3,0,3,4,6,3,5,14,2,0,68.0
0,0,1769050140.0,1,0,1,1,6,0,5,2,3,0,49.0
0,0,1760234594.0,1,0,1,1,5,11,8,2,6,1,175.0
0,0,1755029501.0,0,0,0,0,5,15,9,20,1,0,198.0
0,0,1768981654.0,1,0,1,5,5,4,4,7,2,0,202.0
0,0,1763821895.0,1,0,1,0,5,0,4,14,5,1,76.0
0,0,1758964252.0,2,0,2,3,5,0,9,9,5,1,7.0
0,0,1768437673.0,1,0,1,0,4,10,9,0,3,0,228.0
0,0,1739230311.0,3,0,3,4,3,2,0,23,0,0,72.0
0,0,1758130906.0,3,0,3,2,1,2,5,17,2,0,60.0
0,0,1766945286.0,0,0,0,1,1,2,0,18,6,1,10.0
0,0,1747375647.0,1,0,1,3,4,7,5,6,4,0,29.0
0,0,1754304556.0,0,0,0,4,2,2,9,10,0,0,165.0
0,0,1769185247.0,3,0,3,0,6,3,4,16,4,0,134.0
0,0,1751967867.0,0,0,0,2,1,11,0,9,1,0,141.0
0,0,1740233287.0,1,0,1,3,2,2,5,14,5,1,197.0
7,0,1743293671.0,3,1,3,3,6,10,5,0,6,1,112.0
0,0,1760297712.0,0,0,0,1,4,3,0,19,6,1,59.0
0,0,1740629714.0,1,0,1,1,4,2,0,4,3,0,205.0
0,0,1758830272.0,1,0,1,5,2,2,0,19,3,0,199.0
0,0,1761915344.0,2,0,2,3,2,3,8,12,4,0,3.0
0,0,1760072419.0,2,0,2,1,1,5,9,5,4,0,70.0
0,0,1741581126.0,0,0,0,4,2,0,5,4,0,0,49.0
0,0,1743047575.0,2,0,2,1,5,1,4,3,3,0,207.0
0,0,1771301593.0,1,0,1,3,2,11,8,4,1,0,68.0
0,0,1749091081.0,0,0,0,5,2,10,8,2,3,0,65.0
0,0,1757031923.0,3,0,3,1,5,2,0,0,4,0,196.0
0,0,1750452502.0,1,0,1,3,1,2,4,20,4,0,218.0
0,0,1755037778.0,1,0,1,5,3,1,0,22,1,0,238.0
0,0,1748529782.0,1,0,1,0,3,3,5,14,3,0,74.0
0,0,1759507975.0,2,0,2,5,1,6,5,16,4,0,4.0
0,0,1754489279.0,3,0,3,1,6,10,8,14,2,0,216.0
0,0,1736710807.0,3,0,3,2,3,2,8,19,6,1,45.0
0,0,1759436676.0,0,0,0,5,5,10,5,20,3,0,84.0
0,0,1746513759.0,0,0,0,1,5,4,0,6,1,0,172.0
0,0,1764706091.0,1,0,1,4,2,3,9,20,1,0,183.0
0,0,1767239442.0,3,0,3,3,2,3,5,3,3,0,199.0
0,0,1754411042.0,2,0,2,5,6,2,4,16,1,0,62.0
0,0,1759196113.0,0,0,0,3,3,2,5,1,1,0,49.0
0,0,1742592782.0,2,0,2,3,3,3,5,21,4,0,204.0
0,0,1763363636.0,3,0,3,3,2,3,4,7,0,0,126.0
0,0,1752273278.0,2,0,2,0,1,2,4,22,4,0,72.0
0,0,1747486541.0,2,0,2,3,3,4,4,12,5,1,148.0
0,0,1770416640.0,0,0,0,2,3,2,9,22,4,0,197.0
0,0,1748121028.0,3,0,3,2,6,2,9,21,5,1,31.0
0,0,1772281651.0,3,0,3,3,2,3,8,12,5,1,236.0
0,0,1743475712.0,3,0,3,1,6,2,5,2,1,0,180.0
0,0,1757748737.0,1,0,1,2,1,6,0,7,5,1,237.0
0,0,1771034842.0,3,0,3,5,6,2,4,2,5,1,44.0
0,0,1753517578.0,2,0,2,0,1,11,5,8,5,1,48.0
0,0,1763321501.0,1,0,1,0,1,2,0,19,6,1,197.0
0,0,1759643813.0,1,0,1,3,2,11,5,5,6,1,151.0
0,0,1748997760.0,3,0,3,4,2,3,9,0,2,0,140.0
0,0,1766943658.0,2,0,2,5,5,5,0,17,6,1,147.0
0,0,1770429371.0,1,0,1,3,1,6,4,1,5,1,221.0
0,0,1768707564.0,0,0,0,3,4,3,9,3,6,1,169.0
0,0,1747925373.0,0,0,0,2,4,5,5,14,3,0,131.0
0,0,1766782762.0,0,0,0,5,2,1,5,20,4,0,150.0
0,0,1761917078.0,0,0,0,0,4,6,8,13,4,0,126.0
0,0,1744868239.0,1,0,1,1,3,2,0,5,3,0,100.0
0,0,1749759030.0,2,0,2,0,1,2,4,20,3,0,24.0
7,0,1741445616.0,0,1,0,1,5,6,8,14,5,1,174.0
0,0,1751068435.0,2,0,2,5,4,1,5,23,4,0,182.0
0,0,1772738018.0,2,0,2,1,2,6,5,19,3,0,235.0
0,0,1740546785.0,0,0,0,5,1,10,8,5,2,0,232.0
0,0,1740866800.0,1,0,1,3,4,1,0,22,5,1,187.0
0,0,1759081341.0,3,0,3,2,1,2,5,17,6,1,83.0
0,0,1738255609.0,2,0,2,1,3,10,4,16,3,0,29.0
0,0,1744929399.0,1,0,1,0,4,2,0,22,3,0,152.0
0,0,1745667149.0,0,0,0,4,5,5,5,11,5,1,15.0
0,0,1756112489.0,3,0,3,0,2,5,9,9,0,0,219.0
0,0,1743198233.0,1,0,1,3,6,10,0,21,4,0,234.0
0,0,1740544295.0,2,0,2,5,3,1,9,4,2,0,44.0
0,0,1765512495.0,0,0,0,0,2,10,4,4,4,0,164.0
0,0,1750310501.0,2,0,2,5,6,2,0,5,3,0,198.0
0,0,1757472163.0,0,0,0,0,2,3,0,2,2,0,163.0
0,0,1735744467.0,3,0,3,5,5,3,9,15,2,0,194.0
0,0,1752258342.0,0,0,0,5,3,2,4,18,4,0,14.0
0,0,1767330002.0,2,0,2,1,6,1,9,5,4,0,231.0
0,0,1763768601.0,1,0,1,4,3,3,9,23,4,0,240.0
0,0,1740746255.0,0,0,0,0,4,3,8,12,4,0,34.0
0,0,1742449240.0,3,0,3,4,5,6,8,5,3,0,37.0
0,0,1755932699.0,1,0,1,1,5,1,0,7,5,1,162.0
0,0,1736155318.0,3,0,3,1,4,10,0,9,0,0,12.0
0,0,1772841558.0,0,0,0,4,2,1,9,23,4,0,16.0
0,0,1735691611.0,3,0,3,4,5,1,9,0,2,0,79.0
0,0,1751212144.0,2,0,2,4,4,10,8,15,6,1,63.0
0,0,1751004998.0,3,0,3,4,6,2,9,6,4,0,194.0
0,0,1759479659.0,3,0,3,2,3,11,0,8,4,0,114.0
0,0,1742623948.0,3,0,3,3,6,1,0,6,5,1,51.0
0,0,1766634105.0,3,0,3,2,6,10,0,3,3,0,104.0
0,0,1769560620.0,2,0,2,4,5,1,0,0,2,0,169.0
0,0,1748132077.0,2,0,2,2,2,11,4,0,6,1,100.0
0,0,1771422507.0,0,0,0,1,5,15,5,13,2,0,153.0
0,0,1739016100.0,2,0,2,2,2,10,4,12,5,1,50.0
0,0,1740288548.0,0,0,0,3,1,2,0,5,6,1,230.0
0,0,1759897362.0,0,0,0,5,6,2,5,4,2,0,14.0
0,0,1756160209.0,2,0,2,2,2,1,0,22,0,0,148.0
0,0,1769066647.0,3,0,3,4,5,1,4,7,3,0,61.0
0,0,1765851700.0,0,0,0,0,4,10,9,2,1,0,215.0
0,0,1754181296.0,0,0,0,2,3,3,4,0,6,1,224.0
0,0,1754249126.0,0,0,0,4,4,10,4,19,6,1,85.0
0,0,1760714882.0,0,0,0,5,5,2,8,15,4,0,194.0
0,0,1752196004.0,2,0,2,2,6,1,4,1,4,0,168.0
0,0,1761726585.0,1,0,1,4,4,11,9,8,2,0,146.0
0,0,1757282212.0,1,0,1,2,4,0,9,21,6,1,184.0
0,0,1743989634.0,3,0,3,3,6,2,5,1,0,0,16.0
0,0,1760059311.0,3,0,3,3,4,1,5,1,4,0,173.0
0,0,1764380510.0,3,0,3,4,5,10,5,1,5,1,211.0
0,0,1745782953.0,2,0,2,2,3,3,9,19,6,1,112.0
0,0,1737543905.0,2,0,2,4,5,1,0,11,2,0,86.0
0,0,1751378726.0,2,0,2,4,3,4,8,14,1,0,152.0
0,0,1752109869.0,3,0,3,2,3,2,0,1,3,0,97.0
0,0,1771572091.0,3,0,3,2,3,10,0,7,4,0,48.0
0,0,1767416404.0,0,0,0,5,5,10,8,5,5,1,239.0
0,0,1757549370.0,2,0,2,1,5,7,8,0,3,0,89.0
7,0,1751773988.0,2,1,2,1,3,10,8,3,6,1,233.0
0,0,1742407159.0,0,0,0,5,6,2,4,17,2,0,21.0
0,0,1737589153.0,2,0,2,3,6,3,5,23,2,0,207.0
0,0,1768615159.0,2,0,2,5,1,10,9,1,5,1,35.0
7,0,1740422567.0,0,1,0,3,4,11,0,18,0,0,28.0
0,0,1754845833.0,1,0,1,2,2,15,5,17,6,1,187.0
0,0,1767872303.0,3,0,3,0,1,10,5,11,3,0,114.0
0,0,1764579033.0,0,0,0,1,2,6,0,8,0,0,146.0
0,0,1761918190.0,0,0,0,5,1,11,0,13,4,0,61.0
0,0,1770345874.0,1,0,1,4,5,10,5,2,4,0,32.0
0,0,1746361799.0,1,0,1,4,3,6,9,12,6,1,238.0
0,0,1758237762.0,1,0,1,2,4,3,0,23,3,0,216.0
0,0,1770679770.0,1,0,1,0,2,2,0,23,0,0,212.0
0,0,1751178823.0,0,0,0,5,5,3,4,6,6,1,189.0
0,0,1747804197.0,3,0,3,4,5,3,0,5,2,0,113.0
0,0,1762280442.0,1,0,1,1,1,3,8,18,1,0,122.0
0,0,1757135405.0,1,0,1,1,2,3,5,5,5,1,107.0
0,0,1759155775.0,0,0,0,3,1,3,9,14,0,0,114.0
0,0,1772542974.0,0,0,0,2,5,1,5,13,1,0,239.0
0,0,1738555457.0,3,0,3,0,4,4,0,4,0,0,153.0
0,0,1738716279.0,2,0,2,0,1,1,9,0,2,0,210.0
0,0,1771034563.0,2,0,2,4,5,3,0,2,5,1,169.0
0,0,1767914399.0,2,0,2,3,2,2,5,23,3,0,165.0
0,0,1765732850.0,1,0,1,0,4,10,5,17,6,1,175.0
0,0,1750451786.0,0,0,0,0,6,5,9,20,4,0,219.0
0,0,1770908817.0,3,0,3,3,5,2,9,15,3,0,203.0
0,0,1747165616.0,3,0,3,1,1,4,8,19,1,0,44.0
0,0,1760791148.0,0,0,0,5,2,15,5,12,5,1,155.0
0,0,1761546616.0,1,0,1,2,3,4,0,6,0,0,167.0
0,0,1745520008.0,1,0,1,4,5,2,8,18,3,0,39.0
0,0,1754816268.0,0,0,0,2,6,2,9,8,6,1,186.0
0,0,1758259813.0,1,0,1,2,3,0,4,5,4,0,239.0
0,0,1754988368.0,3,0,3,3,6,10,0,8,1,0,146.0
0,0,1742659020.0,0,0,0,2,2,6,5,15,5,1,96.0
0,0,1749918658.0,0,0,0,5,3,1,9,16,5,1,239.0
0,0,1761318421.0,3,0,3,2,2,6,8,15,4,0,139.0
0,0,1736665391.0,2,0,2,5,2,11,9,7,6,1,145.0
0,0,1749551595.0,1,0,1,5,3,2,8,10,1,0,49.0
0,0,1771129009.0,2,0,2,4,2,6,9,4,6,1,89.0
0,0,1763568259.0,0,0,0,4,5,4,9,16,2,0,116.0
0,0,1745181222.0,0,0,0,0,2,2,4,20,6,1,180.0
0,0,1770398336.0,3,0,3,1,5,0,9,17,4,0,53.0
0,0,1768054369.0,1,0,1,2,6,6,8,14,5,1,24.0
0,0,1762620293.0,1,0,1,2,4,1,8,16,5,1,47.0
0,0,1755574030.0,3,0,3,1,5,11,0,3,1,0,92.0
0,0,1740344128.0,3,0,3,1,3,2,4,20,6,1,148.0
0,0,1771811514.0,3,0,3,4,1,10,9,1,0,0,40.0
0,0,1764750176.0,1,0,1,1,2,2,9,8,2,0,41.0
0,0,1744186738.0,2,0,2,0,5,10,4,8,2,0,199.0
0,0,1741489708.0,1,0,1,3,3,1,8,3,6,1,92.0
0,0,1738708245.0,0,0,0,5,3,3,4,22,1,0,145.0
0,0,1737805701.0,1,0,1,2,1,2,5,11,5,1,40.0
0,0,1746508672.0,1,0,1,3,6,2,8,5,1,0,35.0
0,0,1739063508.0,2,0,2,5,5,10,9,1,6,1,8.0
0,0,1744790179.0,1,0,1,5,3,10,5,7,2,0,71.0
0,0,1754341009.0,2,0,2,5,5,11,4,20,0,0,208.0
0,0,1756600612.0,0,0,0,0,1,3,8,0,6,1,101.0
0,0,1736402422.0,3,0,3,4,3,10,8,6,3,0,102.0
0,0,1770727809.0,1,0,1,3,2,5,8,12,1,0,17.0
0,0,1738962621.0,1,0,1,5,4,4,0,21,4,0,228.0
0,0,1741080462.0,2,0,2,2,5,0,0,9,1,0,93.0
0,0,1767139020.0,0,0,0,1,6,10,4,23,1,0,205.0
0,0,1764565715.0,2,0,2,3,2,2,4,5,0,0,190.0
0,0,1756920478.0,2,0,2,4,5,3,5,17,2,0,109.0
0,0,1744417616.0,0,0,0,0,5,1,5,0,5,1,29.0
0,0,1749009630.0,0,0,0,5,2,0,0,4,2,0,23.0
0,0,1742065590.0,0,0,0,4,2,7,0,19,5,1,60.0
0,0,1768580885.0,1,0,1,5,6,6,8,16,4,0,222.0
0,0,1760542125.0,2,0,2,4,3,10,5,15,2,0,172.0
0,0,1769909023.0,3,0,3,3,6,3,0,1,6,1,208.0
0,0,1765530234.0,1,0,1,0,3,0,5,9,4,0,205.0
0,0,1760711969.0,2,0,2,3,1,2,0,14,4,0,39.0
0,0,1761439677.0,1,0,1,1,4,6,8,0,6,1,215.0
0,0,1766204695.0,1,0,1,5,5,1,0,4,5,1,89.0
0,0,1770076492.0,0,0,0,4,6,2,8,23,0,0,166.0
0,0,1739361874.0,2,0,2,1,6,4,8,12,2,0,184.0
0,0,1748989291.0,3,0,3,3,2,2,0,22,1,0,30.0
0,0,1744363562.0,1,0,1,3,4,6,5,9,4,0,139.0
0,0,1760732887.0,0,0,0,4,4,6,9,20,4,0,184.0
7,0,1747451325.0,0,1,0,4,1,3,5,3,5,1,8.0
0,0,1743155059.0,0,0,0,0,2,3,4,9,4,0,233.0
0,0,1755309136.0,1,0,1,1,2,6,8,1,5,1,206.0
0,0,1740217722.0,1,0,1,5,3,10,9,9,5,1,167.0
0,0,1753859557.0,3,0,3,4,5,3,0,7,2,0,95.0
0,0,1743371888.0,1,0,1,2,1,2,9,21,6,1,126.0
0,0,1758379295.0,1,0,1,3,2,10,5,14,5,1,38.0
0,0,1738239235.0,2,0,2,0,1,2,8,12,3,0,94.0
0,0,1741301807.0,0,0,0,0,5,2,9,22,3,0,24.0
0,0,1745907704.0,3,0,3,5,5,0,4,6,1,0,103.0
0,0,1747148706.0,0,0,0,3,6,2,0,15,1,0,217.0
0,0,1751324333.0,2,0,2,1,4,5,8,22,0,0,178.0
0,0,1742455124.0,3,0,3,3,2,2,4,7,3,0,20.0
0,0,1759581206.0,3,0,3,3,2,4,0,12,5,1,22.0
0,0,1738947020.0,0,0,0,4,2,2,0,16,4,0,185.0
0,0,1757714758.0,2,0,2,0,2,3,9,22,4,0,31.0
0,0,1761841574.0,3,0,3,2,6,10,8,16,3,0,38.0
7,0,1741663999.0,3,1,3,2,1,2,4,3,1,0,22.0
0,0,1770883349.0,0,0,0,2,3,11,9,8,3,0,193.0
0,0,1765032649.0,0,0,0,0,5,11,9,14,5,1,65.0
0,0,1756858107.0,0,0,0,3,4,10,4,0,2,0,87.0
0,0,1753651278.0,3,0,3,4,5,6,0,21,6,1,210.0
0,0,1755302249.0,0,0,0,3,3,6,5,23,4,0,235.0
0,0,1740186311.0,0,0,0,2,3,3,8,1,5,1,133.0
0,0,1755229755.0,3,0,3,5,4,6,9,3,4,0,133.0
0,0,1757689196.0,3,0,3,1,6,10,8,14,4,0,43.0
0,0,1742428382.0,1,0,1,2,3,0,5,23,2,0,229.0
0,0,1750890711.0,0,0,0,1,2,2,9,22,2,0,163.0
0,0,1762564102.0,1,0,1,0,1,11,9,1,5,1,142.0
0,0,1753684814.0,2,0,2,1,2,4,8,6,0,0,235.0
0,0,1762097430.0,2,0,2,4,5,10,4,15,6,1,135.0
0,0,1744343606.0,2,0,2,3,6,5,0,3,4,0,148.0
0,0,1758358497.0,0,0,0,2,6,10,0,8,5,1,70.0
0,0,1769115400.0,2,0,2,0,6,10,4,20,3,0,109.0
0,0,1740149998.0,1,0,1,1,4,11,0,14,4,0,55.0
0,0,1758200341.0,1,0,1,2,3,2,8,12,3,0,36.0
0,0,1757766647.0,0,0,0,4,2,2,8,12,5,1,56.0
0,0,1760152907.0,2,0,2,3,2,10,5,3,5,1,135.0
0,0,1754432282.0,1,0,1,4,4,6,4,22,1,0,106.0
0,0,1756171527.0,3,0,3,0,1,3,9,1,1,0,125.0
0,0,1751269041.0,2,0,2,3,1,4,9,7,0,0,131.0
0,0,1757270332.0,1,0,1,5,1,0,0,18,6,1,208.0
0,0,1765955795.0,1,0,1,4,5,4,8,7,2,0,149.0
0,0,1772466944.0,2,0,2,4,3,3,0,15,0,0,46.0
0,0,1749155702.0,3,0,3,0,6,11,5,20,3,0,204.0
0,0,1754215099.0,2,0,2,3,3,2,8,9,6,1,31.0
0,0,1740956323.0,1,0,1,5,3,2,0,22,6,1,106.0
0,0,1756186647.0,1,0,1,4,6,2,9,5,1,0,214.0
0,0,1767255512.0,0,0,0,2,5,2,8,8,3,0,118.0
0,0,1745378088.0,3,0,3,1,3,1,8,3,2,0,57.0
0,0,1771603628.0,2,0,2,0,2,15,0,16,4,0,167.0
0,0,1757462040.0,3,0,3,4,3,10,5,23,1,0,71.0
0,0,1738286354.0,1,0,1,0,6,0,8,1,4,0,140.0
0,0,1739571067.0,1,0,1,1,3,1,4,22,4,0,235.0
0,0,1760354964.0,2,0,2,5,4,2,5,11,0,0,80.0
0,0,1755340649.0,2,0,2,2,1,3,4,10,5,1,58.0
0,0,1771118844.0,3,0,3,0,3,1,9,1,6,1,236.0
0,0,1745312253.0,3,0,3,0,2,0,5,8,1,0,134.0
0,0,1736067947.0,3,0,3,0,3,2,5,9,6,1,42.0
0,0,1767681792.0,2,0,2,1,4,3,5,6,1,0,176.0
0,0,1752799055.0,3,0,3,5,6,0,4,0,4,0,142.0
0,0,1740194982.0,1,0,1,3,6,2,5,3,5,1,44.0
0,0,1744020975.0,0,0,0,0,6,6,9,10,0,0,212.0
0,0,1743704516.0,0,0,0,1,1,2,8,18,3,0,27.0
0,0,1754419149.0,1,0,1,5,6,3,5,18,1,0,200.0
0,0,1762861810.0,2,0,2,5,1,2,5,11,1,0,129.0
0,0,1767717044.0,0,0,0,1,5,11,4,16,1,0,29.0
0,0,1766352389.0,2,0,2,4,5,3,0,21,6,1,99.0
0,0,1746808979.0,3,0,3,2,4,2,5,16,4,0,158.0
7,0,1765848398.0,1,1,1,2,4,1,5,1,1,0,201.0
0,0,1755131032.0,1,0,1,0,3,3,0,0,3,0,189.0
0,0,1755313713.0,3,0,3,0,1,3,5,3,5,1,169.0
0,0,1760207879.0,2,0,2,3,5,6,0,18,5,1,200.0
0,0,1755790485.0,0,0,0,2,2,1,9,15,3,0,18.0
0,0,1769232215.0,0,0,0,2,6,2,8,5,5,1,102.0
0,0,1755213552.0,2,0,2,1,4,1,8,23,3,0,219.0
0,0,1762352388.0,0,0,0,3,5,5,9,14,2,0,187.0
0,0,1754966294.0,2,0,2,1,1,3,8,2,1,0,21.0
0,0,1749008020.0,3,0,3,5,1,15,9,3,2,0,199.0
0,0,1752358325.0,2,0,2,5,4,0,9,22,5,1,97.0
0,0,1760224679.0,1,0,1,4,5,2,9,23,5,1,179.0
0,0,1763349471.0,1,0,1,0,3,15,8,3,0,0,169.0
0,0,1758449256.0,1,0,1,5,2,2,4,10,6,1,43.0
0,0,1739670134.0,3,0,3,3,1,10,0,1,6,1,195.0
0,0,1745034702.0,1,0,1,3,3,2,8,3,5,1,216.0
7,0,1746504798.0,0,1,0,3,1,1,5,4,1,0,136.0
0,0,1765240684.0,3,0,3,2,3,2,0,0,1,0,189.0
0,0,1764633817.0,0,0,0,4,5,5,8,0,1,0,232.0
0,0,1769644818.0,1,0,1,3,1,0,4,0,3,0,169.0
0,0,1763943311.0,2,0,2,0,2,2,9,0,0,0,16.0
0,0,1743228152.0,3,0,3,3,5,3,8,6,5,1,213.0
0,0,1744715110.0,0,0,0,1,6,2,5,11,1,0,113.0
0,0,1742963922.0,0,0,0,0,6,6,5,4,2,0,85.0
0,0,1738998919.0,2,0,2,4,3,0,9,7,5,1,92.0
0,0,1754440716.0,1,0,1,0,1,1,8,0,2,0,140.0
0,0,1751718264.0,2,0,2,1,2,15,0,12,5,1,127.0
0,0,1743760842.0,3,0,3,5,1,3,8,10,4,0,137.0
0,0,1763076612.0,1,0,1,3,1,0,8,23,3,0,39.0
7,0,1745423245.0,3,1,3,4,1,6,9,15,2,0,182.0
0,0,1764308092.0,2,0,2,5,6,10,0,5,4,0,55.0
0,0,1754150506.0,3,0,3,0,5,3,8,16,5,1,8.0
0,0,1752566386.0,1,0,1,2,4,3,0,7,1,0,154.0
0,0,1736591946.0,1,0,1,1,2,1,4,10,5,1,16.0
0,0,1757404783.0,3,0,3,1,2,4,5,7,1,0,129.0
0,0,1763028213.0,2,0,2,3,3,4,0,10,3,0,95.0
0,0,1753928461.0,2,0,2,5,3,2,5,2,3,0,7.0
7,0,1739486289.0,1,1,1,4,5,2,5,22,3,0,172.0
7,0,1770890507.0,1,1,1,3,3,2,5,10,3,0,55.0
0,0,1740997402.0,1,0,1,4,2,2,8,10,0,0,217.0
0,0,1756074123.0,2,0,2,5,5,10,9,22,6,1,126.0
7,0,1761095818.0,2,1,2,4,1,2,4,1,2,0,231.0
0,0,1748617247.0,0,0,0,5,3,4,5,15,4,0,217.0
0,0,1766994378.0,2,0,2,4,6,3,8,7,0,0,183.0
0,0,1757767497.0,0,0,0,2,5,1,0,12,5,1,91.0
0,0,1753848171.0,1,0,1,1,3,0,4,4,2,0,15.0
0,0,1770241586.0,2,0,2,4,2,2,9,21,2,0,98.0
0,0,1740529763.0,2,0,2,3,6,2,4,0,2,0,125.0
0,0,1767642196.0,3,0,3,3,1,1,0,19,0,0,25.0
0,0,1736002935.0,2,0,2,5,1,5,4,15,5,1,226.0
0,0,1754112207.0,1,0,1,0,5,1,4,5,5,1,113.0
0,0,1736972069.0,0,0,0,2,5,1,4,20,2,0,162.0
0,0,1770676387.0,0,0,0,4,2,1,8,22,0,0,42.0
0,0,1765773148.0,1,0,1,4,6,0,4,4,0,0,224.0
0,0,1743725027.0,0,0,0,1,5,7,9,0,4,0,7.0
0,0,1744187692.0,2,0,2,0,5,0,0,8,2,0,106.0
0,0,1736772283.0,1,0,1,0,3,10,5,12,0,0,61.0
0,0,1737739675.0,0,0,0,4,1,1,0,17,4,0,109.0
0,0,1767370739.0,3,0,3,5,2,1,4,16,4,0,108.0
0,0,1772102938.0,0,0,0,0,3,6,9,10,3,0,186.0
0,0,1747389672.0,0,0,0,4,3,6,4,10,4,0,97.0
0,0,1752533173.0,0,0,0,0,1,10,0,22,0,0,80.0
0,0,1760055415.0,1,0,1,2,4,0,4,0,4,0,177.0
0,0,1737817028.0,2,0,2,5,4,3,4,14,5,1,10.0
0,0,1764860262.0,1,0,1,0,2,6,5,14,3,0,3.0
0,0,1765786111.0,2,0,2,1,1,1,0,8,0,0,86.0
0,0,1766174879.0,1,0,1,2,4,0,5,20,4,0,210.0
0,0,1748528796.0,0,0,0,5,6,1,5,14,3,0,218.0
0,0,1770631240.0,0,0,0,5,1,2,5,10,0,0,179.0
0,0,1754373283.0,1,0,1,1,5,3,9,5,1,0,114.0
0,0,1742428570.0,3,0,3,2,2,6,9,23,2,0,157.0
7,0,1770960761.0,1,1,1,3,2,4,8,5,4,0,70.0
0,0,1741548981.0,3,0,3,5,6,5,4,19,6,1,224.0
0,0,1739651211.0,2,0,2,3,2,10,5,20,5,1,126.0
0,0,1752578881.0,0,0,0,0,4,2,0,11,1,0,15.0
0,0,1758617395.0,1,0,1,3,3,3,4,8,1,0,223.0
0,0,1760747047.0,3,0,3,0,2,1,4,0,5,1,158.0
7,0,1769933915.0,2,1,2,0,3,3,0,8,6,1,96.0
0,0,1762046345.0,2,0,2,0,3,10,8,1,6,1,131.0
0,0,1758727640.0,1,0,1,3,4,2,9,15,2,0,146.0
0,0,1760618554.0,3,0,3,1,2,5,4,12,3,0,118.0
0,0,1751784906.0,0,0,0,2,3,1,5,6,6,1,62.0
7,0,1758580889.0,0,1,0,4,5,4,8,22,0,0,3.0
0,0,1756119414.0,0,0,0,2,3,0,4,10,0,0,148.0
0,0,1744367121.0,2,0,2,3,2,2,8,10,4,0,44.0
0,0,1759389342.0,3,0,3,4,1,2,4,7,3,0,108.0
7,0,1772726948.0,1,1,1,0,2,0,9,16,3,0,180.0
0,0,1766894289.0,3,0,3,3,2,6,9,3,6,1,151.0
0,0,1768563499.0,0,0,0,4,5,4,9,11,4,0,17.0
0,0,1754290028.0,3,0,3,5,6,2,4,6,0,0,239.0
0,0,1761714452.0,0,0,0,5,1,10,5,5,2,0,201.0
0,0,1770745076.0,3,0,3,0,2,3,4,17,1,0,220.0
0,0,1768882217.0,2,0,2,0,6,2,8,4,1,0,193.0
0,0,1742152608.0,0,0,0,0,1,3,0,19,6,1,56.0
0,0,1747631698.0,2,0,2,1,2,5,8,5,0,0,50.0
0,0,1736276075.0,1,0,1,0,4,2,5,18,1,0,15.0
0,0,1767945886.0,2,0,2,0,1,2,5,8,4,0,225.0
0,0,1753252880.0,3,0,3,0,4,2,4,6,2,0,165.0
0,0,1755869119.0,1,0,1,1,4,2,9,13,4,0,216.0
0,0,1738132020.0,0,0,0,2,3,1,9,6,2,0,170.0
0,0,1770866580.0,3,0,3,2,1,2,9,3,3,0,166.0
0,0,1742723282.0,3,0,3,4,1,2,0,9,6,1,205.0
0,0,1771959292.0,2,0,2,5,5,3,9,18,1,0,107.0
0,0,1737049677.0,3,0,3,1,1,1,5,17,3,0,230.0
0,0,1738466375.0,1,0,1,5,6,2,5,3,6,1,176.0
0,0,1748330814.0,1,0,1,0,6,1,8,7,1,0,201.0
0,0,1743602718.0,0,0,0,2,2,6,5,14,2,0,65.0
0,0,1767386375.0,2,0,2,2,3,0,9,20,4,0,128.0
0,0,1771219044.0,0,0,0,1,4,2,4,5,0,0,138.0
0,0,1753087294.0,0,0,0,5,3,10,0,8,0,0,153.0
0,0,1749924548.0,2,0,2,4,1,2,0,18,5,1,146.0
0,0,1763886559.0,3,0,3,0,4,1,8,8,6,1,4.0
0,0,1771158591.0,2,0,2,1,6,1,9,12,6,1,126.0
0,0,1742102152.0,0,0,0,5,3,5,4,5,6,1,97.0
0,0,1743345031.0,0,0,0,0,6,4,0,14,6,1,220.0
0,0,1746614424.0,1,0,1,2,6,2,8,10,2,0,142.0
0,0,1737191950.0,1,0,1,2,6,0,0,9,5,1,86.0
0,0,1771686792.0,2,0,2,3,1,1,9,15,5,1,11.0
0,0,1740827752.0,2,0,2,1,2,2,9,11,5,1,224.0
0,0,1764605276.0,2,0,2,5,1,15,5,16,0,0,230.0
0,0,1769720981.0,1,0,1,5,6,2,9,21,3,0,73.0
0,0,1749860924.0,2,0,2,3,2,3,9,0,5,1,19.0
0,0,1755969849.0,3,0,3,3,6,6,9,17,5,1,122.0
0,0,1753688505.0,2,0,2,0,2,6,4,7,0,0,150.0
7,0,1767148557.0,2,1,2,3,4,5,9,2,2,0,71.0
0,0,1748785920.0,3,0,3,5,6,0,4,13,6,1,235.0
0,0,1772777669.0,1,0,1,3,6,0,9,6,4,0,222.0
0,0,1752351383.0,1,0,1,3,6,10,9,20,5,1,152.0
0,0,1771412725.0,3,0,3,4,3,1,9,11,2,0,211.0
0,0,1762892703.0,3,0,3,3,4,7,8,20,1,0,146.0
0,0,1740433419.0,3,0,3,3,4,2,9,21,0,0,225.0
0,0,1753419325.0,1,0,1,5,1,1,4,4,4,0,26.0
0,0,1745273290.0,3,0,3,5,6,11,9,22,0,0,42.0
0,0,1758740407.0,1,0,1,3,2,2,4,19,2,0,235.0
0,0,1746293110.0,2,0,2,2,4,11,5,17,5,1,147.0
7,0,1758559041.0,1,1,1,5,1,7,5,16,0,0,195.0
0,0,1737948866.0,1,0,1,5,1,3,9,3,0,0,207.0
0,0,1740109824.0,0,0,0,2,3,3,9,3,4,0,136.0
0,0,1771036301.0,3,0,3,5,3,6,5,2,5,1,149.0
0,0,1736876300.0,2,0,2,3,3,10,0,17,1,0,195.0
0,0,1764143431.0,0,0,0,2,6,1,9,7,2,0,31.0
0,0,1762302776.0,0,0,0,0,3,2,9,0,2,0,201.0
0,0,1745990447.0,3,0,3,2,5,3,9,5,2,0,58.0
0,0,1744381254.0,3,0,3,0,6,2,9,14,4,0,87.0
0,0,1737323893.0,0,0,0,0,1,1,8,21,6,1,206.0
0,0,1746991962.0,3,0,3,0,3,3,9,19,6,1,133.0
0,0,1737779065.0,1,0,1,0,3,2,5,4,5,1,197.0
0,0,1738102082.0,0,0,0,1,6,4,5,22,1,0,29.0
0,0,1754338302.0,3,0,3,4,4,2,4,20,0,0,125.0
0,0,1736990244.0,3,0,3,2,6,10,8,1,3,0,17.0
0,0,1756499676.0,2,0,2,0,5,6,9,20,4,0,9.0
0,0,1739360119.0,0,0,0,0,4,10,9,11,2,0,177.0
0,0,1740387560.0,2,0,2,3,4,1,0,8,0,0,157.0
0,0,1750606708.0,0,0,0,1,3,2,5,15,6,1,154.0
0,0,1762360721.0,3,0,3,4,1,3,5,16,2,0,61.0
0,0,1765825919.0,0,0,0,2,4,2,9,19,0,0,164.0
0,0,1768732726.0,0,0,0,1,4,0,9,10,6,1,134.0
0,0,1749259859.0,3,0,3,4,4,10,9,1,5,1,35.0
0,0,1743585266.0,1,0,1,4,1,2,4,9,2,0,186.0
7,0,1751969227.0,0,1,0,5,6,4,8,10,1,0,98.0
0,0,1765757706.0,2,0,2,0,3,2,4,0,0,0,23.0
0,0,1741176809.0,3,0,3,1,2,4,4,12,2,0,223.0
0,0,1762470478.0,0,0,0,3,6,5,4,23,3,0,169.0
0,0,1769146405.0,3,0,3,2,3,10,5,5,4,0,47.0
0,0,1771395726.0,0,0,0,0,2,7,9,6,2,0,49.0
0,0,1752692418.0,0,0,0,4,3,0,4,19,2,0,136.0
0,0,1742914736.0,3,0,3,1,6,3,5,14,1,0,206.0
0,0,1772468123.0,2,0,2,3,6,3,8,16,0,0,98.0
0,0,1767549628.0,1,0,1,3,3,1,4,18,6,1,110.0
0,0,1740015765.0,0,0,0,3,3,3,9,1,3,0,216.0
0,0,1754743508.0,2,0,2,4,6,3,5,12,5,1,51.0
0,0,1768827878.0,1,0,1,5,1,2,5,13,0,0,32.0
0,0,1742226223.0,2,0,2,0,4,2,0,15,0,0,51.0
0,0,1756800812.0,0,0,0,3,2,2,9,8,1,0,137.0
0,0,1766893218.0,3,0,3,1,3,1,0,3,6,1,82.0
0,0,1754388265.0,0,0,0,0,5,10,0,10,1,0,164.0
0,0,1770042185.0,1,0,1,1,2,6,9,14,0,0,127.0
0,0,1771896706.0,1,0,1,0,2,2,5,1,1,0,172.0
0,0,1770731394.0,0,0,0,3,3,2,0,13,1,0,78.0
0,0,1741302823.0,2,0,2,0,6,2,0,23,3,0,78.0
0,0,1772185025.0,1,0,1,0,6,2,0,9,4,0,218.0
0,0,1762182497.0,1,0,1,2,4,10,8,15,0,0,8.0
0,0,1755060673.0,2,0,2,3,2,6,0,4,2,0,103.0
0,0,1739460482.0,0,0,0,0,2,3,9,15,3,0,176.0
0,0,1768075144.0,0,0,0,0,6,3,0,19,5,1,25.0
0,0,1740623909.0,1,0,1,3,2,5,0,2,3,0,32.0
0,0,1753417169.0,2,0,2,2,6,1,9,4,4,0,2.0
0,0,1744135067.0,0,0,0,1,6,4,9,17,1,0,166.0
0,0,1768987344.0,0,0,0,2,6,2,5,9,2,0,99.0
0,0,1772548121.0,0,0,0,5,2,1,8,14,1,0,141.0
0,0,1748247648.0,2,0,2,4,1,2,4,8,0,0,41.0
0,0,1753213011.0,1,0,1,4,3,1,5,19,1,0,50.0
0,0,1738446002.0,1,0,1,4,4,10,4,21,5,1,51.0
0,0,1750004271.0,3,0,3,5,1,4,9,16,6,1,41.0
0,0,1748842321.0,3,0,3,2,2,2,8,5,0,0,160.0
0,0,1742804000.0,2,0,2,1,3,2,8,8,0,0,187.0
0,0,1765533785.0,1,0,1,4,5,10,9,10,4,0,225.0
0,0,1768037867.0,3,0,3,4,4,2,8,9,5,1,230.0
0,0,1743769595.0,0,0,0,5,6,3,9,12,4,0,122.0
0,0,1756781279.0,0,0,0,2,4,2,8,2,1,0,95.0
0,0,1741697196.0,3,0,3,1,4,6,9,12,1,0,202.0
0,0,1737341883.0,2,0,2,5,6,3,9,2,0,0,78.0
0,0,1766907994.0,2,0,2,4,6,3,4,7,6,1,122.0
0,0,1769257474.0,3,0,3,3,5,2,5,12,5,1,236.0
0,0,1754877586.0,1,0,1,5,2,3,0,1,0,0,127.0
0,0,1751815186.0,2,0,2,5,5,2,5,15,6,1,64.0
0,0,1764439294.0,1,0,1,3,1,3,9,18,5,1,125.0
0,0,1769968599.0,2,0,2,0,2,2,5,17,6,1,199.0
0,0,1770650868.0,1,0,1,2,1,3,5,15,0,0,45.0
0,0,1746626235.0,0,0,0,3,1,10,4,13,2,0,66.0
0,0,1747010245.0,3,0,3,3,3,2,8,0,0,0,125.0
0,0,1769305941.0,3,0,3,3,4,2,4,1,6,1,112.0
0,0,1767344241.0,0,0,0,1,6,6,4,8,4,0,164.0
7,0,1748481635.0,0,1,0,1,1,4,9,1,3,0,207.0
0,0,1746389045.0,1,0,1,3,4,1,9,20,6,1,118.0
0,0,1736922056.0,3,0,3,3,1,6,8,6,2,0,67.0
0,0,1755074320.0,0,0,0,2,4,10,4,8,2,0,56.0
7,0,1743409260.0,0,1,0,5,2,1,8,8,0,0,187.0
0,0,1750004835.0,3,0,3,4,5,2,0,16,6,1,141.0
0,0,1762701958.0,1,0,1,1,4,1,9,15,6,1,226.0
0,0,1765530149.0,3,0,3,3,3,0,8,9,4,0,210.0
0,0,1753746861.0,3,0,3,5,1,1,8,23,0,0,49.0
0,0,1762352025.0,3,0,3,3,3,3,0,14,2,0,81.0
0,0,1754938482.0,1,0,1,2,3,10,9,18,0,0,182.0
0,0,1757569089.0,1,0,1,2,1,2,0,5,3,0,207.0
0,0,1765110713.0,3,0,3,2,3,6,4,12,6,1,61.0
0,0,1738335878.0,2,0,2,5,1,3,8,15,4,0,83.0
0,0,1738657184.0,1,0,1,2,6,1,4,8,1,0,222.0
0,0,1740174532.0,3,0,3,2,2,2,4,21,4,0,225.0
0,0,1769319051.0,2,0,2,0,2,1,9,5,6,1,77.0
0,0,1759171796.0,2,0,2,2,2,11,5,18,0,0,13.0
0,0,1755074943.0,3,0,3,3,3,11,4,8,2,0,58.0
0,0,1765438450.0,3,0,3,0,2,2,8,7,3,0,109.0
0,0,1739235439.0,0,0,0,3,1,2,9,0,1,0,73.0
0,0,1758633095.0,3,0,3,2,1,0,5,13,1,0,87.0
0,0,1735756934.0,2,0,2,1,1,0,9,18,2,0,211.0
0,0,1756731748.0,2,0,2,5,2,2,4,13,0,0,170.0
0,0,1741128383.0,2,0,2,5,4,3,0,22,1,0,59.0
0,0,1757958074.0,0,0,0,5,5,2,5,17,0,0,23.0
0,0,1754257275.0,2,0,2,0,3,3,4,21,6,1,192.0
0,0,1757882626.0,0,0,0,3,1,10,5,20,6,1,115.0
0,0,1741444297.0,0,0,0,2,4,0,5,14,5,1,184.0
0,0,1741323438.0,1,0,1,1,3,5,4,4,4,0,53.0
7,0,1768261121.0,3,1,3,4,1,10,4,23,0,0,93.0
0,0,1766785908.0,1,0,1,1,3,2,8,21,4,0,199.0
0,0,1744307960.0,1,0,1,5,5,10,4,17,3,0,210.0
0,0,1761163338.0,3,0,3,5,4,1,0,20,2,0,204.0
0,0,1757140647.0,0,0,0,2,6,3,8,6,5,1,132.0
7,0,1752847247.0,2,1,2,4,6,2,5,14,4,0,28.0
0,0,1756902914.0,3,0,3,5,2,10,0,12,2,0,123.0
0,0,1751374056.0,1,0,1,3,4,11,9,12,1,0,130.0
7,0,1759532697.0,3,1,3,4,3,3,0,23,4,0,177.0
0,0,1757478224.0,0,0,0,5,3,0,4,4,2,0,195.0
0,0,1754023353.0,3,0,3,3,4,2,5,4,4,0,86.0
0,0,1771366673.0,3,0,3,4,1,2,8,22,1,0,66.0
0,0,1748009265.0,2,0,2,2,1,6,9,14,4,0,208.0
0,0,1752967536.0,1,0,1,2,6,2,8,23,5,1,16.0
0,0,1753016768.0,2,0,2,1,3,10,4,13,6,1,207.0
0,0,1747835833.0,3,0,3,3,4,10,9,13,2,0,129.0
0,0,1742622309.0,1,0,1,4,3,3,9,5,5,1,177.0
0,0,1761163081.0,3,0,3,1,4,6,0,19,2,0,170.0
0,0,1764496280.0,3,0,3,2,5,2,8,9,6,1,22.0
0,0,1770530667.0,1,0,1,1,2,3,8,6,6,1,216.0
0,0,1737711746.0,0,0,0,4,3,0,0,9,4,0,181.0
0,0,1760718208.0,3,0,3,2,3,3,5,16,4,0,153.0
0,0,1766110944.0,2,0,2,5,3,3,4,2,4,0,71.0
0,0,1746975676.0,2,0,2,1,1,6,8,15,6,1,157.0
0,0,1743184263.0,0,0,0,0,1,6,8,17,4,0,205.0
0,0,1767255106.0,1,0,1,5,2,11,5,8,3,0,152.0
0,0,1743122564.0,2,0,2,2,1,2,9,0,4,0,176.0
0,0,1745474718.0,1,0,1,0,2,2,8,6,3,0,49.0
0,0,1761722676.0,1,0,1,5,6,3,4,7,2,0,78.0
0,0,1759111021.0,0,0,0,3,1,3,8,1,0,0,38.0
0,0,1755485579.0,1,0,1,1,5,5,8,2,0,0,14.0
0,0,1748384864.0,2,0,2,4,1,2,5,22,1,0,108.0
0,0,1765317726.0,2,0,2,0,1,2,9,22,1,0,32.0
0,0,1744167235.0,0,0,0,0,2,15,9,2,2,0,9.0
0,0,1747394699.0,1,0,1,2,2,1,0,11,4,0,67.0
0,0,1737058700.0,2,0,2,4,4,0,9,20,3,0,46.0
0,0,1772615612.0,1,0,1,4,3,4,0,9,2,0,80.0
0,0,1752433856.0,2,0,2,3,6,2,8,19,6,1,225.0
0,0,1740700545.0,2,0,2,2,2,11,0,23,3,0,217.0
0,0,1757786754.0,3,0,3,2,5,0,9,18,5,1,238.0
7,0,1759460453.0,1,1,1,1,3,11,4,3,4,0,143.0
7,0,1758702519.0,1,1,1,3,4,10,5,8,2,0,208.0
0,0,1755930326.0,3,0,3,5,6,6,5,6,5,1,119.0
0,0,1770885703.0,2,0,2,0,6,3,8,8,3,0,125.0
0,0,1750832900.0,2,0,2,0,1,3,4,6,2,0,37.0
0,0,1761406682.0,0,0,0,4,6,1,0,15,5,1,153.0
0,0,1743186266.0,2,0,2,4,2,2,0,18,4,0,118.0
0,0,1767950499.0,0,0,0,3,4,2,0,9,4,0,182.0
0,0,1761996678.0,0,0,0,4,4,3,8,11,5,1,2.0
0,0,1758626992.0,2,0,2,5,6,1,8,11,1,0,218.0
0,0,1736752694.0,1,0,1,4,2,3,8,7,0,0,50.0
0,0,1765634556.0,3,0,3,5,4,3,5,14,5,1,234.0
0,0,1757361244.0,0,0,0,5,2,10,8,19,0,0,160.0
0,0,1767390095.0,3,0,3,2,5,1,8,21,4,0,90.0
0,0,1762790215.0,3,0,3,4,5,1,0,15,0,0,191.0
0,0,1752357128.0,2,0,2,4,5,2,0,21,5,1,95.0
0,0,1760169596.0,0,0,0,4,2,0,4,7,5,1,161.0
0,0,1755664339.0,2,0,2,1,4,0,4,4,2,0,129.0
0,0,1742658601.0,0,0,0,1,2,3,5,15,5,1,146.0
0,0,1755840980.0,2,0,2,4,5,2,0,5,4,0,210.0
0,0,1753650870.0,0,0,0,4,1,2,0,21,6,1,32.0
0,0,1761098430.0,2,0,2,3,5,11,9,2,2,0,196.0
0,0,1738517805.0,2,0,2,2,4,10,9,17,6,1,21.0
0,0,1760207036.0,0,0,0,3,2,4,9,18,5,1,75.0
0,0,1759837380.0,1,0,1,0,6,2,8,11,1,0,76.0
0,0,1744792187.0,3,0,3,1,6,15,0,8,2,0,9.0
0,0,1763691427.0,2,0,2,3,6,1,0,2,4,0,16.0
0,0,1757174394.0,0,0,0,0,4,1,4,15,5,1,202.0
0,0,1736312474.0,2,0,2,5,6,1,4,5,2,0,25.0
0,0,1739245503.0,2,0,2,4,1,6,8,3,1,0,150.0
0,0,1747897525.0,0,0,0,3,2,0,8,7,3,0,64.0
0,0,1750767114.0,0,0,0,2,4,3,5,12,1,0,236.0
0,0,1748791234.0,1,0,1,0,1,2,0,15,6,1,239.0
0,0,1743105141.0,3,0,3,3,2,0,0,19,3,0,165.0
0,0,1761521487.0,1,0,1,3,5,10,8,23,6,1,24.0
0,0,1759199740.0,2,0,2,5,1,2,4,2,1,0,12.0
0,0,1737078466.0,1,0,1,3,4,0,0,1,4,0,191.0
0,0,1753438484.0,3,0,3,2,2,10,4,10,4,0,239.0
0,0,1740606230.0,2,0,2,0,3,2,5,21,2,0,165.0
0,0,1750455009.0,0,0,0,5,6,5,9,21,4,0,74.0
0,0,1754766355.0,3,0,3,5,5,0,8,19,5,1,156.0
0,0,1752384446.0,3,0,3,5,3,2,5,5,6,1,180.0
0,0,1736745079.0,3,0,3,0,4,3,8,5,0,0,125.0
0,0,1747125028.0,3,0,3,1,4,1,4,8,1,0,190.0
0,0,1756545875.0,2,0,2,5,1,4,9,9,5,1,179.0
0,0,1768943888.0,2,0,2,0,5,2,8,21,1,0,42.0
0,0,1745186893.0,1,0,1,2,2,0,8,22,6,1,19.0
0,0,1766563486.0,0,0,0,2,1,5,0,8,2,0,78.0
7,0,1751809181.0,2,1,2,1,3,5,0,13,6,1,193.0
0,0,1757700736.0,3,0,3,1,5,0,8,18,4,0,5.0
0,0,1763061954.0,3,0,3,3,5,4,8,19,3,0,96.0
0,0,1759660312.0,1,0,1,4,6,3,4,10,6,1,200.0
0,0,1738971985.0,0,0,0,3,4,1,9,23,4,0,76.0
0,0,1759948264.0,1,0,1,1,4,6,4,18,2,0,127.0
0,0,1750359149.0,1,0,1,4,4,1,4,18,3,0,73.0
0,0,1758425624.0,1,0,1,4,4,2,5,3,6,1,169.0
0,0,1747471080.0,2,0,2,1,4,2,0,8,5,1,48.0
0,0,1772242611.0,1,0,1,1,6,2,0,1,5,1,37.0
0,0,1740342897.0,3,0,3,3,3,11,4,20,6,1,27.0
0,0,1743631721.0,3,0,3,0,2,3,9,22,2,0,68.0
0,0,1759083331.0,2,0,2,3,6,4,4,18,6,1,168.0
0,0,1768065110.0,0,0,0,4,1,3,8,17,5,1,78.0
0,0,1763174158.0,0,0,0,2,6,10,0,2,5,1,154.0
0,0,1769509388.0,0,0,0,2,4,2,5,10,1,0,31.0
0,0,1769177950.0,2,0,2,0,5,3,0,14,4,0,129.0
0,0,1749107473.0,3,0,3,1,1,3,9,7,3,0,99.0
0,0,1772207430.0,2,0,2,1,1,4,4,15,4,0,39.0
0,0,1743949198.0,1,0,1,1,6,1,0,14,6,1,96.0
0,0,1751156059.0,1,0,1,5,2,5,8,0,6,1,124.0
0,0,1748288191.0,1,0,1,4,1,4,5,19,0,0,95.0
0,0,1768350678.0,0,0,0,2,6,6,5,0,2,0,33.0
0,0,1759235547.0,1,0,1,4,1,4,4,12,1,0,149.0
0,0,1743427494.0,0,0,0,1,3,3,0,13,0,0,117.0
0,0,1745235852.0,2,0,2,2,3,15,0,11,0,0,121.0
0,0,1736853839.0,2,0,2,5,3,3,4,11,1,0,86.0
0,0,1766423041.0,2,0,2,4,1,0,8,17,0,0,72.0
0,0,1739382661.0,2,0,2,4,3,6,8,17,2,0,51.0
0,0,1759756051.0,0,0,0,5,3,2,0,13,0,0,197.0
0,0,1760268891.0,0,0,0,3,6,5,8,11,6,1,63.0
0,0,1771624489.0,0,0,0,0,1,0,8,21,4,0,192.0
0,0,1754668518.0,0,0,0,4,4,3,4,15,4,0,239.0
0,0,1758919972.0,3,0,3,4,3,3,4,20,4,0,149.0
7,0,1736980986.0,2,1,2,4,4,2,9,22,2,0,126.0
0,0,1761807708.0,1,0,1,0,6,1,0,7,3,0,157.0
0,0,1739889044.0,0,0,0,0,1,0,5,14,1,0,197.0
0,0,1756799138.0,0,0,0,2,1,3,4,7,1,0,31.0
0,0,1746971449.0,2,0,2,2,5,4,4,13,6,1,71.0
0,0,1740518951.0,0,0,0,5,3,3,5,21,1,0,8.0
0,0,1742088966.0,1,0,1,3,3,15,8,1,6,1,228.0
0,0,1741429533.0,0,0,0,3,4,3,5,10,5,1,203.0
0,0,1736879303.0,0,0,0,5,5,1,4,18,1,0,145.0
0,0,1754122159.0,2,0,2,0,1,2,8,8,5,1,240.0
0,0,1740913282.0,1,0,1,3,4,3,5,11,6,1,168.0
0,0,1736185133.0,3,0,3,5,2,0,4,17,0,0,222.0
0,0,1746028359.0,3,0,3,4,5,0,4,15,2,0,94.0
0,0,1762229316.0,0,0,0,0,5,3,9,4,1,0,25.0
0,0,1772038263.0,2,0,2,0,2,2,8,16,2,0,220.0
0,0,1769223841.0,1,0,1,0,3,3,4,3,5,1,20.0
0,0,1744532675.0,1,0,1,3,3,2,8,8,6,1,7.0
0,0,1744947630.0,3,0,3,2,4,2,8,3,4,0,114.0
0,0,1760969452.0,0,0,0,2,1,2,4,14,0,0,94.0
0,0,1769882003.0,1,0,1,3,2,6,0,17,5,1,128.0
0,0,1766649539.0,3,0,3,5,1,15,5,7,3,0,184.0
0,0,1767485838.0,0,0,0,5,3,1,9,0,6,1,195.0
0,0,1738757956.0,2,0,2,0,6,2,0,12,2,0,127.0
0,0,1741540457.0,3,0,3,3,6,6,0,17,6,1,126.0
0,0,1744281685.0,3,0,3,2,6,1,9,10,3,0,45.0
0,0,1739161173.0,3,0,3,0,5,2,0,4,0,0,108.0
0,0,1759975646.0,1,0,1,5,1,2,9,2,3,0,3.0
0,0,1761044290.0,1,0,1,5,6,5,9,10,1,0,24.0
0,0,1747012858.0,0,0,0,3,6,1,8,1,0,0,51.0
0,0,1763153293.0,1,0,1,0,4,5,9,20,4,0,107.0
0,0,1751028777.0,2,0,2,1,6,6,5,12,4,0,69.0
0,0,1764557372.0,0,0,0,1,2,11,9,2,0,0,212.0
0,0,1746675073.0,3,0,3,2,6,3,4,3,3,0,145.0
0,0,1758296996.0,3,0,3,0,4,2,8,15,4,0,134.0
0,0,1745763389.0,2,0,2,0,2,2,4,14,6,1,70.0
0,0,1761810058.0,3,0,3,0,4,4,5,7,3,0,28.0
0,0,1758098876.0,2,0,2,4,3,3,4,8,2,0,219.0
0,0,1750167379.0,1,0,1,1,5,10,0,13,1,0,63.0
0,0,1740290472.0,2,0,2,0,4,3,0,6,6,1,46.0
0,0,1750531954.0,3,0,3,1,6,10,5,18,5,1,8.0
0,0,1753655373.0,3,0,3,4,4,11,5,22,6,1,109.0
0,0,1771795999.0,1,0,1,2,3,1,5,21,6,1,169.0
0,0,1745714186.0,1,0,1,5,1,0,0,0,6,1,101.0
0,0,1760285909.0,2,0,2,0,4,10,9,16,6,1,12.0
0,0,1769691807.0,2,0,2,1,5,1,5,13,3,0,209.0
0,0,1757633242.0,0,0,0,3,4,3,8,23,3,0,79.0
0,0,1751212728.0,1,0,1,5,3,2,8,15,6,1,151.0
0,0,1771351077.0,1,0,1,4,3,2,9,17,1,0,176.0
0,0,1738082624.0,1,0,1,3,1,2,0,16,1,0,175.0
0,0,1768648026.0,3,0,3,1,4,3,5,11,5,1,201.0
0,0,1770825770.0,3,0,3,1,4,10,0,16,2,0,192.0
0,0,1767418474.0,0,0,0,0,4,2,5,5,5,1,191.0
0,0,1741948452.0,1,0,1,2,3,2,4,10,4,0,173.0
0,0,1737770771.0,0,0,0,1,3,2,9,2,5,1,148.0
0,0,1756579134.0,2,0,2,2,2,11,4,18,5,1,121.0
0,0,1755739255.0,0,0,0,5,4,2,4,1,3,0,234.0
0,0,1745711802.0,1,0,1,3,1,6,9,23,5,1,45.0
0,0,1771522165.0,1,0,1,3,4,3,4,17,3,0,222.0
0,0,1744366712.0,1,0,1,2,3,1,4,10,4,0,218.0
0,0,1761061921.0,3,0,3,4,4,1,5,15,1,0,119.0
0,0,1742966185.0,0,0,0,1,2,1,0,5,2,0,107.0
0,0,1757855272.0,3,0,3,0,4,10,9,13,6,1,33.0
0,0,1742085227.0,1,0,1,3,6,2,8,0,6,1,189.0
0,0,1762222759.0,3,0,3,2,2,7,0,2,1,0,20.0
0,0,1756860877.0,2,0,2,0,6,5,5,0,2,0,208.0
0,0,1748306310.0,0,0,0,0,4,1,5,0,1,0,195.0
0,0,1748708337.0,0,0,0,5,3,3,0,16,5,1,215.0
7,0,1763657883.0,0,1,0,4,3,5,8,16,3,0,7.0
0,0,1749616327.0,1,0,1,1,6,2,8,4,2,0,8.0
0,0,1741127216.0,1,0,1,0,2,5,0,22,1,0,218.0
0,0,1757616908.0,0,0,0,3,1,5,5,18,3,0,32.0
0,0,1759913287.0,0,0,0,2,5,4,0,8,2,0,136.0
7,0,1766556080.0,3,1,3,5,6,2,5,6,2,0,70.0
0,0,1768622771.0,2,0,2,2,4,1,8,4,5,1,107.0
0,0,1751233805.0,3,0,3,2,5,4,4,21,6,1,190.0
0,0,1770648517.0,0,0,0,5,6,10,0,14,0,0,75.0
0,0,1748110173.0,2,0,2,5,5,5,5,18,5,1,49.0
0,0,1770305585.0,1,0,1,3,6,0,5,15,3,0,52.0
0,0,1769267110.0,0,0,0,5,6,2,5,15,5,1,157.0
0,0,1739862306.0,2,0,2,3,2,4,4,7,1,0,20.0
0,0,1771995382.0,2,0,2,3,1,3,4,4,2,0,58.0
0,0,1748905765.0,1,0,1,1,4,6,8,23,0,0,69.0
0,0,1759348941.0,0,0,0,1,2,0,8,20,2,0,186.0
0,0,1750493151.0,1,0,1,5,4,3,5,8,5,1,58.0
0,0,1760595950.0,1,0,1,3,2,1,5,6,3,0,42.0
0,0,1770601531.0,0,0,0,4,3,2,4,1,0,0,73.0
0,0,1746505392.0,3,0,3,5,3,6,0,4,1,0,209.0
0,0,1753588857.0,1,0,1,5,4,11,9,4,6,1,191.0
0,0,1771437819.0,3,0,3,5,5,10,0,18,2,0,142.0
0,0,1744807250.0,3,0,3,2,3,10,5,12,2,0,231.0
0,0,1757306352.0,3,0,3,5,3,6,9,4,0,0,219.0
0,0,1756671069.0,2,0,2,5,3,3,8,20,6,1,123.0
0,0,1760517634.0,0,0,0,3,1,10,0,8,2,0,211.0
0,0,1770884080.0,1,0,1,1,2,3,8,8,3,0,71.0
0,0,1772000079.0,1,0,1,2,3,6,5,6,2,0,220.0
0,0,1744831516.0,2,0,2,1,3,2,4,19,2,0,9.0
0,0,1750088664.0,0,0,0,2,6,1,8,15,0,0,149.0
0,0,1750028568.0,1,0,1,2,3,2,4,23,6,1,14.0
0,0,1743614167.0,0,0,0,3,6,2,5,17,2,0,124.0
7,0,1763377130.0,3,1,3,4,3,4,9,10,0,0,58.0
0,0,1763969202.0,0,0,0,1,1,11,4,7,0,0,215.0
0,0,1758710967.0,1,0,1,5,1,1,0,10,2,0,200.0
7,0,1746069335.0,0,1,0,0,1,3,5,3,3,0,161.0
0,0,1769156410.0,3,0,3,5,1,5,5,8,4,0,58.0
0,0,1770078497.0,2,0,2,2,6,3,0,0,1,0,45.0
0,0,1770022811.0,3,0,3,0,1,3,5,9,0,0,68.0
0,0,1765186799.0,0,0,0,0,1,2,5,9,0,0,120.0
0,0,1756628192.0,1,0,1,4,3,11,9,8,6,1,198.0
0,0,1750424302.0,3,0,3,3,5,15,5,12,4,0,2.0
0,0,1760241866.0,2,0,2,0,1,0,8,4,6,1,196.0
0,0,1749311442.0,3,0,3,3,5,11,4,15,5,1,127.0
0,0,1737787166.0,1,0,1,2,4,6,8,6,5,1,228.0
0,0,1766066086.0,3,0,3,2,5,2,0,13,3,0,144.0
0,0,1754293915.0,1,0,1,1,3,3,8,7,0,0,68.0
0,0,1740519145.0,3,0,3,3,4,10,4,21,1,0,148.0
0,0,1752372389.0,0,0,0,1,5,4,0,2,6,1,147.0
0,0,1736346792.0,2,0,2,2,4,2,5,14,2,0,153.0
0,0,1747077794.0,0,0,0,0,2,2,5,19,0,0,45.0
0,0,1759679391.0,1,0,1,1,4,2,0,15,6,1,159.0
0,0,1766980261.0,3,0,3,0,6,0,0,3,0,0,6.0
0,0,1736293867.0,1,0,1,1,5,2,9,23,1,0,145.0
0,0,1746521032.0,3,0,3,5,5,2,8,8,1,0,166.0
0,0,1760065559.0,2,0,2,0,5,6,9,3,4,0,144.0
0,0,1741596862.0,0,0,0,5,2,10,4,8,0,0,129.0
0,0,1751830923.0,3,0,3,2,5,2,8,19,6,1,126.0
0,0,1771287074.0,3,0,3,1,5,11,8,0,1,0,24.0
0,0,1751644044.0,0,0,0,4,1,2,4,15,4,0,7.0
0,0,1755163177.0,1,0,1,5,2,2,4,9,3,0,145.0
0,0,1769115632.0,0,0,0,1,1,1,0,21,3,0,47.0
0,0,1767427259.0,3,0,3,5,5,0,0,8,5,1,171.0
0,0,1772031683.0,1,0,1,4,6,11,9,15,2,0,94.0
0,0,1759000764.0,3,0,3,1,2,3,0,19,5,1,37.0
0,0,1763978015.0,3,0,3,2,6,3,5,9,0,0,132.0
0,0,1742873254.0,0,0,0,2,3,2,9,3,1,0,102.0
0,0,1739731944.0,3,0,3,2,5,6,8,18,6,1,107.0
0,0,1769215532.0,1,0,1,3,6,15,9,0,5,1,85.0
0,0,1766692277.0,1,0,1,2,3,3,9,19,3,0,109.0
0,0,1764858131.0,3,0,3,1,6,2,4,14,3,0,74.0
0,0,1770932889.0,3,0,3,2,2,2,8,21,3,0,10.0
0,0,1744486687.0,2,0,2,4,5,6,8,19,5,1,8.0
0,0,1741491895.0,0,0,0,4,5,10,4,3,6,1,72.0
0,0,1742381625.0,0,0,0,0,1,3,9,10,2,0,94.0
0,0,1769330716.0,0,0,0,3,2,0,4,8,6,1,20.0
0,0,1758847770.0,1,0,1,3,6,0,4,0,4,0,150.0
0,0,1772570013.0,1,0,1,2,3,0,5,20,1,0,136.0
0,0,1741105911.0,3,0,3,2,6,10,8,16,1,0,178.0
0,0,1753380489.0,1,0,1,1,4,3,8,18,3,0,32.0
0,0,1741715076.0,0,0,0,2,6,2,5,17,1,0,84.0
0,0,1763884604.0,2,0,2,2,5,2,4,7,6,1,26.0
0,0,1758163800.0,1,0,1,0,5,2,9,2,3,0,198.0
0,0,1739513300.0,0,0,0,4,2,5,8,6,4,0,57.0
0,0,1738664623.0,0,0,0,1,4,3,9,10,1,0,79.0
0,0,1740207477.0,0,0,0,4,5,2,9,6,5,1,88.0
0,0,1740352245.0,3,0,3,5,6,3,9,23,6,1,74.0
0,0,1764775786.0,2,0,2,0,6,2,4,15,2,0,31.0
0,0,1739842532.0,3,0,3,1,6,2,5,1,1,0,24.0
7,0,1758742908.0,2,1,2,3,1,3,9,19,2,0,168.0
0,0,1740045713.0,2,0,2,5,6,3,9,10,3,0,53.0
0,0,1754749454.0,0,0,0,0,4,10,0,14,5,1,48.0
0,0,1771453684.0,0,0,0,0,5,6,4,22,2,0,155.0
0,0,1759913440.0,1,0,1,5,4,3,9,8,2,0,236.0
0,0,1745825721.0,3,0,3,4,4,2,8,7,0,0,66.0
0,0,1736210072.0,3,0,3,3,5,6,0,0,1,0,33.0
0,0,1770104514.0,1,0,1,3,2,5,0,7,1,0,20.0
0,0,1754956319.0,1,0,1,0,2,6,8,23,0,0,187.0
7,0,1765536265.0,1,1,1,5,5,1,4,10,4,0,69.0
0,0,1769596340.0,1,0,1,0,2,10,8,10,2,0,222.0
0,0,1740095722.0,3,0,3,1,1,5,0,23,3,0,234.0
0,0,1741510063.0,0,0,0,1,4,5,8,8,6,1,36.0
0,0,1739620998.0,0,0,0,4,2,2,0,12,5,1,15.0
0,0,1763405627.0,2,0,2,5,6,2,4,18,0,0,122.0
0,0,1769117888.0,3,0,3,4,6,10,5,21,3,0,12.0
0,0,1753173404.0,1,0,1,0,6,3,0,8,1,0,108.0
0,0,1745519563.0,0,0,0,5,3,2,9,18,3,0,66.0
0,0,1742020260.0,3,0,3,2,4,3,4,6,5,1,164.0
0,0,1736350073.0,1,0,1,0,3,4,9,15,2,0,40.0
0,0,1735819570.0,2,0,2,3,6,3,4,12,3,0,72.0
0,0,1767097268.0,2,0,2,3,4,6,9,12,1,0,118.0
0,0,1758237915.0,0,0,0,4,6,0,0,23,3,0,122.0
0,0,1762103265.0,3,0,3,4,2,2,8,17,6,1,167.0
0,0,1765836519.0,1,0,1,3,5,3,0,22,0,0,213.0
0,0,1737794215.0,1,0,1,3,2,10,5,8,5,1,238.0
0,0,1747151710.0,3,0,3,0,3,11,5,15,1,0,205.0
0,0,1751858844.0,2,0,2,2,2,10,4,3,0,0,202.0
0,0,1771920401.0,2,0,2,2,5,3,8,8,1,0,64.0
0,0,1754486977.0,2,0,2,1,6,1,8,13,2,0,159.0
0,0,1740536883.0,0,0,0,0,4,0,8,2,2,0,117.0
0,0,1756734809.0,3,0,3,0,1,3,4,13,0,0,81.0
0,0,1760848442.0,2,0,2,0,5,0,9,4,6,1,156.0
0,0,1759734430.0,2,0,2,3,1,2,4,7,0,0,64.0
0,0,1741447146.0,3,0,3,3,4,5,8,15,5,1,220.0
0,0,1752310502.0,2,0,2,3,4,4,9,8,5,1,138.0
0,0,1749531594.0,3,0,3,3,6,2,8,4,1,0,92.0
0,0,1768545033.0,2,0,2,0,3,1,5,6,4,0,179.0
0,0,1771192429.0,1,0,1,2,3,2,0,21,6,1,55.0
7,0,1771974035.0,1,1,1,5,1,15,0,23,1,0,158.0
0,0,1757701793.0,1,0,1,4,4,4,4,18,4,0,85.0
0,0,1742681997.0,3,0,3,3,4,1,9,22,5,1,34.0
0,0,1749397357.0,3,0,3,5,2,2,4,15,6,1,15.0
0,0,1754256338.0,3,0,3,1,1,6,4,21,6,1,223.0
0,0,1737996141.0,1,0,1,4,2,6,4,16,0,0,155.0
0,0,1742584004.0,1,0,1,1,5,3,5,19,4,0,185.0
0,0,1746049431.0,1,0,1,2,4,3,8,21,2,0,117.0
0,0,1771749809.0,3,0,3,4,2,1,5,8,6,1,124.0
0,0,1771338431.0,1,0,1,3,1,3,8,14,1,0,209.0
0,0,1746005322.0,2,0,2,3,2,4,8,9,2,0,153.0
0,0,1762612064.0,3,0,3,4,1,6,4,14,5,1,137.0
0,0,1742872390.0,0,0,0,0,3,2,9,3,1,0,191.0
0,0,1763350977.0,2,0,2,4,1,3,5,3,0,0,201.0
0,0,1769839212.0,3,0,3,4,3,3,8,6,5,1,5.0
0,0,1772724081.0,2,0,2,3,5,3,4,15,3,0,12.0
7,0,1743349433.0,3,1,3,5,4,3,8,15,6,1,155.0
0,0,1771369736.0,2,0,2,5,5,1,5,23,1,0,187.0
0,0,1765489411.0,0,0,0,1,3,10,9,21,3,0,208.0
0,0,1752041881.0,2,0,2,4,3,5,5,6,2,0,130.0
0,0,1772629947.0,1,0,1,3,6,3,8,13,2,0,78.0
0,0,1755856723.0,2,0,2,5,6,10,0,9,4,0,77.0
0,0,1744091243.0,2,0,2,3,6,3,5,5,1,0,2.0
0,0,1769527931.0,3,0,3,3,4,1,4,15,1,0,230.0
0,0,1764531367.0,0,0,0,1,3,0,0,19,6,1,148.0
0,0,1761240456.0,0,0,0,2,4,3,9,17,3,0,240.0
0,0,1750260460.0,2,0,2,5,6,1,9,15,2,0,230.0
0,0,1767167966.0,2,0,2,5,6,2,4,7,2,0,200.0
0,0,1762375772.0,3,0,3,0,6,11,8,20,2,0,233.0
0,0,1747270186.0,2,0,2,2,4,7,0,0,3,0,2.0
0,0,1760903778.0,0,0,0,1,1,2,4,19,6,1,30.0
0,0,1749586468.0,0,0,0,3,2,2,4,20,1,0,181.0
0,0,1757206745.0,0,0,0,4,4,6,9,0,6,1,89.0
0,0,1737476061.0,3,0,3,1,4,2,8,16,1,0,206.0
0,0,1768263281.0,2,0,2,2,4,11,0,0,1,0,105.0
0,0,1753059828.0,0,0,0,5,5,3,8,1,0,0,236.0
0,0,1744023201.0,2,0,2,1,4,6,8,10,0,0,143.0
0,0,1755040299.0,2,0,2,2,3,4,8,23,1,0,38.0
7,0,1764289091.0,1,1,1,4,5,11,5,0,4,0,208.0
0,0,1760338049.0,2,0,2,1,4,3,8,6,0,0,41.0
0,0,1746869461.0,1,0,1,1,3,2,9,9,5,1,43.0
0,0,1763984674.0,0,0,0,1,4,3,8,11,0,0,130.0
0,0,1760463153.0,3,0,3,1,4,2,4,17,1,0,209.0
0,0,1757911029.0,2,0,2,3,3,2,8,4,0,0,205.0
0,0,1754267868.0,2,0,2,0,6,0,5,0,0,0,130.0
0,0,1767561345.0,0,0,0,3,5,6,4,21,6,1,119.0
0,0,1762082051.0,3,0,3,5,4,2,5,11,6,1,5.0
0,0,1766496494.0,3,0,3,2,3,2,8,13,1,0,51.0
0,0,1748771581.0,3,0,3,0,6,10,4,9,6,1,137.0
0,0,1761190039.0,0,0,0,3,4,2,9,3,3,0,113.0
0,0,1759150607.0,2,0,2,0,2,4,5,12,0,0,10.0
0,0,1763983238.0,2,0,2,2,5,10,5,11,0,0,127.0
0,0,1763187538.0,3,0,3,3,1,6,4,6,5,1,71.0
0,0,1768748965.0,1,0,1,1,4,10,9,15,6,1,58.0
0,0,1749072194.0,0,0,0,5,6,6,4,21,2,0,54.0
0,0,1741378765.0,2,0,2,1,2,3,5,20,4,0,182.0
0,0,1746273301.0,3,0,3,2,3,6,0,11,5,1,223.0
0,0,1754364868.0,2,0,2,4,5,1,8,3,1,0,77.0
0,0,1738405600.0,3,0,3,3,6,0,8,10,5,1,9.0
0,0,1752703841.0,2,0,2,0,6,7,8,22,2,0,84.0
0,0,1755783586.0,3,0,3,0,3,0,0,13,3,0,72.0
0,0,1758614838.0,3,0,3,1,5,11,0,8,1,0,239.0
0,0,1742672653.0,1,0,1,3,1,10,4,19,5,1,111.0
0,0,1742571580.0,1,0,1,4,5,5,0,15,4,0,76.0
0,0,1769236751.0,2,0,2,4,6,6,5,6,5,1,15.0
0,0,1747671782.0,1,0,1,2,5,2,4,16,0,0,135.0
0,0,1767653966.0,2,0,2,5,6,3,5,22,0,0,176.0
0,0,1757135938.0,3,0,3,1,6,3,8,5,5,1,34.0
0,0,1771275305.0,2,0,2,3,1,0,8,20,0,0,140.0
0,0,1757606815.0,3,0,3,2,6,10,0,16,3,0,89.0
0,0,1772698165.0,0,0,0,4,5,0,5,8,3,0,213.0
0,0,1746377706.0,2,0,2,3,1,1,9,16,6,1,2.0
0,0,1740135962.0,0,0,0,0,5,3,0,11,4,0,164.0
7,0,1748612620.0,1,1,1,4,2,6,4,13,4,0,61.0
0,0,1740112218.0,2,0,2,2,4,1,5,4,4,0,178.0
0,0,1744614858.0,0,0,0,1,2,3,5,7,0,0,136.0
0,0,1770701520.0,2,0,2,3,4,1,4,5,1,0,83.0
0,0,1738247309.0,1,0,1,1,5,2,9,14,3,0,165.0
0,0,1766442917.0,2,0,2,5,3,4,5,22,0,0,68.0
0,0,1756150961.0,2,0,2,0,1,2,0,19,0,0,14.0
0,0,1758017121.0,3,0,3,5,6,4,8,10,1,0,54.0
0,0,1737983717.0,3,0,3,3,2,11,8,13,0,0,83.0
0,0,1744363096.0,0,0,0,1,4,3,0,9,4,0,195.0
0,0,1746415683.0,1,0,1,0,3,2,9,3,0,0,191.0
0,0,1748839465.0,2,0,2,0,6,2,9,4,0,0,77.0
0,0,1748120373.0,2,0,2,2,2,2,8,20,5,1,59.0
0,0,1772407502.0,0,0,0,5,6,6,9,23,6,1,228.0
0,0,1753009703.0,2,0,2,0,1,2,9,11,6,1,62.0
0,0,1745369814.0,1,0,1,3,3,3,8,0,2,0,195.0
0,0,1768404350.0,0,0,0,1,6,4,5,15,2,0,73.0
0,0,1751534671.0,0,0,0,3,5,1,5,9,3,0,91.0
0,0,1765850924.0,2,0,2,0,4,4,8,2,1,0,6.0
0,0,1772585329.0,0,0,0,2,5,2,0,0,2,0,163.0
0,0,1771907379.0,1,0,1,4,4,2,5,4,1,0,58.0
0,0,1742045721.0,2,0,2,5,4,2,0,13,5,1,130.0
0,0,1759166128.0,0,0,0,4,2,3,4,17,0,0,111.0
0,0,1771912243.0,1,0,1,1,4,2,4,5,1,0,127.0
0,0,1739848010.0,0,0,0,3,1,2,9,3,1,0,233.0
0,0,1745430339.0,3,0,3,0,5,0,5,17,2,0,215.0
0,0,1754161728.0,3,0,3,2,5,2,8,19,5,1,205.0
0,0,1737399817.0,3,0,3,3,3,4,5,19,0,0,13.0
0,0,1738970391.0,1,0,1,0,2,2,8,23,4,0,190.0
0,0,1747222715.0,0,0,0,3,1,7,0,11,2,0,114.0
0,0,1745368273.0,2,0,2,5,3,3,5,0,2,0,166.0
0,0,1767101533.0,2,0,2,1,3,2,9,13,1,0,207.0
0,0,1742930712.0,3,0,3,1,5,1,0,19,1,0,236.0
0,0,1742839435.0,1,0,1,4,6,6,4,18,0,0,81.0
0,0,1745170838.0,2,0,2,1,2,0,8,17,6,1,239.0
0,0,1758434044.0,0,0,0,1,1,2,5,5,6,1,153.0
0,0,1768422898.0,0,0,0,0,2,4,0,20,2,0,176.0
0,0,1766551147.0,2,0,2,2,3,2,9,4,2,0,122.0
0,0,1758802661.0,0,0,0,4,1,4,0,12,3,0,105.0
0,0,1763223580.0,1,0,1,3,5,2,8,16,5,1,220.0
0,0,1771650795.0,3,0,3,1,5,10,5,5,5,1,240.0
0,0,1751813872.0,2,0,2,1,5,3,9,14,6,1,181.0
0,0,1761222873.0,2,0,2,0,4,2,0,12,3,0,232.0
0,0,1769113362.0,3,0,3,4,2,2,0,20,3,0,100.0
0,0,1741414635.0,1,0,1,4,2,0,4,6,5,1,194.0
0,0,1757641158.0,0,0,0,4,3,6,4,1,4,0,188.0
0,0,1762000817.0,1,0,1,3,2,3,9,12,5,1,94.0
0,0,1767585059.0,2,0,2,3,3,2,0,3,0,0,115.0
0,0,1746077468.0,3,0,3,2,1,1,4,5,3,0,215.0
0,0,1753748565.0,0,0,0,5,4,3,5,0,1,0,204.0
0,0,1739231022.0,1,0,1,3,3,1,5,23,0,0,111.0
0,0,1758158825.0,1,0,1,5,5,3,4,1,3,0,228.0
0,0,1752808160.0,2,0,2,0,6,3,4,3,4,0,185.0
0,0,1770168666.0,1,0,1,4,4,2,8,1,2,0,89.0
0,0,1759279078.0,0,0,0,2,1,10,8,0,2,0,120.0
0,0,1755512495.0,3,0,3,5,6,2,8,10,0,0,99.0
0,0,1769491645.0,1,0,1,1,4,10,4,5,1,0,127.0
0,0,1758598433.0,3,0,3,4,3,2,8,3,1,0,197.0
0,0,1752398090.0,0,0,0,3,6,1,9,9,6,1,50.0
0,0,1761222110.0,0,0,0,1,5,2,0,12,3,0,157.0
0,0,1752430420.0,2,0,2,3,5,2,5,18,6,1,94.0
0,0,1741250857.0,2,0,2,2,4,2,0,8,3,0,171.0
0,0,1753432242.0,3,0,3,5,1,2,5,8,4,0,29.0
0,0,1751598553.0,3,0,3,2,6,1,4,3,4,0,116.0
0,0,1736825670.0,2,0,2,1,2,3,8,3,1,0,154.0
0,0,1741218153.0,3,0,3,3,5,1,0,23,2,0,141.0
0,0,1738037574.0,0,0,0,3,1,3,4,4,1,0,204.0
0,0,1739270351.0,1,0,1,1,3,3,0,10,1,0,13.0
0,0,1755575902.0,0,0,0,2,6,5,8,3,1,0,81.0
0,0,1758636807.0,1,0,1,0,3,15,5,14,1,0,7.0
7,0,1741282466.0,3,1,3,5,6,2,9,17,3,0,112.0
0,0,1744694050.0,1,0,1,3,5,15,8,5,1,0,74.0
0,0,1768763740.0,2,0,2,5,5,10,4,19,6,1,233.0
0,0,1771345260.0,3,0,3,0,6,0,9,16,1,0,229.0
0,0,1742760568.0,2,0,2,5,5,4,0,20,6,1,127.0
0,0,1764587858.0,1,0,1,5,3,4,9,11,0,0,218.0
0,0,1766045911.0,3,0,3,4,6,2,0,8,3,0,36.0
0,0,1768405497.0,0,0,0,0,5,3,0,15,2,0,155.0
0,0,1766323664.0,2,0,2,5,3,3,9,13,6,1,95.0
0,0,1748681030.0,1,0,1,3,1,11,4,8,5,1,237.0
0,0,1759959103.0,2,0,2,1,2,3,0,21,2,0,208.0
0,0,1758815728.0,0,0,0,3,1,15,8,15,3,0,193.0
0,0,1744546100.0,1,0,1,4,6,1,8,12,6,1,129.0
0,0,1746564802.0,3,0,3,3,2,5,8,20,1,0,90.0
0,0,1771584588.0,0,0,0,3,1,3,8,10,4,0,88.0
0,0,1749278681.0,2,0,2,1,6,10,9,6,5,1,214.0
0,0,1737603322.0,2,0,2,1,4,4,5,3,3,0,103.0
0,0,1744453074.0,1,0,1,0,6,5,9,10,5,1,90.0
0,0,1741408234.0,0,0,0,5,1,2,8,4,5,1,217.0
0,0,1750579987.0,1,0,1,2,2,0,0,8,6,1,7.0
0,0,1743364657.0,1,0,1,1,3,5,5,19,6,1,25.0
0,0,1737907795.0,3,0,3,5,4,0,5,16,6,1,42.0
0,0,1765332146.0,1,0,1,2,4,5,8,2,2,0,38.0
0,0,1758058861.0,1,0,1,0,3,11,0,21,1,0,116.0
0,0,1761947501.0,3,0,3,4,5,1,5,21,4,0,190.0
0,0,1742442121.0,1,0,1,4,3,2,9,3,3,0,103.0
0,0,1769545079.0,1,0,1,4,6,3,4,20,1,0,85.0
0,0,1741229951.0,1,0,1,2,5,2,4,2,3,0,115.0
7,0,1746942413.0,2,1,2,0,5,0,4,5,6,1,39.0
0,0,1763063700.0,3,0,3,4,4,15,8,19,3,0,10.0
0,0,1769758574.0,1,0,1,3,5,6,8,7,4,0,77.0
7,0,1750705142.0,2,1,2,0,4,6,9,18,0,0,200.0
0,0,1744246373.0,3,0,3,5,5,11,4,0,3,0,171.0
0,0,1750897099.0,3,0,3,3,5,1,5,0,3,0,87.0
0,0,1737227753.0,1,0,1,0,5,1,0,19,5,1,234.0
0,0,1754321383.0,3,0,3,0,2,6,9,15,0,0,184.0
0,0,1755552974.0,0,0,0,3,6,1,4,21,0,0,145.0
7,0,1761750458.0,3,1,3,3,3,2,8,15,2,0,114.0
0,0,1736357844.0,0,0,0,4,1,0,0,17,2,0,88.0
0,0,1741703170.0,2,0,2,3,4,2,9,14,1,0,233.0
0,0,1762222187.0,1,0,1,3,6,1,4,2,1,0,65.0
0,0,1746649642.0,2,0,2,1,5,1,0,20,2,0,208.0
0,0,1746263688.0,1,0,1,4,6,1,9,9,5,1,138.0
0,0,1758184364.0,3,0,3,4,4,11,4,8,3,0,130.0
0,0,1765255194.0,1,0,1,4,4,2,4,4,1,0,191.0
0,0,1736619377.0,2,0,2,1,6,3,5,18,5,1,169.0
0,0,1739789249.0,1,0,1,3,5,1,0,10,0,0,71.0
0,0,1771417550.0,3,0,3,0,2,2,5,12,2,0,162.0
0,0,1770689890.0,2,0,2,4,1,4,5,2,1,0,162.0
0,0,1771517875.0,0,0,0,1,5,2,4,16,3,0,214.0
0,0,1749683043.0,0,0,0,3,2,5,8,23,2,0,160.0
0,0,1766514040.0,0,0,0,0,2,2,4,18,1,0,232.0
0,0,1772752149.0,1,0,1,4,6,3,9,23,3,0,202.0
0,0,1752406816.0,2,0,2,3,4,3,9,11,6,1,154.0
0,0,1770446686.0,0,0,0,2,3,2,4,6,5,1,29.0
0,0,1771643819.0,0,0,0,4,3,7,0,3,5,1,187.0
0,0,1745853514.0,2,0,2,4,4,4,9,15,0,0,97.0
0,0,1771737037.0,1,0,1,3,4,10,9,5,6,1,92.0
0,0,1738627747.0,1,0,1,5,3,3,0,0,1,0,188.0
0,0,1747393747.0,1,0,1,4,1,6,8,11,4,0,75.0
0,0,1768477466.0,0,0,0,5,5,0,4,11,3,0,180.0
0,0,1738010739.0,0,0,0,3,5,10,9,20,0,0,104.0
0,0,1766336366.0,1,0,1,3,6,3,0,16,6,1,113.0
0,0,1751260019.0,3,0,3,4,6,2,8,5,0,0,20.0
0,0,1765754449.0,0,0,0,1,1,6,4,23,6,1,11.0
0,0,1758698902.0,2,0,2,0,6,3,9,7,2,0,150.0
0,0,1771892487.0,2,0,2,2,1,1,9,0,1,0,88.0
7,0,1772170868.0,2,1,2,2,4,5,5,5,4,0,223.0
0,0,1772389132.0,2,0,2,2,3,11,4,18,6,1,181.0
0,0,1761963000.0,2,0,2,1,2,4,8,2,5,1,99.0
0,0,1760684882.0,2,0,2,5,1,11,4,7,4,0,204.0
0,0,1745868258.0,2,0,2,4,1,2,0,19,0,0,120.0
7,0,1749215951.0,1,1,1,4,6,11,8,13,4,0,149.0
0,0,1741308332.0,3,0,3,3,6,2,4,0,4,0,92.0
0,0,1755619311.0,0,0,0,5,4,3,0,16,1,0,239.0
0,0,1742883693.0,2,0,2,4,5,1,9,6,1,0,89.0
0,0,1768160210.0,0,0,0,0,1,11,9,19,6,1,88.0
0,0,1759771245.0,0,0,0,5,4,0,9,17,0,0,215.0
7,0,1771446796.0,2,1,2,0,5,3,5,20,2,0,38.0
0,0,1754719001.0,0,0,0,3,6,1,5,5,5,1,31.0
0,0,1754841006.0,2,0,2,1,3,0,9,15,6,1,193.0
0,0,1760181190.0,2,0,2,1,5,3,8,11,5,1,160.0
0,0,1750120529.0,2,0,2,5,4,4,0,0,1,0,150.0
0,0,1745972902.0,2,0,2,0,2,11,0,0,2,0,11.0
0,0,1758870989.0,2,0,2,2,4,2,4,7,4,0,137.0
7,0,1767277512.0,0,1,0,4,2,10,5,14,3,0,81.0
0,0,1757905229.0,2,0,2,5,5,6,4,3,0,0,109.0
0,0,1759414992.0,0,0,0,4,5,5,0,14,3,0,193.0
0,0,1764668817.0,3,0,3,5,3,6,8,9,1,0,223.0
7,0,1752730838.0,2,1,2,5,5,6,4,5,3,0,148.0
7,0,1758597801.0,1,1,1,2,3,2,9,3,1,0,160.0
7,0,1740385229.0,0,1,0,2,4,4,0,8,0,0,145.0
0,0,1755300513.0,2,0,2,0,5,3,9,23,4,0,128.0
0,0,1748387057.0,2,0,2,1,2,3,8,23,1,0,29.0
0,0,1763118204.0,0,0,0,4,5,4,5,11,4,0,2.0
0,0,1759052998.0,3,0,3,2,6,2,4,9,6,1,14.0
0,0,1755795017.0,2,0,2,0,3,1,9,16,3,0,91.0
0,0,1758088994.0,0,0,0,4,3,15,8,6,2,0,58.0
0,0,1745021792.0,2,0,2,5,1,0,9,0,5,1,199.0
0,0,1742315828.0,2,0,2,1,6,5,0,16,1,0,2.0
7,0,1737081478.0,3,1,3,5,2,0,4,2,4,0,240.0
0,0,1763060205.0,1,0,1,0,2,0,9,18,3,0,196.0
0,0,1761201059.0,2,0,2,0,2,2,0,6,3,0,159.0
0,0,1744684074.0,2,0,2,5,2,5,5,2,1,0,95.0
0,0,1759346802.0,0,0,0,0,3,4,0,19,2,0,203.0
0,0,1764289868.0,3,0,3,0,6,4,8,0,4,0,159.0
0,0,1753632527.0,1,0,1,1,5,2,0,16,6,1,194.0
0,0,1748064113.0,2,0,2,5,3,2,8,5,5,1,204.0
0,0,1744764068.0,3,0,3,4,2,2,8,0,2,0,167.0
0,0,1754051869.0,1,0,1,0,6,0,0,12,4,0,201.0
0,0,1749829200.0,0,0,0,1,2,3,5,15,4,0,42.0
0,0,1752183272.0,2,0,2,5,2,3,8,21,3,0,10.0
0,0,1754083877.0,3,0,3,3,6,1,5,21,4,0,77.0
0,0,1757732625.0,0,0,0,5,4,10,8,3,5,1,146.0
0,0,1758995571.0,2,0,2,5,3,0,5,17,5,1,195.0
0,0,1757926410.0,2,0,2,3,3,10,4,8,0,0,171.0
0,0,1748486367.0,0,0,0,0,4,4,5,2,3,0,58.0
0,0,1746297737.0,1,0,1,4,6,2,9,18,5,1,3.0
0,0,1749132272.0,2,0,2,5,2,10,4,14,3,0,225.0
0,0,1739591785.0,1,0,1,1,5,2,8,3,5,1,143.0
7,0,1766144959.0,0,1,0,5,2,11,4,11,4,0,64.0
0,0,1748664539.0,0,0,0,3,6,6,0,4,5,1,38.0
0,0,1769019402.0,2,0,2,2,6,2,4,18,2,0,146.0
0,0,1738859930.0,3,0,3,1,5,6,4,16,3,0,203.0
0,0,1763437992.0,2,0,2,3,5,11,9,3,1,0,126.0
0,0,1742006592.0,2,0,2,2,3,5,4,2,5,1,174.0
0,0,1772592673.0,3,0,3,2,5,2,5,2,2,0,210.0
0,0,1741227056.0,3,0,3,3,5,3,0,2,3,0,83.0
0,0,1761014016.0,3,0,3,5,5,1,8,2,1,0,238.0
0,0,1749554545.0,3,0,3,4,4,3,9,11,1,0,93.0
0,0,1753961949.0,0,0,0,2,5,1,9,11,3,0,20.0
0,0,1761604823.0,1,0,1,3,5,1,0,22,0,0,144.0
0,0,1748237190.0,3,0,3,5,4,1,9,5,0,0,89.0
0,0,1738588701.0,0,0,0,3,5,2,8,13,0,0,83.0
0,0,1753386035.0,0,0,0,0,1,2,4,19,3,0,55.0
0,0,1743581618.0,1,0,1,4,3,1,4,8,2,0,106.0
7,0,1767222744.0,2,1,2,0,2,3,5,23,2,0,149.0
0,0,1758681461.0,3,0,3,1,4,1,5,2,2,0,22.0
0,0,1737762700.0,0,0,0,0,3,1,5,23,4,0,81.0
0,0,1767147864.0,1,0,1,3,4,10,4,2,2,0,237.0
0,0,1757083474.0,2,0,2,1,4,3,8,14,4,0,139.0
0,0,1743788004.0,1,0,1,2,3,7,9,17,4,0,173.0
0,0,1764405069.0,1,0,1,3,3,1,4,8,5,1,90.0
0,0,1750166475.0,0,0,0,2,2,15,8,13,1,0,111.0
0,0,1770292466.0,2,0,2,5,5,0,4,11,3,0,11.0
0,0,1743708241.0,2,0,2,5,5,3,4,19,3,0,173.0
0,0,1745661128.0,2,0,2,4,2,2,9,9,5,1,143.0
0,0,1763682332.0,1,0,1,4,2,3,5,23,3,0,22.0
0,0,1768023445.0,1,0,1,0,4,6,5,5,5,1,105.0
0,0,1761032990.0,1,0,1,0,2,3,0,7,1,0,130.0
0,0,1740382991.0,1,0,1,4,2,3,5,7,0,0,195.0
0,0,1742693745.0,2,0,2,1,3,5,8,1,6,1,62.0
0,0,1747837948.0,2,0,2,3,1,1,4,14,2,0,217.0
0,0,1769326469.0,1,0,1,3,6,7,8,7,6,1,44.0
0,0,1759767078.0,3,0,3,0,5,10,0,16,0,0,47.0
0,0,1760598130.0,2,0,2,3,1,6,9,7,3,0,95.0
0,0,1762440320.0,1,0,1,4,4,2,5,14,3,0,221.0
0,0,1741727959.0,2,0,2,1,6,4,4,21,1,0,28.0
0,0,1759049795.0,0,0,0,0,2,6,0,8,6,1,210.0
0,0,1753642460.0,0,0,0,0,5,2,4,18,6,1,153.0
0,0,1771298477.0,3,0,3,0,5,6,5,3,1,0,185.0
0,0,1765150698.0,0,0,0,2,2,1,0,23,6,1,193.0
0,0,1770643255.0,1,0,1,5,3,15,5,13,0,0,107.0
0,0,1742183416.0,3,0,3,2,1,10,9,3,0,0,70.0
0,0,1739520289.0,1,0,1,0,4,1,9,8,4,0,30.0
0,0,1771729713.0,0,0,0,1,1,1,5,3,6,1,136.0
0,0,1739398995.0,2,0,2,0,1,4,4,22,2,0,97.0
0,0,1751248131.0,1,0,1,0,3,2,4,1,0,0,182.0
0,0,1746347757.0,1,0,1,5,4,10,0,8,6,1,236.0
0,0,1738461615.0,0,0,0,0,1,1,5,2,6,1,225.0
7,0,1742266639.0,3,1,3,2,1,10,8,2,1,0,215.0
0,0,1742704150.0,2,0,2,5,6,1,8,4,6,1,208.0
0,0,1738225713.0,2,0,2,1,3,11,4,8,3,0,215.0
0,0,1743912114.0,2,0,2,1,6,1,9,4,6,1,156.0
0,0,1743306914.0,1,0,1,5,3,10,8,3,6,1,137.0
0,0,1766174135.0,3,0,3,0,6,2,5,19,4,0,30.0
0,0,1745795342.0,0,0,0,2,2,3,4,23,6,1,174.0
0,0,1746898836.0,0,0,0,5,1,1,9,17,5,1,231.0
0,0,1750089404.0,0,0,0,4,5,10,5,15,0,0,21.0
0,0,1770778406.0,3,0,3,2,1,15,5,2,2,0,178.0
0,0,1753167556.0,3,0,3,0,2,3,0,6,1,0,118.0
0,0,1751141564.0,0,0,0,2,1,6,8,20,5,1,226.0
0,0,1750369856.0,3,0,3,4,6,2,0,21,3,0,198.0
0,0,1750529108.0,1,0,1,1,2,4,0,18,5,1,216.0
0,0,1739532980.0,3,0,3,3,6,2,5,11,4,0,38.0
0,0,1736374989.0,0,0,0,4,3,15,5,22,2,0,232.0
0,0,1741259592.0,0,0,0,2,2,4,9,11,3,0,2.0
0,0,1762637782.0,3,0,3,4,4,6,4,21,5,1,153.0
0,0,1768024995.0,2,0,2,5,2,2,0,6,5,1,170.0
0,0,1763561991.0,2,0,2,1,1,3,4,14,2,0,40.0
0,0,1759104814.0,1,0,1,1,2,2,5,0,0,0,187.0
0,0,1739881943.0,3,0,3,2,5,2,4,12,1,0,232.0
0,0,1765674435.0,1,0,1,2,1,4,5,1,6,1,82.0
0,0,1761483511.0,0,0,0,5,6,11,8,12,6,1,32.0
0,0,1751435581.0,1,0,1,1,4,5,9,5,2,0,104.0
0,0,1754727779.0,0,0,0,3,2,2,5,8,5,1,55.0
0,0,1754612388.0,0,0,0,0,2,3,4,0,4,0,112.0
0,0,1737019977.0,1,0,1,2,5,3,9,9,3,0,197.0
0,0,1765839109.0,0,0,0,2,5,15,8,22,0,0,215.0
0,0,1760011038.0,0,0,0,0,4,15,4,11,3,0,49.0
0,0,1740371532.0,1,0,1,5,4,0,4,4,0,0,133.0
0,0,1767712896.0,0,0,0,0,4,2,0,15,1,0,77.0
0,0,1735966552.0,1,0,1,2,1,11,9,4,5,1,85.0
0,0,1765162361.0,0,0,0,5,3,2,8,2,0,0,178.0
0,0,1769340771.0,2,0,2,1,3,3,9,11,6,1,175.0
0,0,1772211981.0,2,0,2,1,5,2,8,17,4,0,65.0
0,0,1743672930.0,1,0,1,2,3,0,0,9,3,0,217.0
0,0,1746633540.0,2,0,2,0,1,3,4,15,2,0,240.0
0,0,1739622895.0,1,0,1,2,1,2,0,12,5,1,198.0
0,0,1770803391.0,1,0,1,2,4,2,0,9,2,0,134.0
0,0,1742162628.0,2,0,2,5,4,11,0,22,6,1,27.0
0,0,1760117930.0,0,0,0,4,6,1,9,17,4,0,36.0
0,0,1768461591.0,1,0,1,4,6,10,4,7,3,0,235.0
7,0,1758460278.0,0,1,0,1,4,6,4,13,6,1,34.0
0,0,1750606718.0,1,0,1,4,6,2,9,15,6,1,155.0
0,0,1759740104.0,3,0,3,0,4,2,9,8,0,0,88.0
0,0,1747709038.0,3,0,3,5,3,1,0,2,1,0,136.0
0,0,1753814736.0,2,0,2,4,6,2,4,18,1,0,10.0
0,0,1743317547.0,0,0,0,5,1,3,4,6,6,1,181.0
0,0,1757383089.0,0,0,0,0,3,10,0,1,1,0,122.0
0,0,1738398695.0,2,0,2,5,3,2,0,8,5,1,59.0
0,0,1737526155.0,2,0,2,0,5,3,4,6,2,0,183.0
0,0,1771479056.0,1,0,1,4,5,10,8,5,3,0,167.0
0,0,1743738578.0,0,0,0,4,3,2,8,3,4,0,61.0
0,0,1762879157.0,0,0,0,3,5,1,9,16,1,0,63.0
0,0,1752013328.0,2,0,2,2,2,6,0,22,1,0,51.0
0,0,1738973985.0,0,0,0,3,5,11,5,0,5,1,99.0
0,0,1746259172.0,0,0,0,2,3,1,0,7,5,1,25.0
0,0,1753288900.0,1,0,1,2,4,1,8,16,2,0,164.0
0,0,1771199544.0,1,0,1,5,4,6,8,23,6,1,164.0
0,0,1771788029.0,1,0,1,5,3,2,0,19,6,1,181.0
0,0,1748334272.0,0,0,0,1,6,2,0,8,1,0,166.0
0,0,1762116312.0,2,0,2,3,3,2,0,20,6,1,237.0
0,0,1751683348.0,0,0,0,2,3,1,0,2,5,1,240.0
0,0,1740641077.0,3,0,3,2,4,1,9,7,3,0,16.0
0,0,1756952405.0,0,0,0,3,3,0,5,2,3,0,52.0
0,0,1750468246.0,0,0,0,3,1,3,8,1,5,1,112.0
0,0,1736484476.0,0,0,0,4,4,11,5,4,4,0,208.0
0,0,1736922322.0,2,0,2,5,4,2,5,6,2,0,68.0
0,0,1754800737.0,1,0,1,0,6,6,8,4,6,1,88.0
0,0,1749095273.0,0,0,0,4,1,11,4,3,3,0,189.0
0,0,1756426459.0,0,0,0,3,2,2,8,0,4,0,213.0
0,0,1757557115.0,2,0,2,1,3,10,0,2,3,0,7.0
0,0,1744711992.0,3,0,3,4,6,6,5,10,1,0,213.0
0,0,1759594336.0,1,0,1,4,4,15,5,16,5,1,7.0
0,0,1755436873.0,1,0,1,3,5,2,8,13,6,1,23.0
0,0,1736562776.0,2,0,2,2,2,2,8,2,5,1,205.0
0,0,1761816075.0,0,0,0,4,2,1,0,9,3,0,177.0
0,0,1760371661.0,0,0,0,2,3,10,4,16,0,0,59.0
0,0,1752243731.0,0,0,0,2,1,0,8,14,4,0,150.0
0,0,1770241095.0,2,0,2,4,5,1,5,21,2,0,31.0
0,0,1747814458.0,3,0,3,0,2,10,4,8,2,0,78.0
0,0,1761311615.0,2,0,2,4,5,10,0,13,4,0,94.0
0,0,1749208799.0,3,0,3,1,4,15,5,11,4,0,206.0
0,0,1742318031.0,0,0,0,3,4,0,9,17,1,0,159.0
0,0,1770680298.0,0,0,0,1,6,2,5,23,0,0,230.0
0,0,1759191111.0,0,0,0,2,3,3,4,0,1,0,21.0
0,0,1738058188.0,1,0,1,1,6,1,5,9,1,0,208.0
0,0,1738996908.0,2,0,2,5,5,2,9,6,5,1,177.0
0,0,1764709312.0,2,0,2,4,1,15,9,21,1,0,165.0
0,0,1759755935.0,2,0,2,4,2,6,9,13,0,0,187.0
0,0,1765219781.0,0,0,0,3,1,0,0,18,0,0,59.0
0,0,1766350100.0,0,0,0,2,2,2,5,20,6,1,108.0
0,0,1754704973.0,3,0,3,2,1,3,0,2,5,1,117.0
0,0,1758766870.0,1,0,1,2,2,3,0,2,3,0,208.0
0,0,1765299857.0,3,0,3,1,4,2,8,17,1,0,135.0
0,0,1752184591.0,1,0,1,2,4,1,9,21,3,0,16.0
0,0,1764439265.0,0,0,0,4,4,10,8,18,5,1,61.0
0,0,1761788428.0,1,0,1,5,6,2,9,1,3,0,156.0
0,0,1763376515.0,3,0,3,0,6,2,0,10,0,0,214.0
0,0,1750552868.0,0,0,0,0,6,2,9,0,6,1,179.0
0,0,1765052910.0,2,0,2,1,6,10,5,20,5,1,130.0
0,0,1743911635.0,0,0,0,4,5,7,8,3,6,1,187.0
0,0,1740256050.0,1,0,1,2,5,11,4,20,5,1,46.0
0,0,1746056409.0,0,0,0,1,4,3,8,23,2,0,9.0
0,0,1760615224.0,3,0,3,2,1,0,4,11,3,0,32.0
0,0,1754884798.0,2,0,2,1,2,2,9,3,0,0,48.0
0,0,1736518063.0,1,0,1,5,5,3,5,14,4,0,203.0
0,0,1735838288.0,0,0,0,0,5,2,9,17,3,0,216.0
0,0,1756887452.0,1,0,1,0,6,1,5,8,2,0,3.0
0,0,1752411778.0,1,0,1,3,1,3,0,13,6,1,138.0
0,0,1753394556.0,1,0,1,4,2,2,9,22,3,0,120.0
0,0,1746163169.0,1,0,1,3,4,4,4,5,4,0,105.0
0,0,1763076771.0,1,0,1,3,4,3,8,23,3,0,33.0
0,0,1760908410.0,3,0,3,0,2,3,8,21,6,1,134.0
0,0,1771664200.0,0,0,0,3,6,3,0,8,5,1,198.0
0,0,1756277363.0,1,0,1,0,1,2,9,6,2,0,158.0
0,0,1759927354.0,0,0,0,4,4,0,8,12,2,0,236.0
0,0,1772517389.0,2,0,2,0,6,3,9,5,1,0,19.0
0,0,1747036487.0,1,0,1,3,3,2,5,7,0,0,68.0
0,0,1769124755.0,2,0,2,5,3,2,9,23,3,0,105.0
0,0,1771619386.0,1,0,1,1,1,10,8,20,4,0,127.0
0,0,1739872114.0,2,0,2,5,5,3,4,9,1,0,44.0
0,0,1736774428.0,1,0,1,4,5,2,9,13,0,0,200.0
0,0,1749775622.0,3,0,3,0,1,6,4,0,4,0,224.0
0,0,1750195643.0,2,0,2,3,5,11,5,21,1,0,184.0
0,0,1771068026.0,3,0,3,2,5,2,5,11,5,1,37.0
0,0,1738161692.0,3,0,3,0,2,4,5,14,2,0,118.0
0,0,1740785200.0,1,0,1,1,5,5,5,23,4,0,40.0
0,0,1760062172.0,2,0,2,1,2,1,9,2,4,0,20.0
0,0,1761886114.0,3,0,3,4,4,10,5,4,4,0,42.0
0,0,1760122361.0,0,0,0,1,6,0,9,18,4,0,204.0
0,0,1750894134.0,1,0,1,5,3,1,9,23,2,0,37.0
0,0,1770261641.0,2,0,2,4,2,0,4,3,3,0,40.0
0,0,1748361566.0,1,0,1,2,3,1,8,15,1,0,224.0
0,0,1741854051.0,2,0,2,1,4,5,0,8,3,0,117.0
0,0,1766058127.0,2,0,2,1,5,10,5,11,3,0,31.0
0,0,1753774745.0,3,0,3,2,6,10,5,7,1,0,201.0
0,0,1765266506.0,3,0,3,1,4,1,5,7,1,0,89.0
0,0,1766108489.0,0,0,0,4,5,2,5,1,4,0,142.0
0,0,1741131182.0,0,0,0,2,2,10,9,23,1,0,70.0
0,0,1759707526.0,0,0,0,3,4,2,8,23,6,1,123.0
0,0,1756352744.0,2,0,2,1,2,3,5,3,3,0,204.0
0,0,1740233351.0,1,0,1,1,5,1,4,14,5,1,147.0
0,0,1743636376.0,3,0,3,2,4,3,0,23,2,0,205.0
0,0,1749079150.0,1,0,1,5,4,0,9,23,2,0,138.0
0,0,1743804801.0,1,0,1,2,5,2,4,22,4,0,232.0
0,0,1767907907.0,1,0,1,1,3,7,0,21,3,0,32.0
0,0,1746999388.0,3,0,3,4,2,10,4,21,6,1,186.0
0,0,1742796761.0,1,0,1,5,1,3,9,6,0,0,57.0
0,0,1764662063.0,1,0,1,4,3,0,0,7,1,0,25.0
0,0,1758648174.0,0,0,0,1,2,3,8,17,1,0,162.0
0,0,1741214791.0,0,0,0,3,4,2,5,22,2,0,134.0
0,0,1745284375.0,1,0,1,0,1,2,8,1,1,0,72.0
0,0,1754198519.0,1,0,1,4,4,3,0,5,6,1,217.0
7,0,1769143792.0,0,1,0,5,2,6,0,4,4,0,93.0
0,0,1751677695.0,2,0,2,1,6,10,9,1,5,1,227.0
0,0,1766124254.0,1,0,1,5,6,10,8,6,4,0,107.0
0,0,1762354799.0,1,0,1,2,6,10,0,14,2,0,135.0
0,0,1741804023.0,1,0,1,3,6,4,0,18,2,0,34.0
0,0,1771511536.0,0,0,0,1,2,6,4,14,3,0,55.0
0,0,1755245973.0,3,0,3,5,2,1,9,8,4,0,60.0
0,0,1748442991.0,1,0,1,0,6,2,5,14,2,0,124.0
7,0,1737860888.0,0,1,0,4,4,4,4,3,6,1,47.0
0,0,1752828430.0,0,0,0,4,2,3,4,8,4,0,113.0
0,0,1755633427.0,1,0,1,1,1,10,5,19,1,0,130.0
0,0,1736892667.0,0,0,0,0,2,1,9,22,1,0,51.0
0,0,1742315599.0,3,0,3,1,5,3,5,16,1,0,138.0
0,0,1755627744.0,2,0,2,4,6,1,4,18,1,0,122.0
0,0,1742507218.0,3,0,3,1,6,1,9,21,3,0,87.0
0,0,1772790324.0,1,0,1,1,2,11,9,9,4,0,35.0
0,0,1736857455.0,2,0,2,3,3,2,9,12,1,0,155.0
0,0,1739324581.0,2,0,2,5,4,4,9,1,2,0,58.0
0,0,1740963553.0,3,0,3,2,6,10,4,0,0,0,163.0
0,0,1737605195.0,0,0,0,3,5,6,4,4,3,0,31.0
0,0,1744715914.0,3,0,3,1,5,2,0,11,1,0,73.0
0,0,1770769202.0,0,0,0,5,1,1,9,0,2,0,34.0
0,0,1763266241.0,2,0,2,4,2,3,4,4,6,1,213.0
0,0,1738267360.0,2,0,2,3,5,6,9,20,3,0,55.0
0,0,1760852021.0,1,0,1,0,1,3,0,5,6,1,170.0
0,0,1741585227.0,0,0,0,1,6,2,8,5,0,0,200.0
0,0,1760291271.0,3,0,3,1,2,11,5,17,6,1,236.0
0,0,1768669500.0,2,0,2,5,6,5,9,17,5,1,120.0
0,0,1766950569.0,0,0,0,0,3,10,4,19,6,1,177.0
0,0,1758044122.0,1,0,1,2,1,2,8,17,1,0,81.0
0,0,1741562472.0,3,0,3,1,5,3,5,23,6,1,178.0
0,0,1767193466.0,0,0,0,4,6,2,9,15,2,0,72.0
0,0,1736366816.0,2,0,2,5,6,0,5,20,2,0,107.0
0,0,1764526634.0,2,0,2,5,1,3,5,18,6,1,61.0
0,0,1766165942.0,0,0,0,5,1,10,0,17,4,0,220.0
0,0,1766306316.0,2,0,2,0,2,10,5,8,6,1,60.0
0,0,1757644354.0,3,0,3,0,1,11,8,2,4,0,114.0
0,0,1742099604.0,0,0,0,4,2,3,5,4,6,1,2.0
0,0,1766520635.0,2,0,2,4,2,2,5,20,1,0,211.0
0,0,1744804695.0,2,0,2,0,2,0,9,11,2,0,144.0
0,0,1750655465.0,3,0,3,5,4,4,0,5,0,0,177.0
0,0,1765434443.0,1,0,1,2,2,0,8,6,3,0,26.0
0,0,1749045676.0,3,0,3,1,5,5,8,14,2,0,203.0
0,0,1745872163.0,1,0,1,3,6,1,9,20,0,0,135.0
0,0,1738233375.0,3,0,3,3,2,0,5,10,3,0,121.0
0,0,1741002795.0,2,0,2,3,3,10,8,11,0,0,238.0
0,0,1749607603.0,2,0,2,3,1,3,9,2,2,0,167.0
0,0,1749569653.0,2,0,2,5,3,2,0,15,1,0,67.0
7,0,1735749350.0,0,1,0,3,6,15,5,16,2,0,73.0
0,0,1769532263.0,3,0,3,2,3,6,0,16,1,0,20.0
0,0,1750791110.0,0,0,0,3,5,1,4,18,1,0,50.0
0,0,1736317972.0,3,0,3,2,6,15,5,6,2,0,114.0
0,0,1758158531.0,0,0,0,4,3,1,4,1,3,0,155.0
0,0,1749648897.0,1,0,1,1,6,0,5,13,2,0,231.0
0,0,1738869768.0,2,0,2,3,6,10,8,19,3,0,33.0
0,0,1760195162.0,1,0,1,4,1,2,5,15,5,1,142.0
0,0,1762896247.0,2,0,2,3,1,1,4,21,1,0,169.0
0,0,1753479402.0,1,0,1,2,4,11,4,21,4,0,217.0
0,0,1753598565.0,2,0,2,4,2,3,4,6,6,1,130.0
0,0,1747459456.0,2,0,2,5,4,6,4,5,5,1,105.0
0,0,1742655784.0,3,0,3,1,4,11,8,15,5,1,86.0
0,0,1736030763.0,2,0,2,3,2,2,4,22,5,1,108.0
0,0,1759925924.0,3,0,3,0,6,4,9,12,2,0,64.0
0,0,1743938531.0,2,0,2,4,5,2,4,11,6,1,28.0
0,0,1765793367.0,1,0,1,5,3,3,5,10,0,0,141.0
0,0,1737968693.0,1,0,1,4,2,3,9,9,0,0,187.0
0,0,1747710921.0,0,0,0,4,6,3,8,3,1,0,45.0
0,0,1754551936.0,2,0,2,0,1,2,8,7,3,0,94.0
0,0,1748097962.0,1,0,1,0,1,10,0,14,5,1,163.0
0,0,1751160959.0,1,0,1,4,5,2,0,1,6,1,93.0
0,0,1758502109.0,3,0,3,5,5,3,8,0,0,0,205.0
0,0,1742294445.0,2,0,2,3,2,2,9,10,1,0,119.0
0,0,1743484624.0,2,0,2,5,2,1,5,5,1,0,163.0
0,0,1772811277.0,0,0,0,5,3,10,0,15,4,0,144.0
0,0,1756237128.0,2,0,2,5,5,4,8,19,1,0,112.0
0,0,1755323999.0,2,0,2,5,1,3,4,5,5,1,46.0
0,0,1769681415.0,1,0,1,2,6,2,4,10,3,0,201.0
0,0,1758623025.0,2,0,2,3,4,2,5,10,1,0,30.0
0,0,1743673776.0,2,0,2,5,4,11,5,9,3,0,56.0
0,0,1766412961.0,0,0,0,3,5,6,8,14,0,0,212.0
7,0,1761285001.0,0,1,0,1,4,4,5,5,4,0,39.0
0,0,1744600284.0,0,0,0,1,6,2,5,3,0,0,42.0
0,0,1767263601.0,0,0,0,5,6,2,5,10,3,0,74.0
0,0,1772778960.0,0,0,0,4,3,6,4,6,4,0,211.0
0,0,1769205878.0,3,0,3,1,1,1,4,22,4,0,111.0
0,0,1748849013.0,3,0,3,4,5,10,9,7,0,0,204.0
0,0,1747786344.0,2,0,2,3,4,1,9,0,2,0,216.0
0,0,1742607928.0,2,0,2,4,5,3,4,1,5,1,156.0
0,0,1743208355.0,3,0,3,1,6,1,8,0,5,1,148.0
0,0,1771314298.0,2,0,2,0,2,0,9,7,1,0,113.0
0,0,1770088161.0,1,0,1,1,6,3,9,3,1,0,126.0
0,0,1769985005.0,1,0,1,5,4,1,0,22,6,1,19.0
0,0,1754681667.0,1,0,1,3,5,0,9,19,4,0,137.0
0,0,1737578507.0,2,0,2,4,4,2,4,20,2,0,238.0
0,0,1754593615.0,2,0,2,2,6,3,8,19,3,0,204.0
0,0,1766301955.0,0,0,0,0,4,6,8,7,6,1,64.0
0,0,1758600331.0,3,0,3,5,5,7,8,4,1,0,124.0
0,0,1739074623.0,2,0,2,3,6,2,4,4,6,1,33.0
0,0,1752510682.0,1,0,1,0,4,2,4,16,0,0,122.0
0,0,1736412693.0,0,0,0,5,6,2,0,8,3,0,236.0
0,0,1741902720.0,0,0,0,4,2,3,4,21,3,0,177.0
0,0,1739711037.0,2,0,2,4,5,4,4,13,6,1,158.0
0,0,1755960657.0,2,0,2,3,1,2,0,14,5,1,189.0
0,0,1744127635.0,3,0,3,4,1,2,5,15,1,0,6.0
0,0,1766080980.0,3,0,3,5,1,10,8,18,3,0,225.0
0,0,1740285564.0,1,0,1,1,1,1,8,4,6,1,123.0
0,0,1745781839.0,0,0,0,5,3,0,5,19,6,1,191.0
7,0,1748215537.0,2,1,2,3,6,15,5,23,6,1,213.0
0,0,1750939248.0,0,0,0,5,4,1,5,12,3,0,99.0
0,0,1764256577.0,3,0,3,5,6,2,0,15,3,0,49.0
0,0,1762570579.0,2,0,2,2,3,2,9,2,5,1,33.0
0,0,1767076423.0,3,0,3,3,6,1,8,6,1,0,132.0
0,0,1755208526.0,2,0,2,1,6,1,0,21,3,0,160.0
0,0,1741711158.0,2,0,2,2,5,2,0,16,1,0,97.0
0,0,1762866422.0,3,0,3,5,3,6,0,13,1,0,3.0
0,0,1750111918.0,2,0,2,0,5,6,4,22,0,0,73.0
0,0,1746271084.0,3,0,3,5,1,1,8,11,5,1,123.0
0,0,1746427489.0,1,0,1,3,6,2,0,6,0,0,112.0
0,0,1767152132.0,3,0,3,5,6,15,9,3,2,0,81.0
0,0,1736465988.0,2,0,2,0,5,2,5,23,3,0,210.0
0,0,1749044763.0,3,0,3,2,5,3,9,13,2,0,176.0
0,0,1760806608.0,2,0,2,4,5,0,5,16,5,1,48.0
0,0,1750724857.0,2,0,2,4,2,2,5,0,1,0,218.0
0,0,1744860121.0,3,0,3,1,1,0,5,3,3,0,149.0
7,0,1751078799.0,3,1,3,3,4,2,5,2,5,1,75.0
7,0,1767972182.0,1,1,1,2,1,6,0,15,4,0,62.0
0,0,1767365186.0,0,0,0,4,4,11,9,14,4,0,68.0
0,0,1767781520.0,0,0,0,2,4,5,8,10,2,0,135.0
0,0,1764737579.0,2,0,2,4,5,10,5,4,2,0,208.0
0,0,1747520739.0,0,0,0,5,1,2,0,22,5,1,146.0
0,0,1738682797.0,1,0,1,5,6,2,5,15,1,0,157.0
0,0,1761293325.0,3,0,3,5,6,4,0,8,4,0,159.0
0,0,1771048107.0,0,0,0,0,2,6,9,5,5,1,147.0
0,0,1748186318.0,0,0,0,4,6,3,4,15,6,1,57.0
0,0,1748077827.0,3,0,3,4,4,2,5,9,5,1,213.0
0,0,1735883636.0,3,0,3,4,4,2,0,5,4,0,231.0
0,0,1767425194.0,0,0,0,2,1,5,8,7,5,1,112.0
0,0,1736105666.0,1,0,1,2,5,2,4,19,6,1,166.0
0,0,1742110794.0,3,0,3,5,5,6,0,7,6,1,99.0
0,0,1736935226.0,3,0,3,4,6,2,9,10,2,0,116.0
0,0,1760488468.0,0,0,0,2,4,1,0,0,2,0,99.0
7,0,1743753107.0,2,1,2,5,4,2,0,7,4,0,187.0
0,0,1768360392.0,2,0,2,4,5,3,9,3,2,0,53.0
0,0,1753514524.0,2,0,2,5,1,4,5,7,5,1,194.0
0,0,1738871177.0,3,0,3,5,3,11,8,19,3,0,214.0
0,0,1749901128.0,2,0,2,3,2,6,5,11,5,1,232.0
0,0,1757448635.0,0,0,0,2,6,1,5,20,1,0,57.0
0,0,1756474971.0,3,0,3,3,3,0,4,13,4,0,215.0
0,0,1738461448.0,1,0,1,5,6,2,9,1,6,1,181.0
0,0,1739910184.0,2,0,2,0,5,2,5,20,1,0,225.0
0,0,1746535021.0,1,0,1,5,5,3,5,12,1,0,164.0
0,0,1760422256.0,1,0,1,5,3,1,4,6,1,0,137.0
0,0,1741842366.0,0,0,0,0,4,5,8,5,3,0,46.0
0,0,1769548903.0,2,0,2,0,5,2,0,21,1,0,100.0
0,0,1761104695.0,3,0,3,3,4,0,4,3,2,0,182.0
0,0,1748029152.0,3,0,3,5,4,3,4,19,4,0,12.0
0,0,1744884441.0,3,0,3,0,2,1,4,10,3,0,188.0
0,0,1739247070.0,1,0,1,1,5,3,4,4,1,0,13.0
0,0,1738457479.0,3,0,3,1,6,3,5,0,6,1,193.0
0,0,1755832380.0,3,0,3,3,5,11,8,3,4,0,186.0
0,0,1741388883.0,3,0,3,4,5,1,9,23,4,0,128.0
0,0,1757724433.0,0,0,0,2,3,10,8,0,5,1,106.0
0,0,1765237167.0,0,0,0,1,1,5,0,23,0,0,162.0
0,0,1770203749.0,1,0,1,1,5,6,4,11,2,0,196.0
0,0,1737162865.0,2,0,2,3,2,10,0,1,5,1,42.0
0,0,1736071784.0,0,0,0,1,4,6,8,10,6,1,147.0
7,0,1771096095.0,0,1,0,5,5,1,4,19,5,1,113.0
0,0,1769793887.0,1,0,1,2,5,10,4,17,4,0,175.0
0,0,1759669984.0,3,0,3,3,2,1,5,13,6,1,83.0
0,0,1766602847.0,0,0,0,0,3,2,5,19,2,0,93.0
7,0,1747135388.0,0,1,0,2,6,3,4,11,1,0,209.0
0,0,1746085871.0,3,0,3,4,5,11,9,7,3,0,187.0
0,0,1747568084.0,2,0,2,3,5,3,4,11,6,1,144.0
0,0,1745098439.0,0,0,0,4,1,1,0,21,5,1,233.0
0,0,1762220223.0,1,0,1,1,1,10,4,1,1,0,190.0
0,0,1756617002.0,2,0,2,0,4,1,0,5,6,1,227.0
0,0,1744718771.0,2,0,2,5,6,2,0,12,1,0,13.0
7,0,1750922208.0,2,1,2,5,3,5,0,7,3,0,164.0
0,0,1747130876.0,0,0,0,0,4,6,4,10,1,0,153.0
0,0,1747851951.0,1,0,1,5,3,10,8,18,2,0,204.0
0,0,1748309558.0,0,0,0,5,5,1,8,1,1,0,29.0
0,0,1764156747.0,0,0,0,3,6,5,0,11,2,0,191.0
0,0,1757283357.0,1,0,1,2,6,2,9,22,6,1,137.0
0,0,1768317559.0,3,0,3,3,6,2,0,15,1,0,216.0
0,0,1766324332.0,3,0,3,3,1,2,8,13,6,1,205.0
7,0,1752013104.0,0,1,0,2,4,4,0,22,1,0,226.0
0,0,1759907852.0,1,0,1,4,5,2,5,7,2,0,171.0
0,0,1749969679.0,1,0,1,2,1,3,0,6,6,1,235.0
0,0,1753330210.0,3,0,3,2,3,2,4,4,3,0,125.0
0,0,1766269999.0,0,0,0,0,5,10,0,22,5,1,145.0
0,0,1740668104.0,0,0,0,1,4,1,0,14,3,0,70.0
0,0,1747154071.0,2,0,2,3,2,0,0,16,1,0,213.0
0,0,1745391292.0,2,0,2,4,2,0,5,6,2,0,151.0
0,0,1738299082.0,0,0,0,5,3,1,8,4,4,0,92.0
7,0,1739128188.0,0,1,0,1,6,5,0,19,6,1,182.0
7,0,1746984057.0,1,1,1,0,6,0,5,17,6,1,39.0
0,0,1741197589.0,0,0,0,4,3,10,9,17,2,0,39.0
0,0,1755358374.0,0,0,0,4,1,10,9,15,5,1,193.0
0,0,1749134206.0,2,0,2,0,3,3,9,14,3,0,64.0
0,0,1764015038.0,2,0,2,1,2,2,4,20,0,0,67.0
0,0,1766742475.0,2,0,2,4,2,2,5,9,4,0,103.0
7,0,1748886275.0,0,1,0,3,3,0,8,17,0,0,135.0
0,0,1745201580.0,3,0,3,4,2,6,9,2,0,0,196.0
0,0,1758435265.0,0,0,0,5,5,4,5,6,6,1,207.0
7,0,1752943079.0,0,1,0,3,4,0,9,16,5,1,234.0
0,0,1756850785.0,0,0,0,3,1,2,8,22,1,0,104.0
0,0,1748195700.0,2,0,2,5,1,1,9,17,6,1,219.0
0,0,1750221762.0,2,0,2,4,1,4,0,4,2,0,67.0
0,0,1770401373.0,3,0,3,3,4,10,8,18,4,0,139.0
0,0,1748819270.0,1,0,1,2,3,1,0,23,6,1,64.0
0,0,1750694780.0,1,0,1,1,4,2,5,16,0,0,73.0
0,0,1751191658.0,3,0,3,3,6,6,5,10,6,1,188.0
7,0,1742819543.0,3,1,3,3,1,6,0,12,0,0,15.0
0,0,1752148042.0,3,0,3,4,1,3,5,11,3,0,227.0
7,0,1744446948.0,1,1,1,5,5,10,4,8,5,1,77.0
0,0,1759356836.0,0,0,0,5,6,2,8,22,2,0,212.0
0,0,1746229191.0,2,0,2,3,2,2,8,23,4,0,217.0
0,0,1760203205.0,1,0,1,2,4,15,8,17,5,1,134.0
0,0,1771014251.0,3,0,3,2,4,3,0,20,4,0,96.0
0,0,1767380355.0,1,0,1,0,1,11,5,18,4,0,28.0
0,0,1763600879.0,2,0,2,4,2,0,8,1,3,0,172.0
0,0,1750668408.0,3,0,3,5,6,0,4,8,0,0,218.0
0,0,1764693493.0,1,0,1,2,1,15,9,16,1,0,144.0
7,0,1745697665.0,3,1,3,0,5,10,9,20,5,1,103.0
0,0,1747608457.0,0,0,0,1,6,5,4,22,6,1,63.0
0,0,1745802645.0,1,0,1,2,3,10,0,1,0,0,177.0
0,0,1739567086.0,2,0,2,5,4,2,0,21,4,0,52.0
0,0,1758695025.0,0,0,0,0,1,3,0,6,2,0,197.0
0,0,1737015198.0,2,0,2,2,1,7,4,8,3,0,131.0
0,0,1742815356.0,1,0,1,2,2,3,9,11,0,0,49.0
7,0,1744160000.0,0,1,0,1,1,3,9,0,2,0,91.0
0,0,1735755497.0,0,0,0,5,5,10,4,18,2,0,81.0
0,0,1760410718.0,2,0,2,4,6,2,9,2,1,0,40.0
0,0,1742870773.0,1,0,1,5,3,3,0,2,1,0,102.0
0,0,1769591870.0,1,0,1,5,6,4,4,9,2,0,235.0
0,0,1751463409.0,1,0,1,4,5,0,8,13,2,0,179.0
0,0,1766673229.0,2,0,2,2,2,3,5,14,3,0,72.0
0,0,1749468350.0,2,0,2,4,5,3,9,11,0,0,77.0
0,0,1768561053.0,2,0,2,0,4,3,9,10,4,0,56.0
0,0,1737946683.0,1,0,1,4,5,6,4,2,0,0,181.0
0,0,1755362877.0,0,0,0,5,3,3,4,16,5,1,139.0
0,0,1741888435.0,3,0,3,5,2,6,8,17,3,0,101.0
0,0,1764175995.0,2,0,2,1,6,6,8,16,2,0,51.0
0,0,1742927638.0,0,0,0,5,5,10,4,18,1,0,82.0
0,0,1736343046.0,1,0,1,1,1,2,5,13,2,0,140.0
0,0,1737089696.0,0,0,0,3,4,1,8,4,4,0,196.0
7,0,1742476337.0,0,1,0,1,4,5,0,13,3,0,141.0
0,0,1736753569.0,3,0,3,4,2,6,0,7,0,0,44.0
0,0,1761855750.0,3,0,3,1,6,2,4,20,3,0,240.0
0,0,1770306020.0,3,0,3,2,4,2,9,15,3,0,211.0
0,0,1759076183.0,1,0,1,1,4,5,5,16,6,1,192.0
0,0,1758738047.0,1,0,1,5,1,0,0,18,2,0,76.0
0,0,1765590871.0,3,0,3,0,4,1,8,1,5,1,224.0
0,0,1771686756.0,3,0,3,2,4,1,8,15,5,1,49.0
0,0,1760137257.0,3,0,3,2,3,0,8,23,4,0,146.0
0,0,1755142905.0,2,0,2,3,4,2,4,3,3,0,176.0
0,0,1745066144.0,3,0,3,1,6,0,0,12,5,1,166.0
0,0,1736802890.0,0,0,0,1,4,6,9,21,0,0,83.0
0,0,1772118751.0,3,0,3,0,4,6,5,15,3,0,56.0
0,0,1747881925.0,0,0,0,3,3,6,4,2,3,0,88.0
0,0,1739622854.0,3,0,3,3,3,4,0,12,5,1,180.0
0,0,1771573807.0,0,0,0,0,1,0,4,7,4,0,130.0
0,0,1750987206.0,0,0,0,3,3,2,5,1,4,0,23.0
0,0,1756090485.0,2,0,2,1,1,1,4,2,0,0,215.0
0,0,1735979149.0,3,0,3,0,2,2,5,8,5,1,44.0
0,0,1769500595.0,3,0,3,1,6,6,0,7,1,0,127.0
0,0,1760175659.0,0,0,0,1,1,2,8,9,5,1,120.0
0,0,1739914104.0,1,0,1,4,5,2,5,21,1,0,233.0
0,0,1741899767.0,1,0,1,4,1,6,9,21,3,0,23.0
0,0,1753999077.0,3,0,3,1,3,10,0,21,3,0,146.0
0,0,1758406115.0,2,0,2,0,2,15,0,22,5,1,70.0
0,0,1763862920.0,3,0,3,4,6,2,5,1,6,1,125.0
0,0,1752614111.0,1,0,1,4,4,6,9,21,1,0,228.0
0,0,1751701795.0,0,0,0,3,3,3,4,7,5,1,32.0
0,0,1752725743.0,2,0,2,0,5,4,9,4,3,0,209.0
0,0,1744869326.0,2,0,2,5,2,11,5,5,3,0,49.0
0,0,1764229110.0,1,0,1,3,2,2,8,7,3,0,173.0
0,0,1737179851.0,0,0,0,1,5,10,5,5,5,1,58.0
0,0,1747379261.0,2,0,2,4,2,3,9,7,4,0,60.0
0,0,1749696342.0,2,0,2,1,5,2,9,2,3,0,141.0
0,0,1768575156.0,2,0,2,3,1,3,5,14,4,0,127.0
0,0,1756818287.0,1,0,1,3,4,3,4,13,1,0,32.0
0,0,1745823970.0,2,0,2,2,5,0,9,7,0,0,72.0
0,0,1746203925.0,2,0,2,4,4,6,5,16,4,0,197.0
0,0,1745916842.0,0,0,0,2,4,2,8,8,1,0,34.0
0,0,1744849703.0,0,0,0,2,1,2,0,0,3,0,86.0
0,0,1739483763.0,1,0,1,0,6,0,0,21,3,0,236.0
0,0,1753811158.0,3,0,3,1,5,1,5,17,1,0,16.0
0,0,1760658247.0,1,0,1,5,4,6,8,23,3,0,75.0
0,0,1749919831.0,3,0,3,0,6,10,9,16,5,1,211.0
0,0,1743322256.0,2,0,2,0,3,6,0,8,6,1,10.0
0,0,1752807294.0,3,0,3,4,4,2,4,2,4,0,151.0
0,0,1759651555.0,2,0,2,0,3,1,4,8,6,1,114.0
0,0,1754287270.0,0,0,0,1,3,11,8,6,0,0,236.0
0,0,1743045591.0,1,0,1,5,2,0,8,3,3,0,226.0
0,0,1744914921.0,3,0,3,2,3,2,8,18,3,0,210.0
0,0,1742340717.0,2,0,2,1,1,11,5,23,1,0,38.0
0,0,1764514079.0,3,0,3,4,1,1,8,14,6,1,49.0
0,0,1746457524.0,0,0,0,1,1,2,8,15,0,0,212.0
0,0,1760983548.0,0,0,0,3,5,1,5,18,0,0,106.0
0,0,1749450046.0,0,0,0,4,6,15,4,6,0,0,84.0
0,0,1747760288.0,1,0,1,2,6,4,0,16,1,0,158.0
0,0,1741462687.0,2,0,2,3,4,6,8,19,5,1,76.0
0,0,1767835389.0,3,0,3,2,1,6,9,1,3,0,116.0
0,0,1739551381.0,1,0,1,5,6,1,4,16,4,0,198.0
0,0,1739435829.0,0,0,0,3,3,2,4,8,3,0,152.0
0,0,1772212890.0,3,0,3,1,6,2,9,17,4,0,81.0
0,0,1739941253.0,1,0,1,2,6,10,5,5,2,0,232.0
0,0,1766907544.0,3,0,3,4,3,3,0,7,6,1,111.0
0,0,1752399264.0,0,0,0,1,5,3,5,9,6,1,219.0
0,0,1758873071.0,1,0,1,3,4,3,0,7,4,0,238.0
7,0,1755144394.0,2,1,2,1,4,11,4,4,3,0,203.0
0,0,1768670352.0,0,0,0,0,2,0,0,17,5,1,238.0
0,0,1736337185.0,0,0,0,5,5,1,4,11,2,0,16.0
7,0,1748794943.0,3,1,3,0,2,6,8,16,6,1,2.0
0,0,1769406596.0,3,0,3,1,2,2,8,5,0,0,175.0
7,0,1767125587.0,0,1,0,5,4,1,5,20,1,0,180.0
0,0,1757109679.0,1,0,1,2,2,3,9,22,4,0,139.0
0,0,1745374611.0,0,0,0,5,6,2,4,2,2,0,130.0
7,0,1752799120.0,3,1,3,3,6,2,9,0,4,0,114.0
0,0,1756692948.0,3,0,3,4,6,3,5,2,0,0,118.0
0,0,1750995528.0,2,0,2,2,4,2,8,3,4,0,68.0
0,0,1761898501.0,3,0,3,2,5,11,5,8,4,0,211.0
0,0,1761839528.0,3,0,3,2,5,2,5,15,3,0,25.0
0,0,1753392492.0,1,0,1,5,5,6,8,21,3,0,40.0
0,0,1746399499.0,2,0,2,4,2,2,9,22,6,1,231.0
0,0,1764699320.0,0,0,0,0,2,10,0,18,1,0,6.0
0,0,1752960635.0,1,0,1,0,4,3,9,21,5,1,129.0
0,0,1756249086.0,0,0,0,5,1,5,8,22,1,0,43.0
0,0,1772599807.0,0,0,0,1,1,6,0,4,2,0,146.0
0,0,1742422380.0,1,0,1,3,1,2,8,22,2,0,55.0
0,0,1748962728.0,3,0,3,2,1,2,9,14,1,0,21.0
0,0,1764037567.0,3,0,3,2,4,4,9,2,1,0,184.0
0,0,1748961897.0,2,0,2,5,2,4,4,14,1,0,193.0
0,0,1745994020.0,0,0,0,1,6,5,8,6,2,0,194.0
0,0,1770817515.0,3,0,3,2,3,1,9,13,2,0,18.0
0,0,1750124301.0,2,0,2,0,1,2,9,1,1,0,60.0
0,0,1743162395.0,1,0,1,0,5,10,4,11,4,0,23.0
0,0,1763175182.0,3,0,3,2,1,6,5,2,5,1,211.0
0,0,1759789258.0,3,0,3,2,4,6,9,22,0,0,6.0
0,0,1741308788.0,1,0,1,4,6,2,9,0,4,0,14.0
0,0,1745893887.0,0,0,0,4,2,11,9,2,1,0,236.0
0,0,1757214107.0,2,0,2,1,5,10,4,3,6,1,158.0
0,0,1752857454.0,1,0,1,0,2,3,5,16,4,0,232.0
0,0,1754088497.0,1,0,1,2,1,3,0,22,4,0,100.0
7,0,1747341790.0,1,1,1,5,1,10,4,20,3,0,133.0
0,0,1747484466.0,0,0,0,0,3,0,4,12,5,1,88.0
0,0,1753293422.0,0,0,0,1,5,15,4,17,2,0,86.0
0,0,1741366918.0,2,0,2,2,4,15,5,17,4,0,190.0
0,0,1758663774.0,3,0,3,3,5,1,0,21,1,0,65.0
0,0,1752114271.0,1,0,1,1,6,4,8,2,3,0,240.0
0,0,1760531784.0,0,0,0,2,2,1,0,12,2,0,104.0
0,0,1758978684.0,3,0,3,2,4,0,5,13,5,1,4.0
0,0,1769674991.0,2,0,2,2,4,10,0,8,3,0,116.0
0,0,1743725598.0,2,0,2,3,3,0,9,0,4,0,99.0
0,0,1755436726.0,1,0,1,0,1,10,0,13,6,1,17.0
0,0,1748896802.0,2,0,2,3,3,11,9,20,0,0,61.0
0,0,1767507051.0,0,0,0,1,2,2,4,6,6,1,146.0
0,0,1754751255.0,1,0,1,0,5,6,5,14,5,1,87.0
0,0,1752906150.0,0,0,0,4,1,2,0,6,5,1,67.0
0,0,1756948224.0,0,0,0,3,6,2,8,1,3,0,53.0
0,0,1747376425.0,3,0,3,4,2,0,8,6,4,0,81.0
0,0,1748117048.0,0,0,0,2,3,2,8,20,5,1,132.0
7,0,1765678391.0,0,1,0,1,5,10,9,2,6,1,23.0
0,0,1739458154.0,3,0,3,4,5,3,5,14,3,0,5.0
0,0,1748387426.0,0,0,0,2,6,6,9,23,1,0,171.0
0,0,1749590397.0,0,0,0,5,3,3,0,21,1,0,176.0
0,0,1762899252.0,0,0,0,4,4,10,4,22,1,0,80.0
0,0,1753563016.0,0,0,0,0,2,2,5,20,5,1,202.0
0,0,1744874374.0,0,0,0,4,1,0,4,7,3,0,80.0
0,0,1740767277.0,2,0,2,2,3,3,5,18,4,0,148.0
0,0,1772529332.0,1,0,1,0,4,11,9,9,1,0,74.0
0,0,1771059068.0,2,0,2,1,6,1,0,8,5,1,172.0
0,0,1769740956.0,0,0,0,1,2,4,9,2,4,0,113.0
0,0,1767559024.0,1,0,1,2,5,5,4,20,6,1,111.0
0,0,1759879080.0,0,0,0,3,1,0,0,23,1,0,182.0
0,0,1759663738.0,0,0,0,1,3,3,8,11,6,1,221.0
0,0,1752255238.0,1,0,1,1,4,10,9,17,4,0,156.0
0,0,1765930297.0,2,0,2,2,4,0,4,0,2,0,178.0
0,0,1752049397.0,1,0,1,2,2,11,0,8,2,0,126.0
0,0,1757862297.0,0,0,0,5,4,0,0,15,6,1,33.0
0,0,1748223886.0,0,0,0,2,5,10,9,1,0,0,206.0
0,0,1768249302.0,1,0,1,5,5,5,0,20,0,0,151.0
0,0,1766790789.0,2,0,2,3,1,2,8,23,4,0,111.0
0,0,1749826314.0,3,0,3,3,1,0,4,14,4,0,147.0
0,0,1741601910.0,3,0,3,4,6,5,4,10,0,0,53.0
0,0,1748533082.0,3,0,3,2,2,11,4,15,3,0,41.0
0,0,1754215639.0,3,0,3,3,3,11,0,10,6,1,4.0
0,0,1765212112.0,1,0,1,3,4,10,8,16,0,0,232.0
0,0,1737983631.0,3,0,3,0,5,5,5,13,0,0,43.0
0,0,1765388818.0,0,0,0,5,4,2,8,17,2,0,228.0
0,0,1760936781.0,2,0,2,2,6,3,0,5,0,0,169.0
0,0,1769573236.0,2,0,2,5,3,10,9,4,2,0,223.0
0,0,1747400477.0,1,0,1,1,6,4,4,13,4,0,101.0
0,0,1740230793.0,2,0,2,2,6,6,9,13,5,1,20.0
0,0,1749974918.0,3,0,3,5,4,2,5,8,6,1,227.0
0,0,1742808536.0,0,0,0,0,4,6,8,9,0,0,53.0
0,0,1746934006.0,0,0,0,0,1,2,0,3,6,1,174.0
7,0,1752272090.0,0,1,0,1,5,0,5,22,4,0,113.0
0,0,1764450784.0,1,0,1,1,6,11,8,21,5,1,61.0
0,0,1736131902.0,0,0,0,4,2,1,8,2,0,0,160.0
0,0,1766814485.0,3,0,3,4,5,3,0,5,5,1,172.0
0,0,1755710239.0,2,0,2,4,3,11,0,17,2,0,109.0
0,0,1751139739.0,3,0,3,2,2,6,8,19,5,1,55.0
7,0,1752656966.0,3,1,3,0,1,1,5,9,2,0,231.0
0,0,1743034291.0,2,0,2,3,2,4,0,0,3,0,41.0
0,0,1750891909.0,0,0,0,2,4,5,8,22,2,0,159.0
0,0,1765156538.0,0,0,0,2,5,2,5,1,0,0,46.0
0,0,1740395602.0,3,0,3,4,3,5,4,11,0,0,48.0
0,0,1772013933.0,2,0,2,5,6,2,4,10,2,0,144.0
0,0,1747905510.0,0,0,0,4,6,4,5,9,3,0,144.0
0,0,1769471234.0,1,0,1,4,1,2,8,23,0,0,72.0
0,0,1752510151.0,1,0,1,1,2,4,8,16,0,0,216.0
0,0,1759959058.0,2,0,2,5,2,15,9,21,2,0,195.0
0,0,1761598939.0,3,0,3,1,3,2,8,21,0,0,15.0
0,0,1754202649.0,1,0,1,0,6,3,9,6,6,1,70.0
0,0,1760422576.0,0,0,0,5,4,2,4,6,1,0,144.0
0,0,1769920850.0,2,0,2,5,1,2,0,4,6,1,54.0
0,0,1742384077.0,0,0,0,5,2,4,0,11,2,0,36.0
0,0,1756788280.0,2,0,2,3,6,10,4,4,1,0,97.0
0,0,1738832587.0,2,0,2,1,3,10,0,9,3,0,116.0
0,0,1737835842.0,2,0,2,4,3,0,4,20,5,1,211.0
0,0,1738354819.0,3,0,3,3,3,2,8,20,4,0,24.0
0,0,1741010676.0,0,0,0,0,2,1,8,14,0,0,96.0
0,0,1754963680.0,3,0,3,4,6,2,5,1,1,0,67.0
0,0,1755541810.0,0,0,0,3,3,3,0,18,0,0,90.0
0,0,1757902166.0,3,0,3,5,5,7,8,2,0,0,225.0
0,0,1752730480.0,1,0,1,3,4,0,4,5,3,0,156.0
0,0,1750895154.0,0,0,0,3,2,7,0,23,2,0,56.0
0,0,1761878235.0,2,0,2,3,3,10,4,2,4,0,114.0
0,0,1759120753.0,1,0,1,4,6,3,5,4,0,0,127.0
7,0,1767990416.0,3,1,3,3,6,3,4,20,4,0,22.0
0,0,1772813017.0,3,0,3,2,5,11,4,16,4,0,148.0
7,0,1766715188.0,1,1,1,1,3,4,8,2,4,0,214.0
0,0,1747540934.0,2,0,2,2,6,3,4,4,6,1,129.0
0,0,1755781131.0,1,0,1,2,1,2,5,12,3,0,115.0
0,0,1767274166.0,2,0,2,5,2,2,8,13,3,0,40.0
0,0,1757813054.0,2,0,2,1,3,2,9,1,6,1,155.0
7,0,1742256698.0,3,1,3,3,1,2,5,0,1,0,185.0
0,0,1771432024.0,0,0,0,1,5,3,9,16,2,0,128.0
0,0,1748814809.0,2,0,2,3,3,4,8,21,6,1,108.0
0,0,1742538049.0,2,0,2,2,1,3,8,6,4,0,44.0
0,0,1755890422.0,0,0,0,0,6,3,9,19,4,0,145.0
0,0,1764216198.0,3,0,3,2,1,6,0,4,3,0,66.0
7,0,1750992367.0,0,1,0,0,5,0,9,2,4,0,9.0
0,0,1750436564.0,3,0,3,1,2,2,9,16,4,0,9.0
0,0,1755273825.0,1,0,1,3,3,2,0,16,4,0,85.0
0,0,1748459441.0,3,0,3,0,4,6,5,19,2,0,139.0
0,0,1770564456.0,3,0,3,3,2,2,4,15,6,1,57.0
0,0,1747224284.0,1,0,1,4,1,1,8,12,2,0,76.0
0,0,1763206335.0,1,0,1,2,3,6,5,11,5,1,93.0
0,0,1768656961.0,1,0,1,1,4,3,8,13,5,1,55.0
0,0,1757908737.0,1,0,1,0,1,2,0,3,0,0,221.0
7,0,1749997891.0,2,1,2,5,2,4,4,14,6,1,17.0
0,0,1738254333.0,2,0,2,4,1,2,5,16,3,0,106.0
0,0,1752007788.0,3,0,3,0,6,2,9,20,1,0,94.0
0,0,1740844702.0,3,0,3,2,6,2,9,15,5,1,34.0
7,0,1751155282.0,0,1,0,3,2,4,8,0,6,1,71.0
0,0,1755046488.0,0,0,0,2,6,4,9,0,2,0,169.0
0,0,1747353582.0,2,0,2,3,1,4,4,23,3,0,167.0
0,0,1769292098.0,0,0,0,1,4,2,9,22,5,1,46.0
0,0,1772043850.0,1,0,1,2,1,2,5,18,2,0,104.0
0,0,1762128547.0,2,0,2,0,3,15,4,0,0,0,37.0
0,0,1766909367.0,2,0,2,1,2,2,4,8,6,1,158.0
0,0,1765601429.0,1,0,1,3,2,3,0,4,5,1,239.0
0,0,1761122681.0,1,0,1,2,6,6,5,8,2,0,76.0
0,0,1758236113.0,0,0,0,1,2,5,4,22,3,0,112.0
0,0,1750867831.0,0,0,0,0,2,2,5,16,2,0,56.0
0,0,1744976418.0,1,0,1,4,4,11,4,11,4,0,57.0
0,0,1764690931.0,0,0,0,0,2,1,4,15,1,0,196.0
0,0,1769430887.0,0,0,0,2,4,1,0,12,0,0,173.0
0,0,1767428932.0,0,0,0,2,1,6,4,8,5,1,93.0
0,0,1736473049.0,0,0,0,0,3,2,4,1,4,0,178.0
0,0,1746180633.0,2,0,2,3,3,3,0,10,4,0,168.0
0,0,1740336197.0,3,0,3,1,1,5,5,18,6,1,27.0
0,0,1758881593.0,3,0,3,0,3,2,4,10,4,0,112.0
0,0,1754445041.0,3,0,3,0,6,3,4,1,2,0,150.0
0,0,1740844455.0,2,0,2,2,2,2,4,15,5,1,189.0
0,0,1748920700.0,0,0,0,3,1,10,4,3,1,0,161.0
0,0,1747657389.0,2,0,2,0,6,1,0,12,0,0,27.0
7,0,1743466689.0,2,1,2,5,2,11,5,0,1,0,158.0
0,0,1770376286.0,3,0,3,1,2,10,9,11,4,0,166.0
0,0,1768820718.0,2,0,2,4,5,1,8,11,0,0,92.0
0,0,1748942716.0,3,0,3,3,2,10,4,9,1,0,188.0
0,0,1750842729.0,1,0,1,5,3,1,8,9,2,0,233.0
0,0,1767749063.0,1,0,1,1,4,2,8,1,2,0,74.0
0,0,1747215814.0,1,0,1,2,4,1,5,9,2,0,184.0
0,0,1761022473.0,1,0,1,1,4,6,5,4,1,0,202.0
0,0,1757402978.0,2,0,2,1,1,3,4,7,1,0,62.0
0,0,1753108595.0,2,0,2,2,2,6,5,14,0,0,67.0
0,0,1753309608.0,0,0,0,4,1,4,5,22,2,0,20.0
0,0,1747997290.0,2,0,2,0,1,3,4,10,4,0,200.0
0,0,1737852139.0,3,0,3,3,2,4,5,0,6,1,221.0
0,0,1748916607.0,2,0,2,2,3,5,0,2,1,0,70.0
0,0,1738915066.0,0,0,0,5,1,10,0,7,4,0,11.0
0,0,1745306554.0,1,0,1,1,1,6,4,7,1,0,146.0
0,0,1753436584.0,1,0,1,2,1,11,9,9,4,0,190.0
0,0,1762406105.0,1,0,1,3,5,0,9,5,3,0,4.0
0,0,1747895620.0,3,0,3,3,4,1,8,6,3,0,120.0
0,0,1754679315.0,0,0,0,4,1,10,5,18,4,0,67.0
0,0,1764022748.0,1,0,1,5,4,7,4,22,0,0,221.0
0,0,1754906552.0,2,0,2,4,4,0,5,10,0,0,89.0
0,0,1741800407.0,3,0,3,1,6,1,5,17,2,0,91.0
0,0,1771127031.0,1,0,1,1,4,4,8,3,6,1,66.0
0,0,1768588150.0,1,0,1,4,1,2,8,18,4,0,101.0
0,0,1743753419.0,3,0,3,3,6,4,4,7,4,0,196.0
0,0,1772113366.0,0,0,0,5,5,2,0,13,3,0,10.0
0,0,1767391247.0,3,0,3,5,1,1,4,22,4,0,153.0
0,0,1757795926.0,0,0,0,3,4,1,8,20,5,1,99.0
0,0,1768191170.0,2,0,2,2,5,2,0,4,0,0,202.0
0,0,1749296213.0,3,0,3,3,2,5,5,11,5,1,58.0
0,0,1746836001.0,0,0,0,0,4,5,8,0,5,1,155.0
0,0,1759208319.0,0,0,0,4,3,3,4,4,1,0,49.0
0,0,1744711494.0,2,0,2,4,5,2,8,10,1,0,77.0
0,0,1751850585.0,1,0,1,5,3,11,9,1,0,0,174.0
0,0,1736959353.0,1,0,1,4,2,0,5,16,2,0,105.0
0,0,1758102318.0,3,0,3,3,3,1,5,9,2,0,206.0
0,0,1739773197.0,3,0,3,0,4,0,9,6,0,0,145.0
0,0,1772433708.0,2,0,2,0,4,3,8,6,0,0,38.0
0,0,1747952955.0,0,0,0,5,3,2,8,22,3,0,189.0
0,0,1761996098.0,1,0,1,2,4,5,4,11,5,1,27.0
0,0,1761644292.0,2,0,2,3,6,1,4,9,1,0,4.0
0,0,1752216068.0,1,0,1,4,1,2,0,6,4,0,11.0
0,0,1761862126.0,0,0,0,1,2,15,0,22,3,0,215.0
0,0,1735919909.0,3,0,3,0,6,6,9,15,4,0,66.0
0,0,1750584909.0,3,0,3,1,3,6,9,9,6,1,136.0
0,0,1750340290.0,0,0,0,4,3,6,8,13,3,0,6.0
0,0,1753081477.0,1,0,1,5,4,3,8,7,0,0,226.0
0,0,1743506490.0,0,0,0,3,2,10,0,11,1,0,120.0
0,0,1739950617.0,2,0,2,0,4,1,4,7,2,0,225.0
0,0,1757917530.0,0,0,0,1,4,6,0,6,0,0,20.0
0,0,1764995399.0,1,0,1,4,2,5,0,4,5,1,178.0
0,0,1770404557.0,3,0,3,5,5,2,5,19,4,0,154.0
0,0,1756540663.0,3,0,3,2,5,3,9,7,5,1,90.0
0,0,1745453693.0,1,0,1,2,1,4,8,0,3,0,84.0
0,0,1748564804.0,2,0,2,2,4,6,8,0,4,0,5.0
0,0,1751502172.0,3,0,3,3,4,2,4,0,3,0,221.0
0,0,1738558612.0,3,0,3,1,6,2,9,4,0,0,91.0
0,0,1749651292.0,3,0,3,0,3,0,5,14,2,0,61.0
0,0,1753461304.0,2,0,2,4,3,11,4,16,4,0,18.0
0,0,1737475786.0,1,0,1,0,4,3,9,16,1,0,220.0
0,0,1749915438.0,1,0,1,2,5,1,9,15,5,1,225.0
0,0,1758151192.0,1,0,1,2,5,2,9,23,2,0,71.0
0,0,1764532967.0,0,0,0,5,3,2,0,20,6,1,179.0
0,0,1736910699.0,1,0,1,4,1,2,8,3,2,0,97.0
0,0,1740082443.0,3,0,3,3,1,1,5,20,3,0,164.0
0,0,1756082808.0,1,0,1,4,4,2,5,0,0,0,172.0
0,0,1772711724.0,1,0,1,3,2,5,5,11,3,0,223.0
0,0,1761188907.0,0,0,0,0,1,2,0,3,3,0,192.0
0,0,1735983734.0,3,0,3,2,4,11,9,9,5,1,95.0
0,0,1759486281.0,3,0,3,2,5,3,0,10,4,0,226.0
0,0,1745598380.0,3,0,3,4,6,3,4,16,4,0,121.0
0,0,1759449090.0,2,0,2,3,4,1,0,23,3,0,240.0
0,0,1750214670.0,0,0,0,2,6,10,0,2,2,0,182.0
0,0,1763153978.0,2,0,2,5,1,2,0,20,4,0,79.0
0,0,1772510557.0,3,0,3,3,3,3,8,4,1,0,225.0
0,0,1747926429.0,3,0,3,3,3,1,8,15,3,0,29.0
0,0,1768538522.0,1,0,1,0,6,10,8,4,4,0,86.0
0,0,1746973779.0,1,0,1,4,1,11,4,14,6,1,47.0
0,0,1743944981.0,0,0,0,1,1,3,9,13,6,1,44.0
0,0,1745848056.0,2,0,2,1,1,2,0,13,0,0,25.0
0,0,1739437494.0,0,0,0,0,4,10,9,9,3,0,28.0
0,0,1736964037.0,0,0,0,0,6,2,0,18,2,0,239.0
0,0,1757019393.0,0,0,0,0,5,2,5,20,3,0,82.0
0,0,1749150830.0,2,0,2,2,5,1,4,19,3,0,158.0
0,0,1746840618.0,0,0,0,0,5,2,9,1,5,1,90.0
0,0,1770101934.0,2,0,2,0,4,2,8,6,1,0,211.0
0,0,1747317116.0,2,0,2,4,6,3,0,13,3,0,6.0
0,0,1739237384.0,3,0,3,5,4,5,0,1,1,0,106.0
0,0,1763726968.0,3,0,3,0,5,1,5,12,4,0,135.0
0,0,1749338745.0,3,0,3,2,6,2,0,23,5,1,149.0
0,0,1755963702.0,0,0,0,5,1,2,4,15,5,1,229.0
0,0,1738407745.0,3,0,3,1,3,6,0,11,5,1,148.0
0,0,1750807171.0,3,0,3,2,3,3,9,23,1,0,209.0
0,0,1743122260.0,1,0,1,5,3,2,4,0,4,0,93.0
0,0,1736854901.0,1,0,1,0,1,15,5,11,1,0,152.0
0,0,1771713761.0,2,0,2,1,5,2,5,22,5,1,88.0
0,0,1771291659.0,1,0,1,2,5,2,4,1,1,0,175.0
0,0,1739835334.0,0,0,0,1,3,0,5,23,0,0,138.0
0,0,1750834575.0,1,0,1,4,5,1,9,6,2,0,70.0
0,0,1750808960.0,2,0,2,1,3,3,0,23,1,0,97.0
7,0,1758557651.0,3,1,3,5,1,11,0,16,0,0,11.0
0,0,1770598453.0,3,0,3,4,5,0,4,0,0,0,3.0
0,0,1754052793.0,3,0,3,2,6,2,0,12,4,0,224.0
0,0,1770489676.0,2,0,2,1,4,7,4,18,5,1,46.0
0,0,1766317339.0,1,0,1,0,1,5,9,11,6,1,226.0
0,0,1758892302.0,1,0,1,3,1,2,9,13,4,0,181.0
0,0,1740333495.0,0,0,0,0,2,1,0,17,6,1,100.0
0,0,1755166168.0,0,0,0,2,5,2,5,10,3,0,163.0
7,0,1750189161.0,1,1,1,2,2,10,8,19,1,0,191.0
0,0,1740680197.0,1,0,1,5,3,15,4,18,3,0,166.0
0,0,1769637147.0,3,0,3,1,5,11,8,21,2,0,44.0
0,0,1769387738.0,2,0,2,2,4,6,8,0,0,0,185.0
0,0,1743457964.0,3,0,3,5,3,0,0,21,0,0,95.0
0,0,1765946170.0,3,0,3,4,1,11,4,4,2,0,148.0
0,0,1745738085.0,1,0,1,0,3,0,9,7,6,1,39.0
0,0,1764817029.0,1,0,1,4,3,5,4,2,3,0,84.0
0,0,1767650368.0,0,0,0,1,5,6,5,21,0,0,188.0
0,0,1768106285.0,3,0,3,4,6,10,4,4,6,1,224.0
0,0,1765816137.0,0,0,0,0,4,10,8,16,0,0,82.0
0,0,1752352033.0,1,0,1,2,2,3,9,20,5,1,218.0
0,0,1762296830.0,3,0,3,0,5,5,0,22,1,0,69.0
0,0,1761995959.0,1,0,1,0,1,0,4,11,5,1,35.0
0,0,1757308555.0,1,0,1,5,1,3,4,5,0,0,166.0
0,0,1739204855.0,3,0,3,3,5,1,8,16,0,0,235.0
0,0,1763144329.0,0,0,0,4,2,2,8,18,4,0,53.0
0,0,1745895574.0,3,0,3,0,1,3,8,2,1,0,187.0
0,0,1766747264.0,3,0,3,4,4,11,5,11,4,0,233.0
0,0,1740335991.0,3,0,3,3,6,2,0,18,6,1,4.0
7,0,1742755108.0,0,1,0,1,6,10,0,18,6,1,84.0
0,0,1741394905.0,1,0,1,3,6,1,8,0,5,1,183.0
0,0,1754516257.0,2,0,2,5,4,1,8,21,2,0,190.0
0,0,1750890706.0,2,0,2,5,3,10,5,22,2,0,153.0
0,0,1761651006.0,2,0,2,3,2,2,0,11,1,0,82.0
0,0,1744132876.0,3,0,3,3,6,7,9,17,1,0,37.0
0,0,1745935179.0,2,0,2,2,5,1,0,13,1,0,151.0
0,0,1748889895.0,2,0,2,0,1,3,5,18,0,0,141.0
0,0,1747207932.0,0,0,0,0,3,10,0,7,2,0,162.0
0,0,1760319074.0,1,0,1,3,3,0,5,1,0,0,56.0
7,0,1735749658.0,1,1,1,3,5,5,9,16,2,0,110.0
0,0,1770850946.0,3,0,3,2,4,10,4,23,2,0,70.0
0,0,1737072916.0,1,0,1,4,5,0,0,0,4,0,239.0
0,0,1763905499.0,1,0,1,4,1,1,9,13,6,1,92.0
0,0,1771059962.0,1,0,1,0,3,2,0,9,5,1,114.0
0,0,1736999766.0,0,0,0,2,5,1,8,3,3,0,4.0
0,0,1751112825.0,2,0,2,2,4,0,8,12,5,1,83.0
0,0,1756235534.0,1,0,1,5,2,2,9,19,1,0,236.0
0,0,1753084259.0,2,0,2,1,1,2,4,7,0,0,177.0
0,0,1758988250.0,0,0,0,3,1,3,8,15,5,1,52.0
0,0,1743414226.0,3,0,3,5,6,2,9,9,0,0,234.0
0,0,1761084971.0,3,0,3,3,4,3,8,22,1,0,171.0
0,0,1760087114.0,2,0,2,4,6,3,9,9,4,0,79.0
0,0,1751485062.0,2,0,2,4,2,2,4,19,2,0,226.0
0,0,1761383564.0,0,0,0,5,4,3,4,9,5,1,93.0
0,0,1771547228.0,3,0,3,5,5,1,8,0,4,0,177.0
0,0,1748626194.0,3,0,3,3,4,3,4,17,4,0,87.0
0,0,1765162906.0,0,0,0,2,5,4,0,3,0,0,3.0
0,0,1739038471.0,1,0,1,3,3,1,0,18,5,1,209.0
0,0,1736791724.0,2,0,2,4,3,0,0,18,0,0,14.0
0,0,1762855052.0,1,0,1,0,2,10,9,9,1,0,74.0
0,0,1744230009.0,3,0,3,3,2,5,8,20,2,0,145.0
0,0,1762719854.0,1,0,1,3,2,2,4,20,6,1,114.0
0,0,1746292986.0,3,0,3,2,6,3,0,17,5,1,74.0
0,0,1751934768.0,1,0,1,3,4,3,5,0,1,0,117.0
0,0,1738348805.0,1,0,1,0,3,3,9,18,4,0,163.0
0,0,1743491051.0,0,0,0,3,5,10,9,7,1,0,86.0
7,0,1763825091.0,1,1,1,2,1,7,9,15,5,1,91.0
0,0,1748008252.0,2,0,2,2,4,2,9,13,4,0,206.0
0,0,1768668524.0,1,0,1,4,2,0,4,16,5,1,171.0
0,0,1758315485.0,1,0,1,0,2,11,8,20,4,0,70.0
0,0,1767631248.0,2,0,2,4,2,4,5,16,0,0,238.0
0,0,1771407459.0,0,0,0,0,3,2,9,9,2,0,197.0
0,0,1755970074.0,2,0,2,4,5,10,0,17,5,1,221.0
0,0,1755155141.0,2,0,2,2,4,4,8,7,3,0,148.0
0,0,1757484444.0,3,0,3,3,2,10,9,6,2,0,194.0
7,0,1753605931.0,1,1,1,2,5,1,0,8,6,1,154.0
0,0,1744172885.0,0,0,0,1,5,15,8,4,2,0,227.0
0,0,1746559936.0,0,0,0,5,6,0,0,19,1,0,23.0
0,0,1760418246.0,1,0,1,0,4,0,9,5,1,0,69.0
0,0,1756957397.0,3,0,3,1,1,2,5,3,3,0,57.0
0,0,1770117256.0,1,0,1,0,4,6,0,11,1,0,174.0
0,0,1749311915.0,3,0,3,2,5,3,8,15,5,1,210.0
0,0,1766753880.0,2,0,2,4,2,3,5,12,4,0,204.0
0,0,1738995878.0,1,0,1,4,3,10,0,6,5,1,214.0
0,0,1742079207.0,1,0,1,2,6,4,4,22,5,1,34.0
0,0,1754326109.0,3,0,3,3,2,2,8,16,0,0,224.0
0,0,1768234736.0,3,0,3,0,1,10,5,16,0,0,9.0
0,0,1752170933.0,0,0,0,5,1,6,5,18,3,0,137.0
0,0,1765644496.0,3,0,3,3,3,1,4,16,5,1,226.0
0,0,1750034624.0,2,0,2,3,5,1,8,0,0,0,76.0
0,0,1758544890.0,0,0,0,0,6,15,5,12,0,0,78.0
0,0,1741653272.0,3,0,3,2,2,11,0,0,1,0,9.0
0,0,1759378994.0,2,0,2,1,3,2,4,4,3,0,154.0
0,0,1739261852.0,1,0,1,0,1,11,5,8,1,0,191.0
0,0,1757635095.0,3,0,3,0,2,3,9,23,3,0,237.0
0,0,1741198253.0,0,0,0,1,1,2,9,18,2,0,153.0
0,0,1771739088.0,1,0,1,4,3,5,8,5,6,1,49.0
0,0,1752881754.0,3,0,3,0,3,10,5,23,4,0,127.0
0,0,1738402120.0,2,0,2,4,6,3,0,9,5,1,220.0
0,0,1761317971.0,3,0,3,3,4,2,0,14,4,0,72.0
0,0,1760086821.0,1,0,1,1,1,1,9,9,4,0,185.0
0,0,1762135128.0,1,0,1,2,2,10,0,1,0,0,7.0
0,0,1772172250.0,2,0,2,5,6,2,9,6,4,0,87.0
0,0,1736194924.0,2,0,2,1,3,6,9,20,0,0,13.0
0,0,1742674455.0,2,0,2,5,1,6,0,20,5,1,31.0
0,0,1763479455.0,2,0,2,0,5,3,4,15,1,0,72.0
7,0,1766467207.0,1,1,1,1,6,0,0,5,1,0,4.0
0,0,1739763783.0,3,0,3,0,1,10,8,3,0,0,198.0
0,0,1761162088.0,0,0,0,5,5,3,0,19,2,0,199.0
0,0,1758851155.0,3,0,3,0,2,2,5,1,4,0,88.0
0,0,1763773388.0,3,0,3,3,4,1,0,1,5,1,194.0
0,0,1748402170.0,3,0,3,2,2,1,4,3,2,0,181.0
0,0,1740139682.0,2,0,2,3,3,1,4,12,4,0,100.0
0,0,1743066106.0,2,0,2,5,6,3,9,9,3,0,182.0
0,0,1766873451.0,3,0,3,5,4,0,0,22,5,1,228.0
0,0,1751128260.0,3,0,3,0,1,2,0,16,5,1,31.0
0,0,1769160383.0,1,0,1,0,2,4,9,9,4,0,120.0
0,0,1759185952.0,3,0,3,1,5,2,5,22,0,0,183.0
0,0,1745432901.0,1,0,1,3,1,1,0,18,2,0,102.0
0,0,1769639113.0,3,0,3,3,6,5,9,22,2,0,100.0
0,0,1747469900.0,1,0,1,0,5,0,8,8,5,1,39.0
0,0,1770623859.0,3,0,3,3,6,15,9,7,0,0,48.0
0,0,1768401013.0,3,0,3,4,2,3,5,14,2,0,55.0
0,0,1761747553.0,3,0,3,5,2,2,4,14,2,0,159.0
7,0,1768280796.0,0,1,0,5,1,4,4,5,1,0,64.0
0,0,1758703725.0,1,0,1,5,3,2,4,8,2,0,146.0
0,0,1738259916.0,1,0,1,2,6,1,0,17,3,0,164.0
0,0,1770633028.0,0,0,0,3,1,2,4,10,0,0,25.0
0,0,1761383051.0,0,0,0,2,2,1,0,9,5,1,173.0
0,0,1748295109.0,1,0,1,1,1,3,8,21,0,0,192.0
0,0,1761310932.0,2,0,2,4,5,10,8,13,4,0,158.0
0,0,1752427879.0,0,0,0,4,4,2,8,17,6,1,88.0
0,0,1763346551.0,3,0,3,5,6,6,8,2,0,0,146.0
0,0,1759176953.0,1,0,1,2,6,3,4,20,0,0,34.0
0,0,1754400583.0,3,0,3,3,6,11,5,13,1,0,27.0
0,0,1757857299.0,0,0,0,5,2,3,0,13,6,1,180.0
0,0,1754333835.0,1,0,1,4,6,5,4,18,0,0,98.0
0,0,1765413100.0,0,0,0,5,2,15,4,0,3,0,122.0
0,0,1742159088.0,3,0,3,3,3,15,8,21,6,1,221.0
0,0,1759384060.0,3,0,3,1,3,10,0,5,3,0,120.0
0,0,1757969274.0,0,0,0,5,1,2,4,20,0,0,207.0
0,0,1744635715.0,1,0,1,1,6,1,8,13,0,0,123.0
0,0,1755891723.0,1,0,1,2,4,2,4,19,4,0,133.0
0,0,1746763712.0,2,0,2,1,6,1,0,4,4,0,198.0
0,0,1750575805.0,2,0,2,5,3,3,9,7,6,1,63.0
0,0,1745982590.0,3,0,3,5,5,0,8,3,2,0,55.0
0,0,1769971270.0,0,0,0,1,3,2,0,18,6,1,83.0
0,0,1740555057.0,3,0,3,0,6,4,9,7,2,0,3.0
0,0,1754812540.0,1,0,1,1,3,1,0,7,6,1,89.0
0,0,1752958840.0,1,0,1,5,6,6,5,21,5,1,104.0
0,0,1753892813.0,3,0,3,0,6,0,9,16,2,0,198.0
0,0,1769227373.0,3,0,3,0,1,15,4,4,5,1,143.0
7,0,1743909796.0,3,1,3,0,3,0,0,3,6,1,88.0
0,0,1772661901.0,0,0,0,5,3,1,9,22,2,0,24.0
0,0,1765338248.0,0,0,0,2,3,1,9,3,2,0,182.0
0,0,1748509089.0,1,0,1,1,3,6,9,8,3,0,67.0
0,0,1745922755.0,1,0,1,3,6,3,4,10,1,0,174.0
0,0,1753211413.0,1,0,1,3,4,2,8,19,1,0,225.0
0,0,1751479796.0,1,0,1,5,6,2,0,18,2,0,91.0
0,0,1752396555.0,2,0,2,2,4,3,9,8,6,1,181.0
0,0,1742084558.0,1,0,1,2,2,1,8,0,6,1,227.0
0,0,1766500605.0,2,0,2,2,4,1,4,14,1,0,101.0
0,0,1754034490.0,1,0,1,2,2,5,4,7,4,0,161.0
0,0,1770867778.0,1,0,1,2,4,3,5,3,3,0,26.0
0,0,1750481259.0,0,0,0,2,3,10,4,4,5,1,172.0
0,0,1736215132.0,0,0,0,2,4,1,5,1,1,0,168.0
0,0,1744219131.0,0,0,0,0,4,2,8,17,2,0,122.0
0,0,1740172622.0,3,0,3,2,4,1,0,21,4,0,110.0
0,0,1754383759.0,2,0,2,5,1,4,8,8,1,0,234.0
0,0,1756886869.0,2,0,2,4,6,6,9,8,2,0,205.0
0,0,1736676404.0,3,0,3,5,3,5,0,10,6,1,19.0
0,0,1755372414.0,0,0,0,5,5,0,4,19,5,1,147.0
7,0,1756789166.0,3,1,3,1,6,11,8,4,1,0,212.0
0,0,1741808821.0,3,0,3,0,2,0,9,19,2,0,225.0
0,0,1739727134.0,1,0,1,4,4,6,4,17,6,1,24.0
0,0,1767585169.0,3,0,3,0,6,11,4,3,0,0,151.0
0,0,1757316787.0,3,0,3,0,3,0,5,7,0,0,16.0
0,0,1769945863.0,0,0,0,1,1,1,4,11,6,1,65.0
0,0,1750729844.0,0,0,0,4,3,2,0,1,1,0,104.0
0,0,1759282134.0,2,0,2,4,6,4,9,1,2,0,188.0
0,0,1758146306.0,0,0,0,5,1,2,0,21,2,0,4.0
0,0,1756819325.0,2,0,2,5,5,3,9,13,1,0,223.0
0,0,1764285280.0,2,0,2,1,6,4,5,23,3,0,93.0
0,0,1745676349.0,3,0,3,0,6,3,5,14,5,1,197.0
7,0,1742935016.0,3,1,3,1,5,3,0,20,1,0,127.0
0,0,1751517543.0,0,0,0,5,2,2,9,4,3,0,92.0
0,0,1755727888.0,3,0,3,4,1,11,5,22,2,0,76.0
0,0,1739823524.0,1,0,1,5,3,3,4,20,0,0,18.0
0,0,1752786546.0,0,0,0,3,3,2,4,21,3,0,153.0
0,0,1745050551.0,0,0,0,5,6,2,9,8,5,1,69.0
0,0,1746406864.0,3,0,3,3,1,7,5,1,0,0,20.0
0,0,1763972972.0,0,0,0,2,2,2,9,8,0,0,108.0
0,0,1762685633.0,3,0,3,4,1,2,4,10,6,1,120.0
0,0,1768794645.0,0,0,0,0,6,10,8,3,0,0,153.0
0,0,1736027931.0,2,0,2,3,3,11,4,21,5,1,16.0
0,0,1760977756.0,2,0,2,4,4,4,0,16,0,0,16.0
0,0,1740420469.0,3,0,3,0,6,2,5,18,0,0,179.0
0,0,1742346164.0,1,0,1,0,6,2,0,1,2,0,105.0
0,0,1763630485.0,1,0,1,3,4,6,4,9,3,0,234.0
0,0,1766060125.0,3,0,3,4,4,3,9,12,3,0,85.0
0,0,1739517599.0,0,0,0,5,2,2,0,7,4,0,233.0
0,0,1743812405.0,0,0,0,4,4,3,5,0,5,1,143.0
0,0,1747980083.0,3,0,3,1,4,10,0,6,4,0,87.0
0,0,1752566321.0,3,0,3,3,1,6,8,7,1,0,135.0
0,0,1749129649.0,2,0,2,5,3,2,5,13,3,0,203.0
0,0,1756271258.0,3,0,3,1,2,1,8,5,2,0,45.0
0,0,1739039250.0,1,0,1,5,4,10,9,18,5,1,117.0
0,0,1749642000.0,2,0,2,0,2,6,4,11,2,0,115.0
0,0,1743000486.0,3,0,3,5,3,1,5,14,2,0,23.0
0,0,1739667688.0,3,0,3,1,5,1,5,1,6,1,219.0
0,0,1744181345.0,1,0,1,1,4,3,8,6,2,0,32.0
0,0,1769609143.0,2,0,2,4,5,2,4,14,2,0,99.0
0,0,1746843742.0,0,0,0,2,5,2,5,2,5,1,234.0
0,0,1771109624.0,0,0,0,2,4,3,0,22,5,1,49.0
0,0,1762297965.0,3,0,3,2,6,10,0,23,1,0,186.0
0,0,1740655814.0,0,0,0,4,3,3,9,11,3,0,114.0
0,0,1770661970.0,2,0,2,5,5,0,5,18,0,0,37.0
0,0,1742877075.0,3,0,3,4,5,2,9,4,1,0,77.0
0,0,1758340687.0,1,0,1,5,1,10,5,3,5,1,10.0
0,0,1752286733.0,0,0,0,2,4,3,0,2,5,1,199.0
0,0,1745827850.0,1,0,1,4,4,4,5,8,0,0,44.0
0,0,1751985169.0,1,0,1,4,2,3,8,14,1,0,142.0
7,0,1736662432.0,2,1,2,5,1,3,8,6,6,1,127.0
0,0,1768515838.0,3,0,3,5,1,3,5,22,3,0,6.0
0,0,1768320394.0,2,0,2,2,1,2,8,16,1,0,82.0
0,0,1735744582.0,0,0,0,2,2,0,0,15,2,0,221.0
0,0,1745454837.0,1,0,1,4,3,2,8,0,3,0,173.0
0,0,1767814007.0,2,0,2,5,4,5,5,19,2,0,60.0
0,0,1753982410.0,1,0,1,4,1,0,0,17,3,0,213.0
0,0,1755391761.0,3,0,3,1,6,2,4,0,6,1,14.0
0,0,1768890746.0,3,0,3,0,3,10,0,6,1,0,223.0
0,0,1742517525.0,1,0,1,3,4,1,8,0,4,0,137.0
0,0,1757687275.0,0,0,0,5,2,4,5,14,4,0,238.0
0,0,1758746583.0,1,0,1,3,4,2,0,20,2,0,10.0
0,0,1745534084.0,0,0,0,0,3,2,5,22,3,0,180.0
0,0,1769985252.0,3,0,3,1,1,2,5,22,6,1,142.0
0,0,1748995667.0,3,0,3,2,4,2,4,0,2,0,153.0
0,0,1749248409.0,1,0,1,4,6,3,8,22,4,0,136.0
0,0,1740050601.0,1,0,1,3,6,1,4,11,3,0,174.0
0,0,1769919086.0,1,0,1,2,4,3,8,4,6,1,180.0
0,0,1747741004.0,3,0,3,0,6,3,4,11,1,0,83.0
0,0,1767073243.0,1,0,1,0,5,11,5,5,1,0,63.0
0,0,1737420768.0,2,0,2,4,4,0,8,0,1,0,172.0
0,0,1744712493.0,1,0,1,1,1,2,8,10,1,0,119.0
0,0,1736513081.0,0,0,0,2,2,0,0,12,4,0,27.0
0,0,1768905377.0,2,0,2,3,6,2,4,10,1,0,84.0
0,0,1758075683.0,2,0,2,1,2,3,4,2,2,0,121.0
0,0,1744707898.0,3,0,3,1,4,1,8,9,1,0,20.0
0,0,1760189056.0,3,0,3,0,6,3,4,13,5,1,105.0
0,0,1735924484.0,0,0,0,1,4,1,8,17,4,0,216.0
0,0,1759875655.0,2,0,2,1,4,1,4,22,1,0,79.0
0,0,1767902898.0,1,0,1,5,5,15,0,20,3,0,228.0
0,0,1739749636.0,2,0,2,4,3,10,8,23,6,1,189.0
0,0,1739144860.0,2,0,2,4,5,2,0,23,6,1,129.0
0,0,1764884929.0,0,0,0,4,6,2,8,21,3,0,104.0
0,0,1747875545.0,3,0,3,3,4,2,9,0,3,0,38.0
0,0,1752677723.0,1,0,1,1,2,10,4,14,2,0,213.0
0,0,1750097651.0,3,0,3,4,4,2,0,18,0,0,46.0
0,0,1763589848.0,2,0,2,1,4,0,0,22,2,0,167.0
0,0,1742960003.0,3,0,3,1,1,5,5,3,2,0,4.0
0,0,1738597073.0,2,0,2,4,6,11,9,15,0,0,37.0
0,0,1770776451.0,1,0,1,3,5,1,8,2,2,0,157.0
0,0,1742402614.0,3,0,3,4,2,1,4,16,2,0,56.0
0,0,1758118488.0,0,0,0,2,1,3,4,14,2,0,109.0
0,0,1742165562.0,1,0,1,3,6,6,8,22,6,1,114.0
0,0,1760191967.0,0,0,0,5,3,0,0,14,5,1,85.0
0,0,1741562751.0,1,0,1,0,2,10,4,23,6,1,69.0
0,0,1736975524.0,2,0,2,3,3,6,9,21,2,0,91.0
0,0,1745033229.0,1,0,1,4,6,10,4,3,5,1,33.0
7,0,1737144918.0,1,1,1,2,5,6,4,20,4,0,104.0
0,0,1762919923.0,1,0,1,2,6,2,4,3,2,0,205.0
0,0,1738178913.0,2,0,2,4,1,10,8,19,2,0,52.0
7,0,1769666763.0,2,1,2,4,3,3,8,6,3,0,89.0
0,0,1766518800.0,0,0,0,1,1,3,8,19,1,0,97.0
0,0,1754287933.0,1,0,1,4,6,10,4,6,0,0,106.0
0,0,1745511877.0,1,0,1,0,5,2,5,16,3,0,63.0
0,0,1747119849.0,0,0,0,4,6,1,8,7,1,0,190.0
0,0,1772821339.0,1,0,1,4,6,4,8,18,4,0,29.0
0,0,1750909215.0,1,0,1,4,6,3,9,3,3,0,119.0
7,0,1765163098.0,0,1,0,2,5,6,5,3,0,0,169.0
0,0,1757623337.0,3,0,3,2,3,3,0,20,3,0,216.0
0,0,1757928803.0,3,0,3,3,6,11,5,9,0,0,89.0
0,0,1756016283.0,1,0,1,4,1,2,9,6,6,1,78.0
0,0,1736233473.0,0,0,0,5,5,2,5,7,1,0,77.0
0,0,1762924647.0,3,0,3,4,4,0,9,5,2,0,45.0
0,0,1758122852.0,1,0,1,2,1,0,0,15,2,0,174.0
0,0,1754195063.0,3,0,3,3,6,6,4,4,6,1,122.0
0,0,1743471082.0,1,0,1,5,1,3,9,1,1,0,91.0
0,0,1769033386.0,2,0,2,1,6,15,5,22,2,0,140.0
0,0,1748876280.0,0,0,0,4,5,4,0,14,0,0,133.0
0,0,1754379859.0,3,0,3,4,3,2,5,7,1,0,148.0
0,0,1757958373.0,1,0,1,5,6,11,5,17,0,0,17.0
7,0,1747699785.0,2,1,2,4,4,10,8,0,1,0,100.0
0,0,1757544864.0,1,0,1,1,2,10,8,22,2,0,15.0
0,0,1764825332.0,3,0,3,2,4,11,9,5,3,0,75.0
0,0,1744862686.0,2,0,2,0,4,2,5,4,3,0,95.0
0,0,1736605700.0,0,0,0,2,1,2,0,14,5,1,128.0
0,0,1768261906.0,3,0,3,1,2,4,4,23,0,0,100.0
0,0,1750385172.0,3,0,3,5,1,10,0,2,4,0,173.0
0,0,1746993629.0,3,0,3,3,1,10,5,20,6,1,233.0
0,0,1772286875.0,3,0,3,1,4,2,4,13,5,1,223.0
0,0,1759003010.0,0,0,0,5,6,3,8,19,5,1,228.0
0,0,1743360989.0,2,0,2,2,3,2,8,18,6,1,74.0
0,0,1738871075.0,2,0,2,3,6,3,4,19,3,0,237.0
0,0,1756830415.0,3,0,3,0,1,1,9,16,1,0,84.0
0,0,1746551333.0,1,0,1,0,3,2,9,17,1,0,90.0
0,0,1768091452.0,2,0,2,5,6,2,0,0,6,1,186.0
0,0,1766307349.0,1,0,1,4,4,11,9,8,6,1,75.0
0,0,1759685846.0,3,0,3,2,3,15,0,17,6,1,73.0
0,0,1757571458.0,1,0,1,3,4,6,4,6,3,0,52.0
0,0,1759546369.0,0,0,0,2,1,1,0,2,5,1,44.0
0,0,1755820885.0,3,0,3,0,1,4,8,0,4,0,50.0
0,0,1750248988.0,3,0,3,2,4,10,4,12,2,0,16.0
0,0,1753748568.0,1,0,1,4,3,3,4,0,1,0,74.0
0,0,1766694348.0,1,0,1,1,4,11,8,20,3,0,58.0
0,0,1739462502.0,1,0,1,4,4,1,9,16,3,0,6.0
0,0,1742225960.0,0,0,0,0,5,2,5,15,0,0,158.0
0,0,1750870284.0,3,0,3,5,2,3,8,16,2,0,137.0
0,0,1748463909.0,1,0,1,1,1,5,5,20,2,0,238.0
0,0,1739272674.0,3,0,3,3,6,3,9,11,1,0,199.0
0,0,1765278019.0,3,0,3,3,6,2,5,11,1,0,65.0
0,0,1758696493.0,3,0,3,2,3,1,0,6,2,0,126.0
0,0,1741421780.0,2,0,2,2,6,0,9,8,5,1,188.0
0,0,1761075069.0,2,0,2,5,5,2,5,19,1,0,66.0
0,0,1760670524.0,3,0,3,0,2,2,8,3,4,0,239.0
0,0,1763069153.0,0,0,0,0,1,6,8,21,3,0,144.0
0,0,1759766679.0,2,0,2,3,3,1,8,16,0,0,88.0
0,0,1747056017.0,1,0,1,0,2,3,0,13,0,0,148.0
0,0,1755286269.0,2,0,2,5,1,11,9,19,4,0,209.0
0,0,1738387918.0,2,0,2,0,1,6,4,5,5,1,34.0
0,0,1749757672.0,0,0,0,3,3,2,5,19,3,0,54.0
0,0,1737251260.0,0,0,0,2,4,3,0,1,6,1,132.0
0,0,1756737237.0,3,0,3,4,4,10,8,14,0,0,116.0
0,0,1747803674.0,3,0,3,0,1,2,8,5,2,0,139.0
0,0,1764106378.0,1,0,1,4,4,1,4,21,1,0,6.0
0,0,1744368558.0,2,0,2,5,5,1,8,10,4,0,64.0
0,0,1746935536.0,3,0,3,0,1,2,9,3,6,1,166.0
0,0,1758460819.0,0,0,0,0,5,3,0,13,6,1,177.0
0,0,1736804576.0,1,0,1,1,6,3,0,21,0,0,219.0
0,0,1753882942.0,2,0,2,4,5,1,4,13,2,0,124.0
0,0,1741424903.0,2,0,2,0,6,7,8,9,5,1,155.0
7,0,1770621658.0,2,1,2,4,4,11,8,7,0,0,37.0
0,0,1742006478.0,3,0,3,2,6,10,0,2,5,1,143.0
0,0,1743099335.0,3,0,3,0,1,5,5,18,3,0,93.0
0,0,1760570178.0,3,0,3,2,1,2,4,23,2,0,188.0
0,0,1768050549.0,2,0,2,2,5,2,0,13,5,1,219.0
0,0,1741181556.0,0,0,0,1,5,2,5,13,2,0,52.0
0,0,1754749697.0,1,0,1,0,3,1,4,14,5,1,129.0
0,0,1741155995.0,0,0,0,1,4,2,5,6,2,0,60.0
0,0,1738939783.0,0,0,0,0,5,1,9,14,4,0,130.0
0,0,1743792209.0,3,0,3,5,4,2,4,18,4,0,175.0
0,0,1764982103.0,2,0,2,3,5,2,9,0,5,1,70.0
0,0,1770845719.0,1,0,1,1,3,11,4,21,2,0,26.0
0,0,1772247831.0,1,0,1,1,1,3,0,3,5,1,196.0
0,0,1746094686.0,0,0,0,5,6,3,0,10,3,0,24.0
0,0,1736319236.0,0,0,0,5,1,2,9,6,2,0,107.0
0,0,1768267156.0,1,0,1,3,3,4,5,1,1,0,154.0
0,0,1740810139.0,3,0,3,1,1,10,0,6,5,1,155.0
0,0,1750265448.0,1,0,1,5,1,3,8,16,2,0,38.0
0,0,1744279554.0,3,0,3,2,4,6,8,10,3,0,143.0
0,0,1738694125.0,3,0,3,3,6,15,5,18,1,0,163.0
0,0,1744439782.0,2,0,2,1,5,3,8,6,5,1,83.0
0,0,1742744925.0,3,0,3,4,2,10,0,15,6,1,148.0
0,0,1772390853.0,0,0,0,4,6,2,5,18,6,1,221.0
0,0,1757285717.0,2,0,2,0,3,10,8,22,6,1,174.0
0,0,1737189272.0,0,0,0,3,3,2,0,8,5,1,235.0
0,0,1751477876.0,2,0,2,0,1,1,5,17,2,0,229.0
0,0,1741369763.0,2,0,2,0,5,0,5,17,4,0,168.0
7,0,1766525023.0,2,1,2,1,3,2,0,21,1,0,141.0
0,0,1746648325.0,3,0,3,5,6,2,8,20,2,0,37.0
0,0,1738832121.0,0,0,0,0,3,3,4,8,3,0,12.0
0,0,1769678639.0,1,0,1,4,1,10,5,9,3,0,40.0
0,0,1768265071.0,0,0,0,5,2,2,5,0,1,0,127.0
0,0,1743044551.0,2,0,2,0,5,6,9,3,3,0,131.0
0,0,1738305035.0,3,0,3,5,4,0,9,6,4,0,167.0
0,0,1754634613.0,3,0,3,2,3,2,8,6,4,0,227.0
0,0,1765407460.0,0,0,0,4,2,4,4,22,2,0,21.0
7,0,1763238766.0,3,1,3,4,1,10,5,20,5,1,101.0
0,0,1763317774.0,0,0,0,0,3,1,0,18,6,1,50.0
0,0,1735859454.0,2,0,2,1,5,2,0,23,3,0,33.0
0,0,1762886889.0,1,0,1,5,1,5,8,18,1,0,58.0
0,0,1767179908.0,1,0,1,5,1,3,5,11,2,0,35.0
0,0,1752464977.0,1,0,1,0,3,1,5,3,0,0,4.0
0,0,1770044565.0,2,0,2,1,3,10,5,15,0,0,117.0
0,0,1744777382.0,1,0,1,0,6,1,9,4,2,0,201.0
0,0,1739740630.0,2,0,2,3,2,2,0,21,6,1,150.0
0,0,1745935811.0,0,0,0,3,1,2,4,14,1,0,227.0
0,0,1770959565.0,2,0,2,0,4,11,4,5,4,0,223.0
0,0,1758497705.0,3,0,3,0,3,11,0,23,6,1,210.0
0,0,1737688805.0,3,0,3,2,4,11,4,3,4,0,183.0
0,0,1770138063.0,2,0,2,3,4,1,5,17,1,0,79.0
0,0,1762853250.0,0,0,0,1,3,1,4,9,1,0,56.0
0,0,1742998259.0,0,0,0,3,2,3,4,14,2,0,31.0
0,0,1755373180.0,1,0,1,1,4,1,8,19,5,1,102.0
0,0,1757055475.0,2,0,2,2,1,10,8,6,4,0,5.0
0,0,1750557441.0,2,0,2,5,1,4,0,1,6,1,135.0
0,0,1746599045.0,3,0,3,4,4,1,8,6,2,0,90.0
0,0,1751113927.0,1,0,1,0,2,1,8,12,5,1,134.0
0,0,1770827597.0,2,0,2,3,6,6,0,16,2,0,136.0
0,0,1761129793.0,1,0,1,0,6,2,9,10,2,0,139.0
0,0,1743528856.0,0,0,0,2,5,2,5,17,1,0,47.0
0,0,1761688887.0,3,0,3,0,1,3,9,22,1,0,41.0
0,0,1769542722.0,2,0,2,4,5,2,5,19,1,0,22.0
0,0,1749619945.0,1,0,1,4,3,2,9,5,2,0,31.0
0,0,1752603755.0,1,0,1,4,3,1,0,18,1,0,14.0
0,0,1742604556.0,0,0,0,0,2,2,5,0,5,1,157.0
0,0,1770596473.0,2,0,2,5,4,2,5,0,0,0,56.0
0,0,1752335349.0,0,0,0,3,1,2,9,15,5,1,95.0
0,0,1741104696.0,1,0,1,3,3,2,0,16,1,0,38.0
0,0,1763189718.0,2,0,2,3,6,0,0,6,5,1,172.0
0,0,1772111898.0,0,0,0,5,3,1,0,13,3,0,205.0
0,0,1739861067.0,3,0,3,3,6,5,0,6,1,0,71.0
0,0,1754271028.0,3,0,3,1,3,11,5,1,0,0,43.0
0,0,1737455937.0,3,0,3,1,1,6,9,10,1,0,144.0
0,0,1746084408.0,3,0,3,0,6,2,4,7,3,0,154.0
0,0,1755410583.0,1,0,1,5,5,2,8,6,6,1,70.0
0,0,1738040180.0,3,0,3,2,3,2,8,4,1,0,146.0
0,0,1736882808.0,3,0,3,1,3,3,0,19,1,0,110.0
0,0,1770626651.0,3,0,3,2,3,6,8,8,0,0,140.0
0,0,1753200821.0,0,0,0,3,5,3,0,16,1,0,237.0
0,0,1747316653.0,1,0,1,0,2,15,4,13,3,0,89.0
0,0,1760594458.0,1,0,1,0,4,2,8,6,3,0,235.0
0,0,1762143025.0,3,0,3,2,3,11,0,4,0,0,26.0
0,0,1755583943.0,2,0,2,1,3,2,8,6,1,0,25.0
0,0,1754663399.0,2,0,2,5,5,3,5,14,4,0,235.0
0,0,1767851652.0,0,0,0,0,6,1,5,5,3,0,114.0
0,0,1754847178.0,1,0,1,2,6,2,4,17,6,1,8.0
0,0,1765554774.0,1,0,1,5,3,10,0,15,4,0,181.0
0,0,1749520727.0,0,0,0,2,4,0,5,1,1,0,92.0
0,0,1736705949.0,1,0,1,1,5,4,8,18,6,1,121.0
0,0,1771972690.0,3,0,3,4,6,2,9,22,1,0,68.0
0,0,1757737248.0,2,0,2,0,2,5,4,4,5,1,157.0
0,0,1765097964.0,1,0,1,3,3,3,0,8,6,1,4.0
0,0,1761307376.0,1,0,1,3,6,2,9,12,4,0,165.0
0,0,1749568340.0,1,0,1,4,4,3,9,15,1,0,56.0
0,0,1771579049.0,2,0,2,0,1,4,0,9,4,0,239.0
0,0,1753043545.0,2,0,2,2,2,10,5,20,6,1,53.0
0,0,1768446957.0,2,0,2,3,6,11,9,3,3,0,210.0
0,0,1741605328.0,1,0,1,2,3,4,9,11,0,0,238.0
0,0,1766824241.0,1,0,1,0,1,10,8,8,5,1,104.0
0,0,1766915586.0,2,0,2,1,2,3,8,9,6,1,91.0
0,0,1771837254.0,2,0,2,0,3,10,4,9,0,0,76.0
0,0,1744886276.0,1,0,1,4,5,7,8,10,3,0,102.0
0,0,1747839321.0,1,0,1,2,6,2,8,14,2,0,231.0
0,0,1749114953.0,1,0,1,0,2,1,9,9,3,0,219.0
0,0,1757495597.0,2,0,2,4,2,1,9,9,2,0,42.0
0,0,1762241830.0,3,0,3,5,1,4,5,7,1,0,203.0
0,0,1771431041.0,1,0,1,3,1,4,4,16,2,0,7.0
0,0,1744362235.0,2,0,2,0,3,3,5,9,4,0,223.0
0,0,1737259839.0,0,0,0,5,6,5,5,4,6,1,134.0
0,0,1759083915.0,2,0,2,4,3,2,8,18,6,1,28.0
7,0,1765274026.0,3,1,3,2,3,5,4,9,1,0,94.0
0,0,1757454480.0,3,0,3,5,2,6,9,21,1,0,121.0
0,0,1772273265.0,3,0,3,3,5,2,8,10,5,1,132.0
0,0,1755691808.0,3,0,3,5,3,4,0,12,2,0,151.0
0,0,1762936626.0,0,0,0,1,4,5,4,8,2,0,143.0
0,0,1772357815.0,3,0,3,0,2,1,8,9,6,1,209.0
0,0,1768024946.0,0,0,0,5,4,3,0,6,5,1,93.0
0,0,1748212325.0,0,0,0,1,2,2,5,22,6,1,218.0
0,0,1764262593.0,3,0,3,4,2,3,0,16,3,0,170.0
0,0,1750492112.0,3,0,3,2,4,0,0,7,5,1,8.0
0,0,1751815128.0,0,0,0,3,4,1,5,15,6,1,188.0
0,0,1745648698.0,1,0,1,4,4,6,5,6,5,1,61.0
0,0,1761118967.0,2,0,2,3,3,2,5,7,2,0,130.0
0,0,1740297908.0,2,0,2,5,1,1,5,8,6,1,233.0
0,0,1748958551.0,1,0,1,4,6,6,0,13,1,0,33.0
0,0,1769554339.0,3,0,3,0,2,6,0,22,1,0,28.0
0,0,1749365597.0,1,0,1,5,3,2,5,6,6,1,26.0
0,0,1770732713.0,0,0,0,3,1,10,4,14,1,0,64.0
0,0,1754520509.0,3,0,3,3,4,2,0,22,2,0,114.0
0,0,1736099699.0,3,0,3,5,2,2,8,17,6,1,207.0
0,0,1750046980.0,1,0,1,5,2,2,4,4,0,0,30.0
0,0,1752245835.0,2,0,2,3,6,10,4,14,4,0,179.0
0,0,1744855465.0,1,0,1,0,1,2,8,2,3,0,107.0
0,0,1770996804.0,2,0,2,2,3,2,0,15,4,0,97.0
0,0,1762169271.0,2,0,2,1,2,2,4,11,0,0,237.0
0,0,1769702796.0,2,0,2,2,1,2,0,16,3,0,139.0
0,0,1749625626.0,3,0,3,0,4,0,4,7,2,0,20.0
0,0,1763568955.0,1,0,1,5,2,0,9,16,2,0,228.0
0,0,1758453560.0,3,0,3,0,6,10,8,11,6,1,112.0
0,0,1767424595.0,1,0,1,3,4,6,4,7,5,1,196.0
0,0,1749808195.0,3,0,3,2,5,4,5,9,4,0,179.0
0,0,1736510867.0,0,0,0,2,1,6,0,12,4,0,97.0
0,0,1765581456.0,1,0,1,5,2,4,5,23,4,0,117.0
0,0,1738638819.0,3,0,3,5,4,6,9,3,1,0,82.0
0,0,1755836566.0,1,0,1,4,3,10,5,4,4,0,159.0
0,0,1771920959.0,0,0,0,1,4,2,0,8,1,0,57.0
0,0,1750412747.0,3,0,3,3,4,1,4,9,4,0,59.0
0,0,1738011306.0,0,0,0,3,4,3,4,20,0,0,21.0
0,0,1770415301.0,0,0,0,3,5,6,9,22,4,0,108.0
0,0,1747572363.0,2,0,2,5,6,3,8,12,6,1,168.0
0,0,1752778697.0,0,0,0,3,6,1,0,18,3,0,219.0
0,0,1745287454.0,3,0,3,2,5,4,9,2,1,0,224.0
0,0,1747527657.0,2,0,2,3,5,1,0,0,6,1,140.0
0,0,1767417697.0,0,0,0,2,1,1,4,5,5,1,38.0
0,0,1772187296.0,0,0,0,1,1,2,8,10,4,0,196.0
0,0,1751450317.0,2,0,2,0,6,10,5,9,2,0,17.0
0,0,1740485329.0,3,0,3,4,1,2,0,12,1,0,192.0
7,0,1763108289.0,2,1,2,1,5,2,5,8,4,0,4.0
0,0,1743504864.0,1,0,1,1,2,2,9,10,1,0,237.0
0,0,1752335474.0,2,0,2,1,4,11,5,15,5,1,18.0
0,0,1740321453.0,1,0,1,0,2,0,9,14,6,1,95.0
0,0,1769826118.0,1,0,1,1,6,6,0,2,5,1,76.0
0,0,1770848260.0,3,0,3,5,4,3,5,22,2,0,127.0
0,0,1743991662.0,0,0,0,0,3,10,4,2,0,0,145.0
0,0,1755018762.0,1,0,1,5,4,2,5,17,1,0,239.0
0,0,1758598611.0,2,0,2,2,5,11,5,3,1,0,231.0
0,0,1764752939.0,1,0,1,1,3,0,4,9,2,0,44.0
0,0,1765503248.0,1,0,1,2,1,4,4,1,4,0,150.0
0,0,1763245280.0,1,0,1,1,5,4,5,22,5,1,172.0
0,0,1772301748.0,2,0,2,1,6,4,5,18,5,1,66.0
7,0,1758167247.0,0,1,0,3,5,2,5,3,3,0,184.0
0,0,1743337017.0,1,0,1,0,2,15,5,12,6,1,63.0
0,0,1740148833.0,1,0,1,4,4,2,4,14,4,0,39.0
0,0,1765892147.0,1,0,1,5,6,1,0,13,1,0,27.0
0,0,1757345190.0,3,0,3,3,5,0,0,15,0,0,209.0
0,0,1737559455.0,2,0,2,5,1,5,5,15,2,0,53.0
7,0,1749451392.0,1,1,1,5,3,6,4,6,0,0,62.0
0,0,1770947347.0,2,0,2,4,2,6,8,1,4,0,99.0
0,0,1739701261.0,3,0,3,2,1,3,5,10,6,1,90.0
0,0,1755130872.0,1,0,1,2,6,4,5,0,3,0,49.0
0,0,1744715321.0,0,0,0,5,1,1,5,11,1,0,203.0
0,0,1767700192.0,3,0,3,4,4,2,5,11,1,0,5.0
0,0,1764377103.0,2,0,2,3,3,0,8,0,5,1,131.0
0,0,1771692059.0,0,0,0,2,3,4,9,16,5,1,216.0
0,0,1760980997.0,1,0,1,2,2,4,0,17,0,0,43.0
0,0,1743466349.0,3,0,3,0,3,0,4,0,1,0,84.0
0,0,1748460204.0,0,0,0,5,2,5,0,19,2,0,98.0
0,0,1759810940.0,2,0,2,4,3,3,9,4,1,0,37.0
0,0,1767770805.0,3,0,3,4,5,2,8,7,2,0,105.0
0,0,1736904461.0,1,0,1,1,1,2,9,1,2,0,187.0
0,0,1745793163.0,0,0,0,1,6,6,0,22,6,1,106.0
0,0,1757523401.0,2,0,2,5,1,3,5,16,2,0,112.0
0,0,1756849959.0,3,0,3,2,2,2,5,21,1,0,92.0
0,0,1737998779.0,2,0,2,1,4,2,9,17,0,0,118.0
0,0,1744455250.0,2,0,2,5,1,0,0,10,5,1,125.0
0,0,1754555997.0,1,0,1,1,6,2,4,8,3,0,135.0
0,0,1743379076.0,3,0,3,0,1,3,9,23,6,1,7.0
0,0,1736977160.0,1,0,1,3,4,2,8,21,2,0,76.0
0,0,1748870180.0,2,0,2,1,2,1,8,13,0,0,218.0
0,0,1755590085.0,2,0,2,4,2,0,0,7,1,0,47.0
0,0,1760485129.0,1,0,1,4,5,0,9,23,1,0,10.0
0,0,1759569215.0,2,0,2,1,3,10,0,9,5,1,69.0
0,0,1737430486.0,2,0,2,1,1,2,5,3,1,0,111.0
7,0,1736764916.0,0,1,0,4,6,0,4,10,0,0,168.0
0,0,1750954876.0,0,0,0,4,3,1,4,16,3,0,211.0
0,0,1751283598.0,1,0,1,2,6,2,4,11,0,0,187.0
0,0,1762198611.0,3,0,3,5,4,10,8,19,0,0,173.0
0,0,1764028911.0,2,0,2,5,6,2,4,0,1,0,53.0
0,0,1749362377.0,1,0,1,1,1,2,9,5,6,1,162.0
0,0,1757328844.0,2,0,2,4,3,6,8,10,0,0,74.0
0,0,1747455583.0,3,0,3,0,6,6,0,4,5,1,155.0
0,0,1754875477.0,0,0,0,2,3,5,8,1,0,0,67.0
0,0,1755671775.0,0,0,0,2,5,2,0,6,2,0,38.0
0,0,1760120983.0,2,0,2,0,2,5,4,18,4,0,146.0
0,0,1761300456.0,2,0,2,1,5,11,8,10,4,0,4.0
0,0,1764352717.0,3,0,3,4,3,2,0,17,4,0,166.0
0,0,1765597234.0,3,0,3,2,6,0,4,3,5,1,164.0
7,0,1768648426.0,1,1,1,5,2,0,8,11,5,1,3.0
0,0,1753480169.0,0,0,0,3,4,10,9,21,4,0,201.0
0,0,1747947639.0,1,0,1,0,2,11,0,21,3,0,91.0
0,0,1759367288.0,2,0,2,5,6,10,0,1,3,0,195.0
0,0,1765610576.0,0,0,0,3,4,10,0,7,5,1,189.0
0,0,1760154369.0,2,0,2,5,5,2,9,3,5,1,47.0
0,0,1746901617.0,1,0,1,4,3,3,8,18,5,1,51.0
0,0,1760620945.0,1,0,1,2,5,10,9,13,3,0,118.0
0,0,1735725042.0,3,0,3,5,5,2,4,9,2,0,209.0
0,0,1764291340.0,2,0,2,2,3,2,8,0,4,0,140.0
0,0,1736425281.0,1,0,1,3,2,11,5,12,3,0,148.0
0,0,1759104734.0,1,0,1,5,5,4,5,0,0,0,201.0
0,0,1764676958.0,3,0,3,2,4,5,9,12,1,0,237.0
7,0,1737124099.0,0,1,0,0,3,10,9,14,4,0,187.0
0,0,1752991130.0,1,0,1,3,5,2,9,5,6,1,61.0
0,0,1754491631.0,0,0,0,5,5,0,4,14,2,0,60.0
0,0,1757033164.0,2,0,2,1,5,2,9,0,4,0,162.0
0,0,1738003324.0,3,0,3,3,1,10,4,18,0,0,91.0
0,0,1768567997.0,1,0,1,2,4,4,9,12,4,0,99.0
0,0,1757114601.0,0,0,0,1,4,2,8,23,4,0,177.0
7,0,1764810972.0,3,1,3,1,6,3,8,1,3,0,169.0
0,0,1759465799.0,3,0,3,4,5,0,9,4,4,0,188.0
0,0,1762425989.0,0,0,0,3,1,2,5,10,3,0,209.0
0,0,1764055331.0,0,0,0,0,2,4,0,7,1,0,232.0
0,0,1772056721.0,0,0,0,2,2,2,9,21,2,0,209.0
0,0,1763454675.0,0,0,0,4,6,2,5,8,1,0,137.0
0,0,1745345757.0,1,0,1,4,6,3,8,18,1,0,75.0
0,0,1757250226.0,3,0,3,1,4,15,4,13,6,1,31.0
0,0,1745290421.0,3,0,3,1,2,2,5,2,1,0,149.0
0,0,1767635395.0,3,0,3,4,4,5,0,17,0,0,144.0
0,0,1770423402.0,2,0,2,4,4,10,4,0,5,1,187.0
7,0,1754866234.0,3,1,3,5,1,2,8,22,6,1,158.0
7,0,1762415934.0,2,1,2,3,1,11,4,7,3,0,117.0
0,0,1753960274.0,1,0,1,0,3,3,0,11,3,0,135.0
0,0,1767142939.0,2,0,2,3,2,2,4,1,2,0,167.0
0,0,1768653155.0,3,0,3,1,4,2,4,12,5,1,62.0
0,0,1762973236.0,3,0,3,3,4,2,0,18,2,0,67.0
0,0,1739287164.0,1,0,1,2,6,0,9,15,1,0,25.0
0,0,1753301736.0,2,0,2,5,4,1,5,20,2,0,103.0
0,0,1755714879.0,2,0,2,5,4,10,4,18,2,0,49.0
0,0,1755608181.0,0,0,0,0,3,1,0,12,1,0,140.0
0,0,1748247400.0,2,0,2,2,2,3,5,8,0,0,160.0
0,0,1760273232.0,0,0,0,1,2,0,5,12,6,1,232.0
7,0,1746063375.0,1,1,1,1,6,5,4,1,3,0,101.0
0,0,1744550082.0,0,0,0,3,6,1,8,13,6,1,85.0
7,0,1770347528.0,3,1,3,5,5,0,9,3,4,0,61.0
0,0,1770705697.0,1,0,1,5,1,2,0,6,1,0,175.0
0,0,1769479470.0,0,0,0,4,6,3,8,2,1,0,47.0
0,0,1751929436.0,2,0,2,2,4,3,4,23,0,0,69.0
0,0,1743346140.0,0,0,0,0,6,2,4,14,6,1,31.0
0,0,1770278915.0,1,0,1,3,2,2,4,8,3,0,3.0
0,0,1770907225.0,2,0,2,1,5,10,9,14,3,0,7.0
0,0,1739982669.0,0,0,0,3,3,11,8,16,2,0,160.0
0,0,1756349841.0,2,0,2,1,1,2,8,2,3,0,14.0
7,0,1736114839.0,0,1,0,1,2,3,5,22,6,1,159.0
0,0,1760650305.0,0,0,0,5,3,3,0,21,3,0,151.0
0,0,1750817671.0,0,0,0,2,6,10,8,2,2,0,220.0
0,0,1772593863.0,1,0,1,3,1,1,5,3,2,0,117.0
0,0,1765682685.0,2,0,2,0,1,2,9,3,6,1,184.0
0,0,1750505158.0,1,0,1,4,4,4,9,11,5,1,31.0
0,0,1770822849.0,2,0,2,5,5,2,0,15,2,0,181.0
0,0,1767732461.0,0,0,0,2,4,3,8,20,1,0,85.0
0,0,1751413014.0,2,0,2,5,3,1,0,23,1,0,192.0
0,0,1770666254.0,0,0,0,5,2,2,4,19,0,0,13.0
0,0,1763346290.0,3,0,3,5,3,3,9,2,0,0,7.0
0,0,1772571576.0,2,0,2,1,3,1,5,20,1,0,24.0
0,0,1761039590.0,2,0,2,3,5,0,0,9,1,0,55.0
0,0,1747811866.0,1,0,1,2,4,10,0,7,2,0,8.0
0,0,1744644568.0,0,0,0,2,1,5,5,15,0,0,235.0
0,0,1759909857.0,2,0,2,3,6,5,0,7,2,0,32.0
0,0,1746442042.0,0,0,0,2,6,1,5,10,0,0,110.0
0,0,1743629126.0,2,0,2,4,3,0,4,21,2,0,49.0
0,0,1771601562.0,2,0,2,0,1,2,4,15,4,0,58.0
0,0,1759149485.0,1,0,1,1,6,4,8,12,0,0,209.0
0,0,1735983095.0,1,0,1,0,2,4,8,9,5,1,203.0
0,0,1739154875.0,1,0,1,4,1,1,5,2,0,0,2.0
0,0,1749656255.0,0,0,0,4,4,0,4,15,2,0,10.0
0,0,1750021020.0,1,0,1,2,2,2,0,20,6,1,141.0
0,0,1771536871.0,2,0,2,3,5,10,4,21,3,0,235.0
0,0,1736043672.0,1,0,1,0,4,2,5,2,6,1,177.0
0,0,1750225701.0,3,0,3,4,1,0,9,5,2,0,118.0
0,0,1760351555.0,0,0,0,5,3,2,9,10,0,0,86.0
0,0,1737900266.0,2,0,2,2,3,6,4,14,6,1,12.0
0,0,1751067429.0,1,0,1,0,2,15,0,23,4,0,99.0
0,0,1759270271.0,1,0,1,0,4,0,9,22,1,0,129.0
0,0,1740620374.0,1,0,1,2,6,3,5,1,3,0,175.0
0,0,1758740284.0,0,0,0,0,6,10,5,18,2,0,113.0
0,0,1767878351.0,0,0,0,1,3,4,4,13,3,0,211.0
0,0,1742459003.0,0,0,0,3,1,4,0,8,3,0,34.0
0,0,1762747387.0,3,0,3,2,1,6,9,4,0,0,210.0
0,0,1736689467.0,1,0,1,5,4,1,5,13,6,1,192.0
0,0,1766668688.0,3,0,3,0,6,2,4,13,3,0,57.0
0,0,1746200391.0,0,0,0,1,4,2,8,15,4,0,97.0
0,0,1752870204.0,2,0,2,2,1,2,9,20,4,0,189.0
0,0,1757817680.0,3,0,3,4,6,0,8,2,6,1,57.0
0,0,1739730480.0,0,0,0,4,2,2,5,18,6,1,231.0
0,0,1757162873.0,1,0,1,5,2,6,4,12,5,1,18.0
0,0,1761140673.0,3,0,3,4,5,10,8,13,2,0,54.0
0,0,1750641657.0,3,0,3,2,3,1,5,1,0,0,175.0
0,0,1754187254.0,0,0,0,4,1,10,4,2,6,1,189.0
0,0,1761351985.0,0,0,0,4,1,3,0,0,5,1,54.0
0,0,1751032157.0,2,0,2,0,6,2,0,13,4,0,138.0
0,0,1750671930.0,0,0,0,1,2,0,4,9,0,0,120.0
0,0,1741453693.0,0,0,0,5,3,0,9,17,5,1,36.0
0,0,1740900691.0,2,0,2,0,3,2,4,7,6,1,92.0
0,0,1746754108.0,0,0,0,5,2,2,9,1,4,0,154.0
7,0,1742112945.0,0,1,0,1,2,1,5,8,6,1,92.0
0,0,1741039979.0,3,0,3,4,1,2,4,22,0,0,190.0
0,0,1751080773.0,3,0,3,4,6,2,9,3,5,1,56.0
7,0,1770621153.0,3,1,3,2,1,10,4,7,0,0,240.0
0,0,1747903099.0,3,0,3,0,5,11,8,8,3,0,196.0
0,0,1742464809.0,2,0,2,4,2,1,5,10,3,0,203.0
0,0,1742022215.0,3,0,3,0,4,2,0,7,5,1,210.0
0,0,1744640420.0,2,0,2,0,6,2,5,14,0,0,53.0
0,0,1764582011.0,0,0,0,5,4,2,4,9,0,0,127.0
0,0,1765541147.0,0,0,0,4,1,0,4,12,4,0,105.0
0,0,1760643673.0,0,0,0,5,4,10,9,19,3,0,161.0
0,0,1742778443.0,3,0,3,4,1,6,0,1,0,0,26.0
0,0,1748463044.0,2,0,2,1,5,3,4,20,2,0,210.0
0,0,1747326959.0,0,0,0,4,5,3,8,16,3,0,93.0
0,0,1742232436.0,1,0,1,3,5,6,9,17,0,0,179.0
0,0,1753862995.0,1,0,1,2,3,6,9,8,2,0,194.0
0,0,1768858880.0,0,0,0,1,6,10,0,21,0,0,238.0
0,0,1766744950.0,0,0,0,3,5,0,4,10,4,0,227.0
0,0,1759582677.0,3,0,3,4,3,10,9,12,5,1,9.0
0,0,1753095053.0,2,0,2,0,1,6,5,10,0,0,65.0
7,0,1760504280.0,1,1,1,0,4,3,8,4,2,0,162.0
0,0,1763435331.0,0,0,0,1,3,1,5,3,1,0,74.0
0,0,1750869956.0,3,0,3,1,1,15,9,16,2,0,142.0
0,0,1764812422.0,1,0,1,4,2,3,0,1,3,0,11.0
0,0,1739964907.0,0,0,0,5,5,10,5,11,2,0,6.0
0,0,1745654400.0,0,0,0,5,2,10,0,8,5,1,21.0
0,0,1764727192.0,3,0,3,4,2,1,0,1,2,0,29.0
0,0,1736173513.0,2,0,2,5,1,11,4,14,0,0,43.0
0,0,1751134726.0,1,0,1,3,6,1,8,18,5,1,30.0
7,0,1747496242.0,2,1,2,4,3,5,5,15,5,1,155.0
0,0,1750064933.0,3,0,3,4,3,3,9,9,0,0,99.0
0,0,1763267288.0,1,0,1,1,2,3,5,4,6,1,186.0
0,0,1742277584.0,0,0,0,0,3,0,4,5,1,0,194.0
0,0,1736410551.0,0,0,0,2,2,2,4,8,3,0,85.0
0,0,1755767636.0,3,0,3,4,5,3,4,9,3,0,10.0
0,0,1749290145.0,1,0,1,0,2,6,9,9,5,1,13.0
0,0,1742676693.0,0,0,0,2,4,2,0,20,5,1,138.0
0,0,1756361513.0,1,0,1,3,3,3,9,6,3,0,197.0
0,0,1751338831.0,2,0,2,3,4,3,4,3,1,0,109.0
0,0,1738885467.0,0,0,0,4,4,11,8,23,3,0,224.0
0,0,1736125770.0,1,0,1,1,6,11,4,1,0,0,22.0
0,0,1756301529.0,0,0,0,4,5,2,5,13,2,0,76.0
0,0,1741388444.0,3,0,3,1,1,6,8,23,4,0,190.0
0,0,1735847267.0,3,0,3,2,4,6,9,19,3,0,63.0
0,0,1763995263.0,0,0,0,3,1,0,5,14,0,0,150.0
0,0,1745265452.0,2,0,2,4,3,1,5,19,0,0,4.0
0,0,1736638165.0,1,0,1,4,4,3,0,23,5,1,144.0
0,0,1758723916.0,1,0,1,0,4,5,4,14,2,0,164.0
0,0,1739841571.0,1,0,1,3,3,0,9,1,1,0,69.0
0,0,1759821354.0,3,0,3,0,3,2,0,7,1,0,124.0
0,0,1755399808.0,1,0,1,1,1,1,5,3,6,1,184.0
0,0,1746858330.0,0,0,0,0,1,1,5,6,5,1,136.0
0,0,1771781433.0,1,0,1,4,1,2,0,17,6,1,83.0
0,0,1767496289.0,0,0,0,0,6,0,5,3,6,1,25.0
0,0,1764695826.0,3,0,3,2,4,6,8,17,1,0,122.0
0,0,1770884269.0,1,0,1,2,2,3,4,8,3,0,167.0
7,0,1767628307.0,1,1,1,3,3,10,8,15,0,0,37.0
0,0,1736570409.0,1,0,1,4,5,3,8,4,5,1,30.0
0,0,1755427801.0,2,0,2,4,1,10,5,10,6,1,19.0
0,0,1766949123.0,0,0,0,3,6,1,4,19,6,1,140.0
0,0,1744453307.0,1,0,1,1,4,1,0,10,5,1,115.0
0,0,1737377266.0,2,0,2,1,4,6,8,12,0,0,208.0
0,0,1740021168.0,1,0,1,1,3,10,9,3,3,0,119.0
0,0,1746110480.0,2,0,2,2,2,5,4,14,3,0,119.0
0,0,1768102856.0,0,0,0,1,6,3,4,3,6,1,145.0
0,0,1748679413.0,1,0,1,3,6,2,8,8,5,1,54.0
0,0,1755425922.0,2,0,2,5,5,1,5,10,6,1,35.0
0,0,1763164282.0,1,0,1,3,4,2,5,23,4,0,188.0
0,0,1766408031.0,2,0,2,2,6,4,5,12,0,0,144.0
0,0,1755340703.0,0,0,0,4,3,4,9,10,5,1,11.0
0,0,1745676301.0,2,0,2,5,5,1,9,14,5,1,129.0
0,0,1751048916.0,3,0,3,3,1,2,8,18,4,0,144.0
0,0,1737828317.0,0,0,0,3,4,2,4,18,5,1,125.0
0,0,1743835066.0,1,0,1,1,1,2,8,6,5,1,46.0
0,0,1763602329.0,0,0,0,5,4,1,0,1,3,0,144.0
7,0,1753894408.0,0,1,0,0,3,11,8,16,2,0,176.0
0,0,1752997850.0,0,0,0,0,4,15,8,7,6,1,16.0
0,0,1737739524.0,1,0,1,3,1,2,9,17,4,0,104.0
0,0,1745947442.0,2,0,2,3,3,2,9,17,1,0,152.0
0,0,1737365663.0,0,0,0,3,6,2,9,9,0,0,106.0
7,0,1744834084.0,0,1,0,1,6,10,5,20,2,0,149.0
0,0,1756043971.0,0,0,0,2,6,2,5,13,6,1,209.0
0,0,1761210083.0,0,0,0,4,1,0,5,9,3,0,46.0
0,0,1736639251.0,0,0,0,2,3,6,4,23,5,1,129.0
0,0,1741556060.0,2,0,2,3,4,2,8,21,6,1,214.0
0,0,1739580270.0,3,0,3,4,1,5,9,0,5,1,18.0
0,0,1747007212.0,0,0,0,4,1,4,5,23,6,1,54.0
0,0,1755146760.0,3,0,3,2,1,0,4,4,3,0,238.0
0,0,1752499413.0,3,0,3,3,5,3,8,13,0,0,172.0
0,0,1768366932.0,0,0,0,2,3,2,9,5,2,0,202.0
0,0,1756073167.0,3,0,3,5,5,5,9,22,6,1,177.0
7,0,1744793668.0,0,1,0,5,4,2,4,8,2,0,146.0
0,0,1739312571.0,2,0,2,1,3,2,4,22,1,0,44.0
0,0,1744476462.0,0,0,0,1,2,10,5,16,5,1,162.0
0,0,1740943663.0,2,0,2,1,3,2,9,19,6,1,100.0
0,0,1743855572.0,3,0,3,1,1,7,9,12,5,1,125.0
0,0,1761448402.0,1,0,1,3,3,10,5,3,6,1,150.0
0,0,1736537398.0,3,0,3,5,6,11,8,19,4,0,239.0
0,0,1740973573.0,3,0,3,1,5,2,9,3,0,0,31.0
0,0,1736454421.0,2,0,2,4,5,5,0,20,3,0,84.0
0,0,1756853517.0,1,0,1,4,1,1,4,22,1,0,6.0
0,0,1763579453.0,2,0,2,2,4,2,9,19,2,0,131.0
7,0,1749686510.0,1,1,1,1,6,6,9,0,3,0,17.0
0,0,1739712750.0,1,0,1,3,1,3,4,13,6,1,36.0
0,0,1754997370.0,0,0,0,0,5,5,0,11,1,0,70.0
0,0,1749283559.0,3,0,3,4,6,2,5,8,5,1,229.0
0,0,1751137820.0,1,0,1,2,2,11,4,19,5,1,102.0
0,0,1769256806.0,3,0,3,5,3,3,0,12,5,1,90.0
0,0,1746302024.0,1,0,1,3,5,7,0,19,5,1,102.0
0,0,1745312869.0,2,0,2,1,6,3,8,9,1,0,153.0
0,0,1739201958.0,0,0,0,2,1,1,5,15,0,0,211.0
7,0,1743941475.0,3,1,3,3,6,2,8,12,6,1,194.0
0,0,1744184210.0,2,0,2,5,4,2,0,7,2,0,42.0
0,0,1769503446.0,3,0,3,1,3,0,5,8,1,0,57.0
7,0,1752477847.0,1,1,1,2,1,5,8,7,0,0,236.0
0,0,1760484339.0,0,0,0,1,5,6,0,23,1,0,39.0
0,0,1750697571.0,0,0,0,1,6,6,8,16,0,0,148.0
0,0,1738761422.0,2,0,2,4,3,2,5,13,2,0,36.0
0,0,1737318240.0,3,0,3,3,1,2,0,20,6,1,33.0
0,0,1769483012.0,3,0,3,0,5,2,0,3,1,0,101.0
0,0,1756540584.0,2,0,2,3,2,1,9,7,5,1,67.0
0,0,1754427800.0,0,0,0,1,5,10,8,21,1,0,49.0
0,0,1769987452.0,0,0,0,4,6,0,4,23,6,1,197.0
0,0,1749642855.0,0,0,0,2,2,7,8,11,2,0,224.0
0,0,1754274456.0,1,0,1,4,5,2,4,2,0,0,106.0
0,0,1751199776.0,2,0,2,1,3,1,4,12,6,1,234.0
0,0,1746610901.0,0,0,0,2,3,3,4,9,2,0,167.0
7,0,1752391871.0,0,1,0,4,4,10,8,7,6,1,195.0
0,0,1749798226.0,0,0,0,3,1,11,0,7,4,0,157.0
0,0,1762431545.0,0,0,0,5,1,4,9,12,3,0,117.0
0,0,1760673298.0,0,0,0,2,5,2,5,3,4,0,192.0
0,0,1751304701.0,0,0,0,3,1,15,4,17,0,0,200.0
0,0,1764083415.0,0,0,0,3,1,5,8,15,1,0,122.0
7,0,1743587639.0,2,1,2,3,2,6,8,9,2,0,142.0
7,0,1742981559.0,2,1,2,5,1,10,4,9,2,0,63.0
0,0,1743617274.0,0,0,0,4,5,2,8,18,2,0,104.0
0,0,1769002456.0,0,0,0,4,1,3,5,13,2,0,204.0
0,0,1759066050.0,1,0,1,1,6,2,0,13,6,1,67.0
0,0,1738974911.0,2,0,2,4,6,2,4,0,5,1,101.0
0,0,1759074646.0,3,0,3,3,2,2,0,15,6,1,187.0
0,0,1739861863.0,3,0,3,5,5,0,0,6,1,0,112.0
0,0,1745172064.0,3,0,3,1,3,3,5,18,6,1,129.0
0,0,1759216024.0,3,0,3,0,2,2,4,7,1,0,50.0
0,0,1748103871.0,2,0,2,3,2,2,9,16,5,1,133.0
0,0,1769491206.0,3,0,3,4,5,2,4,5,1,0,18.0
0,0,1751226853.0,0,0,0,3,6,4,5,19,6,1,138.0
0,0,1743765738.0,0,0,0,4,1,10,4,11,4,0,185.0
0,0,1764202596.0,3,0,3,3,4,1,5,0,3,0,73.0
0,0,1744815556.0,0,0,0,2,2,2,4,14,2,0,191.0
0,0,1738144914.0,0,0,0,1,5,2,5,10,2,0,209.0
0,0,1763477461.0,0,0,0,4,3,1,5,14,1,0,204.0
0,0,1758926312.0,2,0,2,3,1,6,0,22,4,0,180.0
0,0,1751837697.0,2,0,2,3,6,11,4,21,6,1,41.0
0,0,1762350846.0,3,0,3,5,4,1,4,13,2,0,135.0
0,0,1736810864.0,3,0,3,0,6,6,4,23,0,0,214.0
0,0,1739016555.0,0,0,0,0,5,11,8,12,5,1,195.0
0,0,1747369670.0,1,0,1,2,3,3,4,4,4,0,181.0
0,0,1749523754.0,2,0,2,2,2,3,8,2,1,0,160.0
0,0,1769944225.0,3,0,3,1,2,1,8,11,6,1,119.0
0,0,1736942923.0,1,0,1,3,5,2,9,12,2,0,137.0
0,0,1768694698.0,2,0,2,2,5,2,0,0,6,1,40.0
7,0,1772374156.0,2,1,2,1,4,11,9,14,6,1,200.0
7,0,1738963403.0,3,1,3,3,2,0,0,21,4,0,235.0
0,0,1770263090.0,2,0,2,1,5,2,8,3,3,0,42.0
0,0,1768166622.0,0,0,0,4,1,2,8,21,6,1,10.0
0,0,1747417548.0,3,0,3,0,1,1,0,17,4,0,50.0
0,0,1761670861.0,0,0,0,4,2,1,8,17,1,0,154.0
0,0,1740362118.0,1,0,1,5,5,6,9,1,0,0,33.0
0,0,1769216133.0,3,0,3,4,3,2,9,0,5,1,174.0
0,0,1746227579.0,0,0,0,4,6,2,4,23,4,0,134.0
0,0,1770875699.0,2,0,2,1,2,10,0,5,3,0,19.0
0,0,1744773892.0,0,0,0,0,5,3,9,3,2,0,160.0
0,0,1756713799.0,2,0,2,3,6,2,5,8,0,0,200.0
0,0,1765737872.0,3,0,3,3,3,1,8,18,6,1,186.0
7,0,1735825818.0,0,1,0,5,1,2,4,13,3,0,219.0
7,0,1768293674.0,0,1,0,4,5,2,4,8,1,0,186.0
0,0,1764397765.0,1,0,1,2,1,2,8,6,5,1,29.0
0,0,1744819919.0,2,0,2,3,6,2,0,16,2,0,139.0
0,0,1741591289.0,0,0,0,2,3,4,8,7,0,0,185.0
0,0,1741725767.0,0,0,0,4,4,2,4,20,1,0,198.0
0,0,1771797749.0,2,0,2,4,5,2,9,22,6,1,37.0
0,0,1750701158.0,3,0,3,5,6,11,9,17,0,0,7.0
0,0,1748945569.0,1,0,1,2,3,3,0,10,1,0,81.0
0,0,1763118666.0,0,0,0,5,2,1,9,11,4,0,213.0
0,0,1739869436.0,2,0,2,2,3,3,8,9,1,0,188.0
0,0,1750857858.0,0,0,0,2,3,3,9,13,2,0,165.0
0,0,1747435669.0,0,0,0,0,4,3,0,22,4,0,95.0
0,0,1751791795.0,1,0,1,3,2,0,4,8,6,1,13.0
0,0,1760255522.0,0,0,0,3,2,2,5,7,6,1,101.0
0,0,1772671585.0,3,0,3,3,2,3,9,0,3,0,29.0
0,0,1764203708.0,0,0,0,3,1,5,9,0,3,0,123.0
0,0,1752237503.0,0,0,0,3,1,1,9,12,4,0,23.0
0,0,1755321737.0,2,0,2,0,3,1,9,5,5,1,19.0
7,0,1738530472.0,0,1,0,0,5,6,5,21,6,1,7.0
0,0,1755840875.0,3,0,3,1,5,5,4,5,4,0,80.0
0,0,1758223923.0,2,0,2,0,1,3,9,19,3,0,215.0
0,0,1761314164.0,2,0,2,5,2,11,9,13,4,0,5.0
0,0,1737461345.0,3,0,3,0,3,1,4,12,1,0,186.0
0,0,1744766932.0,2,0,2,0,2,6,5,1,2,0,148.0
0,0,1767126139.0,3,0,3,5,3,2,9,20,1,0,63.0
0,0,1771366638.0,2,0,2,4,2,3,5,22,1,0,229.0
0,0,1771746555.0,0,0,0,5,5,2,9,7,6,1,233.0
7,0,1763757522.0,3,1,3,5,1,2,4,20,4,0,107.0
0,0,1755580577.0,3,0,3,5,6,0,8,5,1,0,178.0
0,0,1770950482.0,2,0,2,2,6,2,8,2,4,0,171.0
0,0,1770831658.0,2,0,2,1,1,10,9,17,2,0,64.0
0,0,1745904137.0,1,0,1,1,2,5,5,5,1,0,136.0
0,0,1751917678.0,3,0,3,3,4,10,8,19,0,0,193.0
0,0,1770250738.0,1,0,1,2,6,3,5,0,3,0,153.0
0,0,1748312884.0,0,0,0,1,6,2,8,2,1,0,206.0
0,0,1740586924.0,3,0,3,0,1,3,5,16,2,0,136.0
0,0,1754911817.0,0,0,0,0,5,0,8,11,0,0,78.0
0,0,1761660404.0,2,0,2,5,5,3,5,14,1,0,223.0
0,0,1742372355.0,3,0,3,4,4,2,9,8,2,0,100.0
0,0,1763931414.0,3,0,3,0,3,3,8,20,6,1,102.0
0,0,1746683180.0,2,0,2,5,5,3,4,5,3,0,138.0
0,0,1753967206.0,2,0,2,5,5,3,8,13,3,0,198.0
0,0,1754689438.0,1,0,1,2,1,6,4,21,4,0,198.0
0,0,1756707763.0,2,0,2,5,6,3,4,6,0,0,32.0
0,0,1766918639.0,0,0,0,5,3,3,8,10,6,1,102.0
0,0,1762689938.0,0,0,0,3,6,3,0,12,6,1,207.0
7,0,1767994303.0,1,1,1,2,3,6,5,21,4,0,14.0
0,0,1752721218.0,2,0,2,2,6,0,0,3,3,0,102.0
0,0,1736029216.0,0,0,0,0,1,3,4,22,5,1,31.0
0,0,1758401220.0,3,0,3,2,2,1,0,20,5,1,172.0
0,0,1755143212.0,3,0,3,4,4,3,0,3,3,0,219.0
0,0,1761273195.0,2,0,2,0,6,6,0,2,4,0,124.0
0,0,1751860671.0,1,0,1,4,5,2,5,3,0,0,100.0
0,0,1762072529.0,3,0,3,3,1,10,0,8,6,1,141.0
0,0,1737223571.0,1,0,1,2,1,3,0,18,5,1,196.0
0,0,1772133152.0,2,0,2,4,2,3,0,19,3,0,162.0
0,0,1737380621.0,1,0,1,1,4,2,9,13,0,0,187.0
0,0,1752948884.0,2,0,2,4,2,10,5,18,5,1,164.0
0,0,1766579941.0,3,0,3,1,6,3,0,12,2,0,240.0
0,0,1749591531.0,0,0,0,5,2,1,0,21,1,0,173.0
0,0,1770360969.0,2,0,2,1,3,2,9,6,4,0,141.0
0,0,1765753299.0,3,0,3,1,1,2,9,23,6,1,18.0
0,0,1756199588.0,2,0,2,5,3,10,9,9,1,0,6.0
0,0,1746285939.0,3,0,3,5,6,2,4,15,5,1,37.0
0,0,1744709033.0,1,0,1,5,2,6,8,9,1,0,94.0
0,0,1756514168.0,2,0,2,5,5,2,5,0,5,1,17.0
0,0,1766543296.0,1,0,1,1,3,2,4,2,2,0,180.0
0,0,1753151048.0,3,0,3,2,5,2,5,2,1,0,239.0
0,0,1746525688.0,2,0,2,3,3,5,4,10,1,0,8.0
0,0,1771763995.0,0,0,0,3,6,1,0,12,6,1,239.0
0,0,1747555388.0,0,0,0,0,1,1,5,8,6,1,171.0
0,0,1752518377.0,3,0,3,2,5,0,4,18,0,0,7.0
0,0,1739998587.0,0,0,0,2,4,15,0,20,2,0,12.0
0,0,1743521985.0,1,0,1,5,3,3,8,15,1,0,54.0
0,0,1745645972.0,3,0,3,3,6,2,0,5,5,1,145.0
0,0,1772637378.0,3,0,3,1,3,2,9,15,2,0,226.0
0,0,1756287712.0,3,0,3,4,6,4,4,9,2,0,57.0
0,0,1751488022.0,3,0,3,5,6,1,4,20,2,0,150.0
0,0,1759117587.0,3,0,3,5,5,5,8,3,0,0,151.0
0,0,1758030205.0,3,0,3,0,4,3,4,13,1,0,118.0
0,0,1751688825.0,1,0,1,4,4,0,9,4,5,1,134.0
0,0,1758422819.0,3,0,3,5,4,4,8,2,6,1,133.0
0,0,1767160256.0,2,0,2,3,1,15,0,5,2,0,150.0
0,0,1752284211.0,2,0,2,1,4,3,8,1,5,1,210.0
0,0,1743533090.0,2,0,2,5,3,1,8,18,1,0,139.0
0,0,1738813160.0,3,0,3,0,5,3,4,3,3,0,222.0
0,0,1753109372.0,1,0,1,1,3,3,8,14,0,0,167.0
0,0,1764646477.0,1,0,1,0,5,3,5,3,1,0,78.0
0,0,1742715635.0,3,0,3,2,3,0,8,7,6,1,151.0
0,0,1741398838.0,0,0,0,5,4,1,8,1,5,1,89.0
0,0,1742980989.0,2,0,2,3,6,2,5,9,2,0,69.0
0,0,1765592687.0,3,0,3,2,5,4,8,2,5,1,226.0
0,0,1770567499.0,0,0,0,0,3,2,8,16,6,1,94.0
0,0,1751983709.0,0,0,0,2,2,2,4,14,1,0,182.0
0,0,1771159604.0,1,0,1,5,5,2,4,12,6,1,187.0
0,0,1737563163.0,1,0,1,2,2,3,5,16,2,0,2.0
0,0,1763715948.0,3,0,3,1,5,15,5,9,4,0,149.0
0,0,1758726508.0,1,0,1,5,1,3,4,15,2,0,223.0
0,0,1767627617.0,0,0,0,1,1,3,9,15,0,0,63.0
0,0,1758565039.0,2,0,2,5,1,1,5,18,0,0,69.0
0,0,1755569258.0,0,0,0,0,6,11,9,2,1,0,108.0
0,0,1755461689.0,1,0,1,0,4,2,9,20,6,1,47.0
0,0,1755064713.0,2,0,2,1,3,3,0,5,2,0,35.0
0,0,1771077466.0,1,0,1,1,2,0,4,13,5,1,20.0
0,0,1754886908.0,2,0,2,2,2,2,8,4,0,0,165.0
0,0,1771809234.0,1,0,1,0,6,4,8,1,0,0,58.0
0,0,1742072591.0,0,0,0,5,3,2,0,21,5,1,2.0
0,0,1741448096.0,1,0,1,0,6,10,9,15,5,1,58.0
0,0,1771780599.0,1,0,1,0,5,0,0,17,6,1,58.0
0,0,1758179509.0,0,0,0,3,6,2,4,7,3,0,130.0
0,0,1746371224.0,0,0,0,5,4,15,5,15,6,1,140.0
0,0,1753536032.0,2,0,2,3,4,15,4,13,5,1,56.0
0,0,1736593713.0,1,0,1,3,6,3,9,11,5,1,150.0
0,0,1741445029.0,3,0,3,1,2,15,5,14,5,1,135.0
0,0,1754378050.0,0,0,0,1,4,3,8,7,1,0,157.0
0,0,1751973284.0,3,0,3,5,2,2,8,11,1,0,195.0
0,0,1735735303.0,0,0,0,3,4,5,5,12,2,0,106.0
0,0,1753276046.0,0,0,0,4,5,6,8,13,2,0,29.0
0,0,1767173982.0,3,0,3,4,1,15,5,9,2,0,217.0
0,0,1770018024.0,0,0,0,3,4,1,5,7,0,0,51.0
0,0,1750494936.0,1,0,1,1,4,2,5,8,5,1,97.0
0,0,1765675018.0,1,0,1,4,2,15,4,1,6,1,62.0
0,0,1770630000.0,2,0,2,2,5,2,9,9,0,0,113.0
0,0,1736870924.0,3,0,3,4,2,1,9,16,1,0,33.0
0,0,1765741991.0,2,0,2,5,1,1,5,19,6,1,147.0
0,0,1766415899.0,3,0,3,1,4,1,4,15,0,0,178.0
0,0,1751860894.0,3,0,3,0,1,4,8,4,0,0,113.0
0,0,1759996910.0,1,0,1,0,3,4,9,8,3,0,45.0
0,0,1739904675.0,3,0,3,4,6,0,8,18,1,0,180.0
0,0,1768295657.0,1,0,1,4,2,10,0,9,1,0,126.0
0,0,1769057045.0,2,0,2,5,4,2,9,4,3,0,153.0
0,0,1759904301.0,0,0,0,1,3,3,5,6,2,0,76.0
0,0,1743141754.0,3,0,3,0,2,0,4,6,4,0,147.0
0,0,1764870310.0,0,0,0,0,1,2,8,17,3,0,71.0
0,0,1737695866.0,0,0,0,3,1,11,4,5,4,0,2.0
0,0,1747806622.0,1,0,1,5,2,2,4,5,2,0,219.0
0,0,1761923188.0,3,0,3,5,2,0,5,15,4,0,192.0
0,0,1745319917.0,1,0,1,5,4,2,9,11,1,0,92.0
0,0,1757220497.0,3,0,3,2,4,2,5,4,6,1,81.0
0,0,1742610052.0,1,0,1,2,4,2,0,2,5,1,126.0
0,0,1758921976.0,2,0,2,3,6,0,9,21,4,0,97.0
0,0,1748954880.0,3,0,3,3,4,4,5,12,1,0,113.0
0,0,1759582118.0,0,0,0,0,5,2,8,12,5,1,232.0
0,0,1767266894.0,1,0,1,0,2,4,8,11,3,0,69.0
0,0,1747348508.0,3,0,3,2,6,1,4,22,3,0,151.0
0,0,1769025124.0,3,0,3,5,2,10,0,19,2,0,87.0
0,0,1764273243.0,0,0,0,3,2,3,0,19,3,0,66.0
0,0,1748832730.0,3,0,3,2,2,6,4,2,0,0,55.0
0,0,1756910073.0,0,0,0,0,3,2,9,14,2,0,129.0
0,0,1756779084.0,1,0,1,4,1,3,8,2,1,0,189.0
0,0,1750256707.0,2,0,2,5,1,5,5,14,2,0,234.0
0,0,1741617041.0,3,0,3,1,3,0,0,14,0,0,86.0
0,0,1752459647.0,1,0,1,3,2,2,9,2,0,0,107.0
0,0,1757765666.0,1,0,1,1,5,10,4,12,5,1,188.0
0,0,1747491190.0,3,0,3,5,5,2,8,14,5,1,79.0
0,0,1748436175.0,2,0,2,3,2,6,0,12,2,0,231.0
0,0,1738618595.0,2,0,2,0,5,2,0,21,0,0,42.0
0,0,1767772169.0,0,0,0,2,4,1,0,7,2,0,104.0
0,0,1766431329.0,3,0,3,1,2,2,8,19,0,0,19.0
0,0,1750452528.0,1,0,1,4,4,0,9,20,4,0,19.0
7,0,1766788787.0,0,1,0,4,6,4,9,22,4,0,79.0
0,0,1764343764.0,1,0,1,5,4,2,9,15,4,0,206.0
0,0,1770778061.0,0,0,0,2,6,3,5,2,2,0,232.0
0,0,1752400411.0,0,0,0,5,6,2,9,9,6,1,156.0
0,0,1768687221.0,1,0,1,4,2,2,9,22,5,1,143.0
0,0,1758641353.0,1,0,1,3,6,2,5,15,1,0,152.0
0,0,1759089055.0,2,0,2,5,3,6,5,19,6,1,123.0
0,0,1764526208.0,0,0,0,5,5,5,9,18,6,1,119.0
0,0,1738312244.0,2,0,2,0,6,11,0,8,4,0,31.0
0,0,1747774730.0,2,0,2,3,4,3,4,20,1,0,236.0
0,0,1736269976.0,1,0,1,3,6,2,9,17,1,0,134.0
0,0,1750971473.0,3,0,3,0,5,11,4,20,3,0,129.0
0,0,1746040574.0,1,0,1,2,1,2,9,19,2,0,95.0
0,0,1770864064.0,3,0,3,3,5,2,0,2,3,0,76.0
0,0,1754798891.0,2,0,2,2,5,1,5,4,6,1,36.0
0,0,1751524263.0,2,0,2,1,3,7,4,6,3,0,63.0
0,0,1763378283.0,3,0,3,2,1,2,8,11,0,0,85.0
0,0,1769985841.0,3,0,3,0,2,15,5,22,6,1,216.0
0,0,1750844052.0,1,0,1,5,3,2,9,9,2,0,19.0
0,0,1750952679.0,3,0,3,2,5,3,4,15,3,0,224.0
0,0,1772787309.0,0,0,0,0,6,10,5,8,4,0,38.0
0,0,1768775819.0,1,0,1,0,2,0,4,22,6,1,151.0
0,0,1736290332.0,1,0,1,1,3,3,5,22,1,0,14.0
0,0,1759921699.0,3,0,3,4,4,2,0,11,2,0,182.0
0,0,1754177248.0,3,0,3,1,2,2,4,23,5,1,73.0
0,0,1749359480.0,1,0,1,0,3,3,9,5,6,1,155.0
0,0,1762916745.0,3,0,3,3,1,10,4,3,2,0,150.0
0,0,1770979381.0,1,0,1,3,3,3,5,10,4,0,238.0
0,0,1772596651.0,1,0,1,3,6,2,4,3,2,0,236.0
0,0,1736566909.0,1,0,1,2,6,4,0,3,5,1,188.0
0,0,1763391942.0,3,0,3,1,2,3,4,15,0,0,93.0
7,0,1740752114.0,1,1,1,0,1,3,4,14,4,0,201.0
0,0,1743785626.0,1,0,1,0,3,2,9,16,4,0,52.0
0,0,1740732695.0,2,0,2,3,3,3,5,8,4,0,181.0
0,0,1754517430.0,3,0,3,0,4,0,9,21,2,0,108.0
0,0,1740569217.0,1,0,1,5,1,7,8,11,2,0,76.0
0,0,1740947817.0,1,0,1,2,2,2,4,20,6,1,71.0
0,0,1747124600.0,3,0,3,1,5,2,4,8,1,0,100.0
0,0,1749041553.0,3,0,3,1,3,0,9,12,2,0,193.0
0,0,1772542230.0,2,0,2,4,5,2,9,12,1,0,36.0
0,0,1766128557.0,2,0,2,5,2,2,9,7,4,0,226.0
0,0,1754475327.0,2,0,2,0,6,3,5,10,2,0,75.0
0,0,1755878168.0,2,0,2,4,5,10,5,15,4,0,236.0
0,0,1771388959.0,2,0,2,1,3,10,8,4,2,0,98.0
0,0,1764677727.0,0,0,0,5,2,0,4,12,1,0,76.0
0,0,1768343809.0,3,0,3,4,4,4,5,22,1,0,142.0
0,0,1752417978.0,3,0,3,5,1,1,0,14,6,1,239.0
0,0,1764110178.0,0,0,0,5,1,10,0,22,1,0,115.0
0,0,1735770446.0,2,0,2,1,3,2,8,22,2,0,94.0
0,0,1739389361.0,2,0,2,4,1,2,9,19,2,0,103.0
0,0,1743510752.0,0,0,0,5,1,4,4,12,1,0,128.0
0,0,1758777550.0,0,0,0,5,4,6,8,5,3,0,228.0
0,0,1736552424.0,1,0,1,3,4,2,0,23,4,0,189.0
0,0,1745549629.0,2,0,2,1,3,2,8,2,4,0,10.0
0,0,1735782915.0,1,0,1,1,5,4,4,1,3,0,196.0
0,0,1736093163.0,3,0,3,2,1,1,5,16,6,1,225.0
0,0,1757936147.0,2,0,2,0,1,3,4,11,0,0,118.0
0,0,1750969929.0,2,0,2,5,5,1,0,20,3,0,155.0
0,0,1738755239.0,2,0,2,2,6,4,0,11,2,0,216.0
0,0,1749699584.0,3,0,3,1,5,10,4,3,3,0,79.0
0,0,1756676488.0,1,0,1,4,2,2,8,21,6,1,199.0
0,0,1739070469.0,2,0,2,2,6,0,5,3,6,1,168.0
0,0,1767441788.0,0,0,0,2,3,10,8,12,5,1,100.0
0,0,1757281845.0,2,0,2,3,1,3,8,21,6,1,186.0
0,0,1739547406.0,1,0,1,3,1,6,9,15,4,0,103.0
0,0,1750081564.0,3,0,3,3,1,3,0,13,0,0,159.0
0,0,1770493623.0,1,0,1,2,5,1,5,19,5,1,132.0
0,0,1742111846.0,0,0,0,2,2,10,5,7,6,1,184.0
0,0,1752609099.0,2,0,2,0,3,6,9,19,1,0,129.0
0,0,1738318293.0,3,0,3,4,5,2,9,10,4,0,16.0
0,0,1754761937.0,1,0,1,1,3,0,9,17,5,1,48.0
0,0,1769804055.0,2,0,2,4,6,2,0,20,4,0,222.0
0,0,1740273733.0,0,0,0,3,5,3,0,1,6,1,45.0
0,0,1752359474.0,3,0,3,0,2,0,8,22,5,1,137.0
0,0,1738132187.0,3,0,3,1,3,11,0,6,2,0,162.0
0,0,1743949019.0,2,0,2,3,6,2,5,14,6,1,128.0
0,0,1756743004.0,2,0,2,3,2,15,5,16,0,0,16.0
0,0,1753044730.0,0,0,0,3,2,15,9,20,6,1,2.0
0,0,1737064294.0,1,0,1,2,5,2,8,21,3,0,63.0
0,0,1772224479.0,1,0,1,2,3,1,4,20,4,0,88.0
0,0,1758199698.0,3,0,3,3,6,2,5,12,3,0,186.0
0,0,1746707407.0,3,0,3,0,5,2,4,12,3,0,53.0
0,0,1735745210.0,0,0,0,4,4,2,0,15,2,0,35.0
0,0,1755641408.0,0,0,0,4,1,10,5,22,1,0,51.0
0,0,1737557222.0,2,0,2,3,6,3,4,14,2,0,135.0
7,0,1765017070.0,1,1,1,4,2,4,9,10,5,1,206.0
0,0,1770770446.0,0,0,0,3,6,11,9,0,2,0,75.0
7,0,1757632829.0,1,1,1,3,6,11,0,23,3,0,161.0
7,0,1766098709.0,2,1,2,2,2,10,4,22,3,0,203.0
0,0,1743714501.0,0,0,0,4,3,1,4,21,3,0,225.0
0,0,1741325760.0,1,0,1,0,2,2,0,5,4,0,44.0
0,0,1758585595.0,3,0,3,5,5,2,5,23,0,0,233.0
0,0,1739242984.0,3,0,3,1,3,2,0,3,1,0,77.0
0,0,1740593295.0,2,0,2,5,5,3,8,18,2,0,12.0
0,0,1741962408.0,2,0,2,1,5,2,8,14,4,0,133.0
0,0,1765893943.0,1,0,1,2,4,11,9,14,1,0,124.0
0,0,1768915146.0,0,0,0,5,6,15,8,13,1,0,169.0
0,0,1747660525.0,2,0,2,5,4,7,0,13,0,0,92.0
0,0,1755512407.0,2,0,2,2,5,6,5,10,0,0,216.0
7,0,1759223198.0,0,1,0,0,3,6,4,9,1,0,222.0
0,0,1755756183.0,2,0,2,4,5,6,0,6,3,0,215.0
0,0,1763986814.0,0,0,0,4,3,6,8,12,0,0,26.0
0,0,1752826073.0,0,0,0,5,3,1,9,8,4,0,51.0
0,0,1767318166.0,1,0,1,3,6,0,4,1,4,0,228.0
7,0,1768333225.0,2,1,2,0,4,10,4,19,1,0,85.0
0,0,1766949910.0,3,0,3,3,3,10,0,19,6,1,104.0
0,0,1750262924.0,2,0,2,0,6,3,5,16,2,0,55.0
0,0,1756525871.0,3,0,3,3,5,3,0,3,5,1,87.0
0,0,1751543518.0,1,0,1,0,3,2,5,11,3,0,43.0
0,0,1766060959.0,1,0,1,2,4,2,4,12,3,0,58.0
0,0,1748278497.0,1,0,1,2,4,2,4,16,0,0,73.0
0,0,1755057585.0,0,0,0,3,4,2,5,3,2,0,53.0
0,0,1740120912.0,1,0,1,1,3,11,9,6,4,0,12.0
0,0,1745314026.0,0,0,0,0,6,10,4,9,1,0,222.0
0,0,1753802460.0,0,0,0,4,6,2,5,15,1,0,183.0
0,0,1765697024.0,2,0,2,3,6,2,0,7,6,1,155.0
0,0,1742249094.0,2,0,2,1,3,3,5,22,0,0,70.0
0,0,1765683871.0,2,0,2,3,1,2,0,3,6,1,206.0
0,0,1755629861.0,3,0,3,3,5,3,4,18,1,0,150.0
0,0,1764739611.0,3,0,3,4,2,5,9,5,2,0,89.0
0,0,1766389493.0,0,0,0,5,2,2,9,7,0,0,114.0
0,0,1772482413.0,1,0,1,2,2,10,8,20,0,0,204.0
0,0,1765495993.0,0,0,0,4,2,2,4,23,3,0,102.0
0,0,1757889558.0,1,0,1,2,5,0,5,22,6,1,12.0
0,0,1757935339.0,1,0,1,0,6,2,0,11,0,0,156.0
0,0,1744578699.0,3,0,3,3,3,1,4,21,6,1,64.0
0,0,1763530148.0,0,0,0,4,2,1,0,5,2,0,76.0
0,0,1742059276.0,0,0,0,3,1,10,0,17,5,1,21.0
0,0,1765500792.0,0,0,0,5,1,1,5,0,4,0,56.0
0,0,1737455675.0,0,0,0,2,3,6,9,10,1,0,135.0
0,0,1753840353.0,1,0,1,2,5,11,9,1,2,0,72.0
0,0,1758617108.0,0,0,0,2,6,2,8,8,1,0,88.0
0,0,1768615765.0,0,0,0,0,4,3,9,2,5,1,97.0
0,0,1742430024.0,3,0,3,2,6,0,8,0,3,0,67.0
0,0,1758532318.0,1,0,1,0,6,1,9,9,0,0,83.0
0,0,1761978804.0,2,0,2,5,5,2,4,6,5,1,13.0
0,0,1749909923.0,0,0,0,4,1,2,4,14,5,1,133.0
0,0,1740837637.0,1,0,1,2,6,10,9,14,5,1,127.0
0,0,1742481372.0,3,0,3,4,2,4,8,14,3,0,134.0
0,0,1741231631.0,0,0,0,1,3,6,4,3,3,0,44.0
0,0,1740538884.0,0,0,0,0,5,4,9,3,2,0,109.0
0,0,1763194593.0,1,0,1,2,2,3,5,8,5,1,97.0
0,0,1762890631.0,1,0,1,5,6,1,4,19,1,0,189.0
0,0,1755200337.0,3,0,3,1,6,6,0,19,3,0,102.0
0,0,1749563740.0,1,0,1,4,6,6,0,13,1,0,217.0
0,0,1758801603.0,0,0,0,1,1,2,0,12,3,0,111.0
0,0,1747606083.0,1,0,1,5,6,0,4,22,6,1,225.0
0,0,1762573405.0,0,0,0,4,4,5,5,3,5,1,61.0
0,0,1739392972.0,0,0,0,0,4,2,8,20,2,0,93.0
0,0,1767008088.0,2,0,2,5,5,3,8,11,0,0,145.0
0,0,1748101254.0,3,0,3,5,3,2,8,15,5,1,136.0
0,0,1735694236.0,2,0,2,1,1,2,9,1,2,0,171.0
7,0,1755435331.0,2,1,2,2,5,10,4,12,6,1,93.0
0,0,1755098750.0,0,0,0,3,6,1,0,15,2,0,143.0
0,0,1758729938.0,2,0,2,1,1,2,9,16,2,0,16.0
0,0,1748285680.0,2,0,2,3,1,11,8,18,0,0,151.0
0,0,1769579941.0,0,0,0,0,4,0,9,5,2,0,154.0
0,0,1755202046.0,2,0,2,4,3,4,9,20,3,0,122.0
0,0,1742116872.0,2,0,2,4,6,15,9,9,6,1,94.0
0,0,1748195385.0,0,0,0,4,1,5,4,17,6,1,72.0
0,0,1749296029.0,0,0,0,4,6,1,8,11,5,1,129.0
0,0,1751797855.0,3,0,3,3,4,3,0,10,6,1,221.0
0,0,1735807824.0,0,0,0,1,2,1,0,8,3,0,171.0
0,0,1737572108.0,1,0,1,0,1,3,0,18,2,0,41.0
0,0,1754654018.0,1,0,1,2,1,1,4,11,4,0,67.0
0,0,1738305627.0,3,0,3,1,3,10,5,6,4,0,230.0
0,0,1765278966.0,1,0,1,4,4,10,0,11,1,0,86.0
0,0,1735745620.0,1,0,1,2,3,3,5,15,2,0,166.0
0,0,1745835465.0,1,0,1,5,4,6,5,10,0,0,101.0
0,0,1764878566.0,1,0,1,1,3,6,8,20,3,0,86.0
0,0,1742232344.0,1,0,1,0,6,10,9,17,0,0,132.0
0,0,1758289541.0,2,0,2,3,3,3,9,13,4,0,203.0
0,0,1771323576.0,0,0,0,1,3,6,0,10,1,0,15.0
0,0,1765402528.0,2,0,2,3,1,4,4,21,2,0,77.0
0,0,1758739248.0,2,0,2,2,5,4,0,18,2,0,122.0
0,0,1771096909.0,2,0,2,5,1,10,9,19,5,1,136.0
7,0,1746097306.0,2,1,2,1,5,3,8,11,3,0,119.0
0,0,1739184857.0,3,0,3,1,5,4,0,10,0,0,53.0
0,0,1755938125.0,2,0,2,5,2,2,4,8,5,1,54.0
0,0,1740434657.0,0,0,0,1,2,1,5,22,0,0,199.0
0,0,1759864604.0,0,0,0,3,2,4,4,19,1,0,159.0
0,0,1747700841.0,0,0,0,3,4,2,9,0,1,0,24.0
0,0,1750941993.0,1,0,1,0,3,2,9,12,3,0,215.0
0,0,1760786893.0,1,0,1,2,4,0,9,11,5,1,31.0
0,0,1750618615.0,1,0,1,5,4,2,5,18,6,1,150.0
0,0,1741228967.0,3,0,3,5,3,6,0,2,3,0,24.0
0,0,1751907165.0,2,0,2,3,1,1,9,16,0,0,182.0
0,0,1767009141.0,0,0,0,1,3,6,9,11,0,0,103.0
0,0,1771093604.0,1,0,1,3,6,4,8,18,5,1,100.0
0,0,1745794923.0,0,0,0,5,6,0,8,23,6,1,47.0
0,0,1756259968.0,2,0,2,4,5,0,8,1,2,0,52.0
0,0,1745080900.0,0,0,0,5,2,2,9,16,5,1,6.0
7,0,1764421418.0,0,1,0,1,1,6,5,13,5,1,215.0
0,0,1744845830.0,3,0,3,5,5,2,4,23,2,0,4.0
0,0,1754689040.0,0,0,0,4,1,5,0,21,4,0,161.0
0,0,1759618218.0,0,0,0,2,2,4,0,22,5,1,25.0
0,0,1752732603.0,2,0,2,0,1,2,5,6,3,0,147.0
0,0,1747985890.0,2,0,2,4,2,6,9,7,4,0,133.0
0,0,1743105321.0,0,0,0,5,3,1,9,19,3,0,144.0
0,0,1740920959.0,2,0,2,2,1,3,8,13,6,1,115.0
0,0,1771084992.0,2,0,2,5,2,10,4,16,5,1,180.0
0,0,1747163374.0,0,0,0,4,4,3,5,19,1,0,111.0
0,0,1739656529.0,2,0,2,5,2,1,8,21,5,1,196.0
0,0,1763867086.0,0,0,0,3,2,10,9,3,6,1,148.0
0,0,1739321054.0,0,0,0,3,3,2,5,0,2,0,139.0
0,0,1761726540.0,2,0,2,3,3,2,5,8,2,0,48.0
0,0,1739479800.0,1,0,1,5,6,3,9,20,3,0,41.0
0,0,1761755479.0,3,0,3,4,5,4,5,16,2,0,104.0
0,0,1742723157.0,2,0,2,1,5,3,4,9,6,1,208.0
7,0,1759913741.0,0,1,0,1,4,3,5,8,2,0,201.0
0,0,1748435722.0,0,0,0,2,5,2,9,12,2,0,160.0
0,0,1740297767.0,2,0,2,4,3,2,5,8,6,1,237.0
7,0,1742565507.0,1,1,1,4,6,15,9,13,4,0,51.0
0,0,1772323543.0,3,0,3,4,6,15,4,0,6,1,64.0
0,0,1750744291.0,0,0,0,2,6,3,4,5,1,0,229.0
0,0,1760431138.0,0,0,0,5,1,10,9,8,1,0,214.0
0,0,1759372093.0,2,0,2,5,4,2,5,2,3,0,116.0
0,0,1764363358.0,1,0,1,4,5,2,9,20,4,0,223.0
0,0,1745140429.0,2,0,2,5,2,15,9,9,6,1,90.0
0,0,1759619887.0,2,0,2,2,5,11,9,23,5,1,26.0
0,0,1755311162.0,0,0,0,3,5,0,5,2,5,1,113.0
0,0,1767398286.0,1,0,1,5,6,5,8,23,4,0,135.0
0,0,1742291836.0,0,0,0,1,6,3,5,9,1,0,169.0
0,0,1765516538.0,1,0,1,2,4,3,4,5,4,0,103.0
0,0,1743393318.0,2,0,2,2,2,5,9,3,0,0,184.0
0,0,1758414803.0,3,0,3,2,6,3,4,0,6,1,124.0
0,0,1764665934.0,0,0,0,2,4,6,9,8,1,0,127.0
7,0,1739746142.0,2,1,2,2,5,2,8,22,6,1,200.0
0,0,1763318946.0,1,0,1,1,3,10,8,18,6,1,190.0
0,0,1758179020.0,2,0,2,0,6,15,0,7,3,0,93.0
0,0,1770233028.0,2,0,2,5,2,3,4,19,2,0,206.0
0,0,1771380996.0,2,0,2,3,2,3,0,2,2,0,12.0
0,0,1767371183.0,3,0,3,0,6,4,8,16,4,0,163.0
0,0,1739360868.0,3,0,3,2,6,1,9,11,2,0,55.0
0,0,1762750007.0,2,0,2,5,6,3,8,4,0,0,55.0
0,0,1769356004.0,0,0,0,1,5,1,5,15,6,1,217.0
0,0,1748988203.0,1,0,1,2,1,2,0,22,1,0,107.0
0,0,1751898037.0,1,0,1,0,4,2,0,14,0,0,64.0
0,0,1738262995.0,0,0,0,5,2,2,8,18,3,0,138.0
0,0,1741274151.0,0,0,0,1,6,0,9,15,3,0,95.0
0,0,1741668855.0,0,0,0,1,1,0,0,4,1,0,147.0
0,0,1762300049.0,3,0,3,2,3,5,0,23,1,0,119.0
0,0,1748321618.0,0,0,0,4,2,6,5,4,1,0,227.0
0,0,1750318942.0,0,0,0,0,5,11,9,7,3,0,175.0
0,0,1747626596.0,1,0,1,5,5,1,0,3,0,0,31.0
0,0,1746176054.0,0,0,0,4,6,0,8,8,4,0,70.0
0,0,1737110333.0,0,0,0,1,1,3,5,10,4,0,103.0
0,0,1758499920.0,0,0,0,1,3,6,0,0,0,0,208.0
0,0,1740523141.0,3,0,3,4,4,2,4,22,1,0,161.0
0,0,1746695977.0,3,0,3,3,5,11,4,9,3,0,112.0
0,0,1763147143.0,1,0,1,1,4,3,0,19,4,0,17.0
0,0,1741231365.0,1,0,1,3,6,1,9,3,3,0,212.0
0,0,1755079210.0,2,0,2,1,4,3,5,10,2,0,90.0
0,0,1746299810.0,0,0,0,1,6,1,9,19,5,1,46.0
0,0,1740558773.0,2,0,2,0,2,3,8,8,2,0,240.0
0,0,1746883145.0,3,0,3,1,2,0,4,13,5,1,72.0
0,0,1769957223.0,1,0,1,0,4,0,4,14,6,1,203.0
0,0,1750785536.0,1,0,1,1,1,5,4,17,1,0,166.0
7,0,1747813583.0,2,1,2,2,4,10,5,7,2,0,41.0
0,0,1753738236.0,0,0,0,4,3,10,9,21,0,0,33.0
0,0,1760704569.0,0,0,0,3,6,2,4,12,4,0,196.0
0,0,1740318776.0,1,0,1,3,2,2,9,13,6,1,169.0
0,0,1738243300.0,3,0,3,2,4,2,0,13,3,0,58.0
7,0,1770282063.0,2,1,2,4,4,6,0,9,3,0,80.0
0,0,1737614861.0,0,0,0,1,5,0,4,6,3,0,139.0
0,0,1754815053.0,2,0,2,4,1,5,0,8,6,1,162.0
0,0,1758282273.0,3,0,3,4,1,1,8,11,4,0,116.0
0,0,1746773949.0,2,0,2,4,2,0,4,6,4,0,49.0
0,0,1743585788.0,2,0,2,4,2,3,9,9,2,0,93.0
0,0,1762275672.0,1,0,1,4,1,2,9,17,1,0,85.0
0,0,1747414313.0,3,0,3,1,5,3,9,16,4,0,15.0
0,0,1770953631.0,0,0,0,2,4,3,8,3,4,0,76.0
0,0,1740491140.0,0,0,0,5,3,2,9,13,1,0,99.0
0,0,1763094154.0,0,0,0,1,4,6,4,4,4,0,148.0
0,0,1744297073.0,0,0,0,2,2,2,8,14,3,0,71.0
0,0,1772638181.0,1,0,1,1,5,1,4,15,2,0,156.0
0,0,1770111761.0,0,0,0,3,5,1,9,9,1,0,124.0
0,0,1739441803.0,2,0,2,4,3,2,9,10,3,0,83.0
0,0,1745393956.0,3,0,3,5,1,10,5,7,2,0,149.0
0,0,1759041538.0,0,0,0,2,6,3,0,6,6,1,28.0
0,0,1759563574.0,1,0,1,0,4,2,9,7,5,1,240.0
0,0,1760884527.0,3,0,3,1,5,10,4,14,6,1,6.0
7,0,1746992014.0,2,1,2,2,5,3,4,19,6,1,53.0
0,0,1752104268.0,3,0,3,4,3,5,9,23,2,0,60.0
0,0,1747043448.0,3,0,3,2,4,2,8,9,0,0,58.0
0,0,1757117928.0,0,0,0,4,4,2,4,0,5,1,216.0
0,0,1746815024.0,0,0,0,3,3,11,9,18,4,0,52.0
0,0,1771150405.0,1,0,1,3,2,11,9,10,6,1,191.0
0,0,1741660948.0,1,0,1,3,2,0,5,2,1,0,104.0
0,0,1770259473.0,3,0,3,1,5,3,8,2,3,0,9.0
0,0,1761623026.0,2,0,2,3,3,1,9,3,1,0,152.0
0,0,1758059652.0,0,0,0,3,1,1,4,21,1,0,167.0
0,0,1767756174.0,0,0,0,0,1,3,9,3,2,0,218.0
7,0,1741722289.0,0,1,0,1,3,6,5,19,1,0,57.0
0,0,1753817532.0,0,0,0,2,4,11,0,19,1,0,163.0
0,0,1751124744.0,0,0,0,1,5,11,9,15,5,1,102.0
0,0,1753396735.0,3,0,3,4,2,0,4,22,3,0,49.0
0,0,1769993802.0,3,0,3,3,3,4,0,0,0,0,230.0
0,0,1756430287.0,2,0,2,2,4,1,5,1,4,0,215.0
0,0,1754191180.0,3,0,3,4,3,5,9,3,6,1,130.0
0,0,1769023255.0,1,0,1,0,4,1,9,19,2,0,96.0
0,0,1752177094.0,1,0,1,0,6,3,0,19,3,0,185.0
0,0,1768113974.0,3,0,3,0,5,11,5,6,6,1,185.0
0,0,1752139285.0,3,0,3,2,5,10,5,9,3,0,38.0
0,0,1755216847.0,0,0,0,5,4,2,5,0,4,0,13.0
0,0,1744199150.0,2,0,2,1,5,1,9,11,2,0,103.0
0,0,1766735606.0,0,0,0,0,4,3,9,7,4,0,207.0
0,0,1738510403.0,3,0,3,1,2,2,5,15,6,1,224.0
0,0,1737858978.0,0,0,0,3,3,3,8,2,6,1,180.0
0,0,1767697211.0,0,0,0,1,6,5,0,11,1,0,203.0
0,0,1753127677.0,2,0,2,4,3,2,4,19,0,0,181.0
0,0,1750284691.0,3,0,3,5,1,5,8,22,2,0,103.0
0,0,1743294905.0,0,0,0,2,4,1,5,0,6,1,61.0
7,0,1751636050.0,2,1,2,3,4,2,9,13,4,0,165.0
0,0,1752443093.0,1,0,1,0,1,11,9,21,6,1,42.0
0,0,1760984949.0,1,0,1,1,1,6,4,18,0,0,111.0
0,0,1736105322.0,2,0,2,1,5,2,5,19,6,1,178.0
0,0,1749065772.0,1,0,1,3,5,5,8,19,2,0,212.0
0,0,1761531059.0,0,0,0,4,3,11,8,2,0,0,4.0
0,0,1756929504.0,0,0,0,4,2,1,5,19,2,0,227.0
0,0,1759706074.0,2,0,2,0,4,3,0,23,6,1,60.0
0,0,1762437795.0,1,0,1,5,4,5,5,14,3,0,111.0
0,0,1771492805.0,3,0,3,4,2,2,8,9,3,0,110.0
0,0,1772173060.0,3,0,3,0,1,6,9,6,4,0,114.0
0,0,1737887790.0,3,0,3,3,6,3,9,10,6,1,151.0
0,0,1752375992.0,3,0,3,3,5,2,8,3,6,1,71.0
0,0,1750885042.0,1,0,1,2,2,2,5,20,2,0,22.0
0,0,1753153754.0,3,0,3,4,1,1,8,3,1,0,216.0
0,0,1771274990.0,2,0,2,0,1,3,0,20,0,0,122.0
0,0,1751257002.0,2,0,2,3,2,2,4,4,0,0,37.0
0,0,1763703365.0,1,0,1,3,4,2,0,5,4,0,37.0
7,0,1751470412.0,2,1,2,1,6,10,0,15,2,0,18.0
0,0,1770857761.0,1,0,1,4,6,4,0,0,3,0,19.0
0,0,1753636615.0,1,0,1,0,2,10,0,17,6,1,35.0
0,0,1737215374.0,2,0,2,2,3,2,5,15,5,1,189.0
0,0,1743920365.0,3,0,3,0,5,2,0,6,6,1,61.0
0,0,1750268953.0,2,0,2,1,4,2,4,17,2,0,139.0
0,0,1748875967.0,2,0,2,5,3,3,0,14,0,0,153.0
0,0,1765543406.0,1,0,1,1,4,1,5,12,4,0,232.0
0,0,1769913718.0,1,0,1,2,5,10,5,2,6,1,183.0
0,0,1759007568.0,3,0,3,5,5,10,4,21,5,1,104.0
0,0,1772691767.0,2,0,2,4,6,3,0,6,3,0,9.0
0,0,1757196893.0,2,0,2,3,4,3,4,22,5,1,46.0
0,0,1748724555.0,3,0,3,0,4,3,4,20,5,1,41.0
0,0,1754675475.0,2,0,2,2,3,2,0,17,4,0,12.0
0,0,1748966248.0,2,0,2,5,6,1,8,15,1,0,82.0
0,0,1758060714.0,2,0,2,4,5,2,0,22,1,0,86.0
0,0,1737659419.0,3,0,3,2,6,1,4,19,3,0,59.0
0,0,1756181020.0,3,0,3,0,2,2,8,4,1,0,192.0
0,0,1759722102.0,0,0,0,1,1,6,9,3,0,0,129.0
0,0,1744489840.0,1,0,1,1,1,1,0,20,5,1,28.0
7,0,1757302569.0,1,1,1,0,5,2,5,3,0,0,181.0
0,0,1741206017.0,0,0,0,3,2,0,8,20,2,0,94.0
0,0,1747051248.0,3,0,3,2,6,4,4,12,0,0,232.0
0,0,1737122420.0,3,0,3,5,1,11,8,14,4,0,94.0
0,0,1747395341.0,2,0,2,3,1,2,4,11,4,0,193.0
0,0,1772311581.0,2,0,2,3,6,2,4,20,5,1,156.0
0,0,1752527433.0,0,0,0,0,3,10,8,21,0,0,6.0
0,0,1759690491.0,2,0,2,5,6,0,5,18,6,1,116.0
0,0,1765512391.0,0,0,0,0,4,6,8,4,4,0,13.0
7,0,1743264132.0,3,1,3,1,2,2,4,16,5,1,187.0
0,0,1769129123.0,0,0,0,5,5,2,5,0,4,0,223.0
0,0,1745359392.0,0,0,0,5,3,2,4,22,1,0,15.0
0,0,1737269076.0,1,0,1,4,5,6,8,6,6,1,20.0
0,0,1750869791.0,0,0,0,2,4,2,4,16,2,0,216.0
7,0,1739611726.0,0,1,0,4,6,2,0,9,5,1,195.0
0,0,1759557231.0,3,0,3,5,4,3,0,5,5,1,100.0
0,0,1767179030.0,1,0,1,1,5,1,5,11,2,0,123.0
0,0,1766223406.0,1,0,1,4,2,7,9,9,5,1,144.0
0,0,1736197859.0,2,0,2,4,1,10,5,21,0,0,17.0
0,0,1746407645.0,1,0,1,0,2,2,0,1,0,0,174.0
0,0,1758732977.0,0,0,0,5,6,3,8,16,2,0,132.0
0,0,1749333132.0,3,0,3,4,4,5,9,21,5,1,62.0
0,0,1742695350.0,2,0,2,1,3,10,9,2,6,1,90.0
0,0,1766110754.0,2,0,2,1,1,0,9,2,4,0,205.0
0,0,1749624661.0,3,0,3,2,2,1,8,6,2,0,70.0
0,0,1766231473.0,3,0,3,5,5,15,4,11,5,1,143.0
0,0,1772729857.0,0,0,0,0,5,10,5,16,3,0,7.0
0,0,1744923186.0,2,0,2,1,5,3,5,20,3,0,6.0
0,0,1743644257.0,2,0,2,4,6,10,8,1,3,0,204.0
0,0,1761846462.0,0,0,0,2,1,2,0,17,3,0,90.0
0,0,1761439430.0,2,0,2,3,5,3,9,0,6,1,44.0
0,0,1767724409.0,0,0,0,0,2,3,9,18,1,0,20.0
0,0,1744717354.0,3,0,3,3,2,10,0,11,1,0,18.0
0,0,1735958114.0,2,0,2,0,3,2,0,2,5,1,101.0
0,0,1747547573.0,2,0,2,2,3,10,9,5,6,1,88.0
0,0,1745453255.0,1,0,1,0,1,2,8,0,3,0,122.0
0,0,1771032236.0,2,0,2,1,3,11,5,1,5,1,213.0
0,0,1771767609.0,2,0,2,0,1,1,9,13,6,1,185.0
7,0,1770164083.0,1,1,1,1,2,11,8,0,2,0,101.0
0,0,1743422659.0,3,0,3,5,1,6,0,12,0,0,194.0
0,0,1765494362.0,3,0,3,3,4,1,8,23,3,0,215.0
0,0,1771226985.0,2,0,2,3,6,2,5,7,0,0,123.0
0,0,1757368219.0,1,0,1,5,2,11,5,21,0,0,130.0
0,0,1738053198.0,2,0,2,4,3,3,4,8,1,0,76.0
0,0,1741791092.0,0,0,0,2,5,1,4,14,2,0,172.0
0,0,1748024032.0,2,0,2,5,6,1,8,18,4,0,233.0
0,0,1740339544.0,0,0,0,4,1,0,4,19,6,1,164.0
0,0,1756219923.0,3,0,3,4,3,2,4,14,1,0,188.0
0,0,1771176580.0,2,0,2,4,4,0,5,17,6,1,171.0
0,0,1753846539.0,3,0,3,1,1,0,4,3,2,0,202.0
0,0,1735729473.0,2,0,2,4,4,2,9,11,2,0,7.0
0,0,1750679524.0,1,0,1,0,1,3,9,11,0,0,230.0
0,0,1758929037.0,0,0,0,3,2,3,9,23,4,0,184.0
0,0,1758683960.0,3,0,3,0,6,2,5,3,2,0,98.0
0,0,1769104722.0,0,0,0,3,4,6,5,17,3,0,214.0
0,0,1745603800.0,3,0,3,3,2,0,8,17,4,0,183.0
0,0,1743083589.0,3,0,3,2,6,0,5,13,3,0,158.0
0,0,1742966303.0,2,0,2,3,4,6,5,5,2,0,123.0
0,0,1763570497.0,0,0,0,1,1,3,0,16,2,0,47.0
0,0,1755330312.0,0,0,0,5,4,6,0,7,5,1,53.0
0,0,1748068735.0,0,0,0,5,3,10,8,6,5,1,182.0
0,0,1764333438.0,1,0,1,5,2,5,8,12,4,0,21.0
0,0,1769890257.0,1,0,1,0,6,2,5,20,5,1,227.0
0,0,1761159748.0,2,0,2,4,2,10,8,19,2,0,102.0
0,0,1745000181.0,2,0,2,5,2,0,8,18,4,0,203.0
0,0,1772826243.0,1,0,1,3,4,10,9,19,4,0,188.0
0,0,1741273231.0,3,0,3,4,3,1,4,15,3,0,84.0
0,0,1757762948.0,1,0,1,2,1,2,9,11,5,1,51.0
0,0,1765842956.0,0,0,0,1,6,10,4,23,0,0,37.0
7,0,1740060652.0,1,1,1,5,2,10,9,14,3,0,12.0
0,0,1769241543.0,0,0,0,2,1,0,0,7,5,1,221.0
0,0,1745463614.0,0,0,0,0,6,2,4,3,3,0,86.0
0,0,1738738258.0,1,0,1,1,6,2,8,6,2,0,42.0
0,0,1769705027.0,1,0,1,4,1,0,0,16,3,0,44.0
0,0,1741694525.0,2,0,2,4,6,1,5,12,1,0,235.0
0,0,1758039841.0,0,0,0,1,4,3,9,16,1,0,229.0
0,0,1767755792.0,1,0,1,3,1,2,4,3,2,0,201.0
0,0,1759957407.0,0,0,0,2,6,2,4,21,2,0,147.0
0,0,1748628193.0,1,0,1,2,6,5,5,18,4,0,71.0
0,0,1758100798.0,2,0,2,2,4,4,8,9,2,0,190.0
0,0,1738755457.0,3,0,3,5,6,15,0,11,2,0,152.0
0,0,1756437469.0,3,0,3,0,1,2,8,3,4,0,200.0
0,0,1761652452.0,3,0,3,2,3,2,9,11,1,0,193.0
0,0,1736217848.0,2,0,2,0,2,6,4,2,1,0,46.0
0,0,1769923884.0,0,0,0,4,2,2,9,5,6,1,238.0
0,0,1771286953.0,1,0,1,0,4,11,5,0,1,0,11.0
0,0,1771061744.0,0,0,0,3,2,2,9,9,5,1,65.0
0,0,1749959528.0,2,0,2,2,4,1,0,3,6,1,118.0
0,0,1747791774.0,1,0,1,5,6,3,4,1,2,0,43.0
0,0,1744926649.0,0,0,0,0,5,2,8,21,3,0,3.0
0,0,1736736422.0,1,0,1,2,4,11,8,2,0,0,155.0
0,0,1761600592.0,1,0,1,1,4,3,9,21,0,0,78.0
0,0,1761122469.0,1,0,1,3,1,0,4,8,2,0,196.0
0,0,1740920675.0,3,0,3,5,4,3,9,13,6,1,81.0
0,0,1741004689.0,1,0,1,2,4,3,5,12,0,0,91.0
0,0,1742153441.0,0,0,0,0,6,0,8,19,6,1,107.0
0,0,1760509923.0,3,0,3,2,5,0,8,6,2,0,225.0
0,0,1741142443.0,3,0,3,0,4,3,4,2,2,0,150.0
0,0,1757322632.0,0,0,0,4,4,2,9,9,0,0,220.0
0,0,1751203928.0,1,0,1,1,4,3,4,13,6,1,51.0
0,0,1747562305.0,1,0,1,4,6,1,5,9,6,1,86.0
0,0,1757568081.0,0,0,0,0,1,2,0,5,3,0,31.0
0,0,1753676705.0,3,0,3,5,4,5,8,4,0,0,63.0
0,0,1766596706.0,3,0,3,0,1,0,5,17,2,0,49.0
0,0,1747753776.0,2,0,2,2,1,2,0,15,1,0,164.0
0,0,1736108677.0,0,0,0,1,5,2,5,20,6,1,45.0
0,0,1757686664.0,1,0,1,2,3,1,8,14,4,0,2.0
0,0,1735883394.0,3,0,3,1,2,3,9,5,4,0,182.0
0,0,1747691411.0,1,0,1,5,4,2,8,21,0,0,78.0
0,0,1746203347.0,1,0,1,4,2,10,4,16,4,0,111.0
0,0,1741733069.0,2,0,2,4,4,7,9,22,1,0,202.0
0,0,1738595619.0,1,0,1,3,5,1,5,15,0,0,52.0
0,0,1772206617.0,2,0,2,2,3,10,8,15,4,0,37.0
0,0,1746672166.0,3,0,3,3,3,6,9,2,3,0,10.0
0,0,1763423168.0,2,0,2,2,2,4,0,23,0,0,39.0
0,0,1756718777.0,1,0,1,2,4,10,9,9,0,0,35.0
0,0,1750361766.0,2,0,2,1,2,6,9,19,3,0,157.0
0,0,1767634977.0,1,0,1,4,3,10,0,17,0,0,25.0
7,0,1760667072.0,3,1,3,4,5,0,9,2,4,0,168.0
0,0,1742363889.0,3,0,3,1,2,6,8,5,2,0,117.0
0,0,1772522385.0,3,0,3,5,2,0,8,7,1,0,113.0
0,0,1771984749.0,2,0,2,5,2,6,8,1,2,0,4.0
0,0,1769514774.0,3,0,3,1,3,6,5,11,1,0,189.0
0,0,1747747934.0,0,0,0,2,4,5,5,13,1,0,163.0
0,0,1742852569.0,1,0,1,2,3,1,5,21,0,0,184.0
0,0,1772196651.0,3,0,3,5,6,2,8,12,4,0,72.0
0,0,1738424074.0,2,0,2,3,4,2,4,15,5,1,106.0
0,0,1746866016.0,0,0,0,4,5,2,0,8,5,1,21.0
0,0,1738307214.0,3,0,3,4,5,3,5,7,4,0,42.0
0,0,1741143875.0,2,0,2,1,3,4,5,3,2,0,205.0
0,0,1764640393.0,2,0,2,0,3,3,9,1,1,0,34.0
0,0,1741898195.0,3,0,3,4,3,5,4,20,3,0,171.0
0,0,1763102962.0,3,0,3,3,4,2,0,6,4,0,39.0
0,0,1751839504.0,3,0,3,3,4,1,4,22,6,1,157.0
0,0,1761316198.0,2,0,2,4,3,3,4,14,4,0,132.0
0,0,1736471095.0,3,0,3,3,3,3,4,1,4,0,79.0
0,0,1762039579.0,1,0,1,5,3,0,4,23,5,1,228.0
0,0,1753272966.0,2,0,2,2,5,3,4,12,2,0,78.0
0,0,1770872400.0,2,0,2,0,3,10,4,5,3,0,21.0
7,0,1767657513.0,1,1,1,3,4,2,0,23,0,0,142.0
0,0,1765225367.0,1,0,1,2,2,3,0,20,0,0,140.0
0,0,1762857941.0,0,0,0,4,1,3,5,10,1,0,132.0
0,0,1769601002.0,0,0,0,4,2,1,9,11,2,0,124.0
0,0,1758760256.0,2,0,2,5,4,2,9,0,3,0,172.0
0,0,1752624517.0,0,0,0,5,2,1,5,0,2,0,216.0
0,0,1744490925.0,1,0,1,2,6,2,4,20,5,1,211.0
0,0,1741057038.0,0,0,0,0,3,0,5,2,1,0,11.0
0,0,1744345623.0,3,0,3,1,5,2,4,4,4,0,198.0
0,0,1762034702.0,2,0,2,4,1,10,8,22,5,1,131.0
0,0,1751338906.0,3,0,3,0,3,6,9,3,1,0,113.0
0,0,1763654239.0,1,0,1,5,6,1,0,15,3,0,9.0
0,0,1771539260.0,3,0,3,0,1,0,4,22,3,0,186.0
0,0,1738038366.0,0,0,0,5,6,10,9,4,1,0,188.0
0,0,1750817374.0,2,0,2,4,4,3,5,2,2,0,15.0
0,0,1761284193.0,0,0,0,4,6,2,8,5,4,0,62.0
0,0,1754838924.0,0,0,0,0,3,1,0,15,6,1,214.0
0,0,1757254701.0,3,0,3,0,6,0,0,14,6,1,130.0
0,0,1752114700.0,0,0,0,0,3,3,0,2,3,0,33.0
0,0,1752036481.0,2,0,2,4,3,4,5,4,2,0,36.0
0,0,1758300318.0,2,0,2,5,3,6,4,16,4,0,132.0
0,0,1747261160.0,3,0,3,3,6,3,8,22,2,0,26.0
0,0,1757851763.0,2,0,2,0,4,2,0,12,6,1,77.0
0,0,1743754436.0,3,0,3,1,6,2,8,8,4,0,32.0
0,0,1755266952.0,1,0,1,4,1,0,5,14,4,0,123.0
0,0,1739114960.0,2,0,2,4,2,4,4,15,6,1,162.0
0,0,1772431760.0,1,0,1,2,5,3,0,6,0,0,216.0
0,0,1746505008.0,1,0,1,0,5,2,0,4,1,0,198.0
0,0,1760230858.0,3,0,3,4,1,2,0,1,6,1,43.0
7,0,1743475687.0,0,1,0,5,2,2,8,2,1,0,181.0
7,0,1737796184.0,2,1,2,2,4,10,0,9,5,1,86.0
0,0,1741061603.0,3,0,3,5,6,0,4,4,1,0,216.0
0,0,1766249985.0,1,0,1,4,2,5,5,16,5,1,126.0
0,0,1768046608.0,0,0,0,0,5,11,9,12,5,1,216.0
0,0,1768338761.0,0,0,0,5,5,1,0,21,1,0,231.0
0,0,1745556542.0,1,0,1,0,6,3,8,4,4,0,10.0
0,0,1754641993.0,2,0,2,2,5,10,5,8,4,0,172.0
0,0,1757875568.0,0,0,0,1,3,2,0,18,6,1,193.0
0,0,1766503878.0,0,0,0,5,5,5,9,15,1,0,106.0
0,0,1745079376.0,3,0,3,5,5,0,5,16,5,1,93.0
0,0,1771906958.0,3,0,3,1,3,11,4,4,1,0,147.0
0,0,1753790911.0,1,0,1,2,6,10,9,12,1,0,222.0
0,0,1748219307.0,0,0,0,5,5,3,8,0,0,0,195.0
0,0,1746561069.0,1,0,1,1,3,2,0,19,1,0,133.0
0,0,1760557497.0,1,0,1,4,5,2,8,19,2,0,51.0
0,0,1766373188.0,3,0,3,2,1,2,4,3,0,0,162.0
0,0,1761216010.0,3,0,3,0,2,2,4,10,3,0,22.0
0,0,1748245610.0,1,0,1,0,1,0,0,7,0,0,28.0
0,0,1744680226.0,0,0,0,5,6,3,8,1,1,0,194.0
0,0,1749259946.0,1,0,1,3,5,2,4,1,5,1,92.0
0,0,1737193096.0,1,0,1,1,4,2,4,9,5,1,91.0
0,0,1745923770.0,1,0,1,4,6,1,4,10,1,0,45.0
0,0,1747318274.0,0,0,0,5,5,11,5,14,3,0,83.0
0,0,1756048743.0,2,0,2,1,4,3,4,15,6,1,163.0
0,0,1770338009.0,3,0,3,0,4,2,0,0,4,0,229.0
0,0,1754888531.0,0,0,0,0,1,3,9,5,0,0,119.0
0,0,1770612292.0,3,0,3,1,6,6,8,4,0,0,163.0
0,0,1764323914.0,3,0,3,0,5,6,9,9,4,0,110.0
0,0,1765989336.0,2,0,2,2,1,2,0,16,2,0,189.0
0,0,1744708687.0,0,0,0,1,5,0,9,9,1,0,68.0
0,0,1740252438.0,0,0,0,0,4,3,9,19,5,1,34.0
0,0,1749668291.0,1,0,1,3,5,2,0,18,2,0,139.0
0,0,1752493487.0,1,0,1,5,4,2,0,11,0,0,119.0
0,0,1738107539.0,1,0,1,2,6,2,4,23,1,0,28.0
0,0,1760952737.0,1,0,1,4,5,0,0,9,0,0,165.0
7,0,1769242735.0,2,1,2,5,5,2,5,8,5,1,211.0
0,0,1772654092.0,2,0,2,0,4,6,5,19,2,0,55.0
0,0,1748940804.0,0,0,0,2,3,2,5,8,1,0,181.0
0,0,1759507380.0,0,0,0,0,2,4,9,16,4,0,234.0
0,0,1769157017.0,0,0,0,5,3,3,8,8,4,0,79.0
0,0,1751348389.0,3,0,3,4,6,0,5,5,1,0,196.0
0,0,1759238765.0,3,0,3,4,1,2,5,13,1,0,221.0
0,0,1762421786.0,3,0,3,5,6,10,9,9,3,0,19.0
0,0,1769137228.0,3,0,3,1,1,15,5,3,4,0,98.0
0,0,1751994025.0,1,0,1,1,4,3,9,17,1,0,76.0
0,0,1737850824.0,2,0,2,4,3,2,5,0,6,1,228.0
0,0,1754753472.0,0,0,0,2,6,3,5,15,5,1,133.0
0,0,1749177581.0,1,0,1,0,2,2,4,2,4,0,213.0
0,0,1757627306.0,1,0,1,5,5,3,4,21,3,0,49.0
0,0,1762347502.0,3,0,3,4,1,2,9,12,2,0,122.0
0,0,1749845961.0,1,0,1,1,3,2,8,20,4,0,100.0
0,0,1753245854.0,1,0,1,4,1,2,9,4,2,0,129.0
0,0,1746481203.0,0,0,0,3,3,3,0,21,0,0,239.0
0,0,1739042312.0,0,0,0,4,4,4,4,19,5,1,148.0
0,0,1753465101.0,3,0,3,2,5,0,0,17,4,0,41.0
0,0,1769978327.0,1,0,1,2,4,3,8,20,6,1,235.0
0,0,1737092205.0,2,0,2,5,3,10,4,5,4,0,4.0
0,0,1742968259.0,1,0,1,0,5,2,8,5,2,0,181.0
0,0,1743927379.0,1,0,1,4,2,6,5,8,6,1,45.0
0,0,1748054773.0,1,0,1,3,1,1,5,2,5,1,167.0
0,0,1757429938.0,2,0,2,1,4,1,5,14,1,0,21.0
0,0,1738197702.0,0,0,0,1,1,11,5,0,3,0,51.0
0,0,1769693239.0,3,0,3,3,6,5,5,13,3,0,220.0
0,0,1744218607.0,0,0,0,3,2,0,4,17,2,0,136.0
0,0,1768481752.0,0,0,0,3,1,3,4,12,3,0,194.0
0,0,1739657626.0,3,0,3,5,6,1,0,22,5,1,50.0
0,0,1770116078.0,0,0,0,3,1,3,4,10,1,0,238.0
0,0,1744563644.0,2,0,2,1,6,3,8,17,6,1,226.0
0,0,1741247386.0,1,0,1,2,6,4,0,7,3,0,138.0
0,0,1759900764.0,0,0,0,3,5,10,8,5,2,0,39.0
0,0,1751067110.0,2,0,2,4,6,11,4,23,4,0,203.0
0,0,1763669764.0,1,0,1,1,2,10,9,20,3,0,201.0
0,0,1742460913.0,0,0,0,1,5,5,5,8,3,0,53.0
0,0,1753587931.0,0,0,0,2,1,3,9,3,6,1,169.0
0,0,1761038309.0,0,0,0,3,5,2,5,9,1,0,227.0
0,0,1745810319.0,3,0,3,0,5,1,8,3,0,0,186.0
0,0,1737242511.0,1,0,1,3,2,6,9,23,5,1,143.0
0,0,1770750390.0,1,0,1,3,5,2,0,19,1,0,196.0
0,0,1756477380.0,3,0,3,2,3,2,0,14,4,0,74.0
0,0,1756330013.0,1,0,1,3,5,4,5,21,2,0,205.0
0,0,1746190772.0,2,0,2,5,3,2,8,12,4,0,168.0
0,0,1767298598.0,2,0,2,1,1,2,0,20,3,0,27.0
0,0,1749190559.0,1,0,1,1,3,2,9,6,4,0,180.0
7,0,1762734230.0,2,1,2,1,3,5,0,0,0,0,29.0
0,0,1752314939.0,3,0,3,5,3,3,5,10,5,1,127.0
0,0,1758091251.0,2,0,2,2,4,2,0,6,2,0,57.0
0,0,1745188141.0,0,0,0,0,2,6,9,22,6,1,69.0
0,0,1762416528.0,3,0,3,3,1,6,5,8,3,0,205.0
7,0,1743084615.0,3,1,3,3,1,1,0,14,3,0,122.0
0,0,1735745674.0,1,0,1,2,2,6,4,15,2,0,197.0
0,0,1754702091.0,2,0,2,5,2,3,5,1,5,1,118.0
0,0,1740204985.0,0,0,0,3,1,3,5,6,5,1,68.0
0,0,1747797584.0,0,0,0,4,4,1,4,3,2,0,183.0
0,0,1755307862.0,0,0,0,5,1,1,4,1,5,1,160.0
0,0,1749758111.0,2,0,2,5,4,5,0,19,3,0,195.0
0,0,1749415647.0,3,0,3,4,5,2,8,20,6,1,123.0
0,0,1748067951.0,1,0,1,1,6,4,0,6,5,1,206.0
0,0,1749187858.0,2,0,2,4,4,6,9,5,4,0,73.0
0,0,1754438302.0,2,0,2,3,2,2,9,23,1,0,18.0
0,0,1756737800.0,1,0,1,3,6,5,4,14,0,0,208.0
0,0,1753842444.0,0,0,0,3,3,6,5,2,2,0,238.0
0,0,1751685764.0,2,0,2,2,4,2,5,3,5,1,97.0
0,0,1744783572.0,0,0,0,2,6,4,0,6,2,0,116.0
0,0,1762886384.0,2,0,2,4,2,5,9,18,1,0,22.0
0,0,1750146841.0,3,0,3,1,3,11,0,7,1,0,172.0
0,0,1762231874.0,0,0,0,3,4,2,5,4,1,0,161.0
0,0,1743751646.0,1,0,1,4,5,6,5,7,4,0,19.0
0,0,1754692787.0,2,0,2,5,6,1,0,22,4,0,58.0
0,0,1758221909.0,1,0,1,1,2,6,4,18,3,0,93.0
0,0,1754987229.0,0,0,0,4,6,2,9,8,1,0,164.0
7,0,1752594071.0,2,1,2,4,4,10,4,15,1,0,94.0
0,0,1766825406.0,0,0,0,4,2,0,5,8,5,1,86.0
0,0,1770176531.0,0,0,0,5,5,6,9,3,2,0,123.0
0,0,1757739455.0,2,0,2,4,2,0,8,4,5,1,193.0
0,0,1752598471.0,3,0,3,5,2,2,9,16,1,0,116.0
0,0,1738296852.0,2,0,2,1,3,10,9,4,4,0,147.0
0,0,1762871537.0,0,0,0,1,2,3,4,14,1,0,5.0
0,0,1772405608.0,2,0,2,0,3,5,8,22,6,1,150.0
0,0,1762582041.0,1,0,1,3,3,1,4,6,5,1,150.0
0,0,1738647716.0,1,0,1,0,5,0,9,5,1,0,101.0
0,0,1753383497.0,1,0,1,2,3,2,9,18,3,0,201.0
0,0,1768442106.0,3,0,3,5,3,4,8,1,3,0,62.0
0,0,1753250994.0,0,0,0,5,6,6,0,6,2,0,155.0
0,0,1765372677.0,3,0,3,5,3,6,0,13,2,0,10.0
0,0,1736399304.0,3,0,3,5,1,3,9,5,3,0,118.0
0,0,1757371440.0,2,0,2,4,5,10,5,22,0,0,151.0
0,0,1769108460.0,1,0,1,3,4,2,8,19,3,0,189.0
0,0,1756771336.0,0,0,0,0,5,3,5,0,1,0,54.0
7,0,1751270287.0,2,1,2,3,2,2,5,7,0,0,54.0
0,0,1739859226.0,2,0,2,2,2,2,0,6,1,0,50.0
0,0,1761524026.0,3,0,3,3,2,2,5,0,0,0,66.0
0,0,1752092746.0,2,0,2,2,1,3,4,20,2,0,47.0
0,0,1749187999.0,2,0,2,2,2,10,8,5,4,0,95.0
7,0,1768684385.0,3,1,3,4,4,0,5,21,5,1,26.0
0,0,1755148640.0,2,0,2,0,1,2,9,5,3,0,8.0
0,0,1763198489.0,1,0,1,5,6,5,9,9,5,1,240.0
0,0,1759720696.0,0,0,0,5,1,3,5,3,0,0,210.0
0,0,1754005191.0,2,0,2,1,1,1,4,23,3,0,24.0
0,0,1766267555.0,1,0,1,3,5,2,9,21,5,1,174.0
0,0,1768846008.0,3,0,3,0,1,2,9,18,0,0,43.0
0,0,1750137257.0,2,0,2,0,4,10,0,5,1,0,176.0
0,0,1745578022.0,1,0,1,4,1,3,0,10,4,0,236.0
0,0,1757530904.0,1,0,1,3,3,6,5,19,2,0,115.0
0,0,1754337972.0,0,0,0,5,3,2,0,20,0,0,158.0
0,0,1754002716.0,2,0,2,5,6,3,5,22,3,0,76.0
0,0,1741634416.0,1,0,1,1,5,0,0,19,0,0,157.0
0,0,1754370958.0,3,0,3,5,4,2,0,5,1,0,89.0
7,0,1741810472.0,2,1,2,0,5,3,9,20,2,0,190.0
0,0,1761995062.0,3,0,3,5,1,2,9,11,5,1,64.0
0,0,1744319217.0,1,0,1,5,6,3,5,21,3,0,215.0
0,0,1754381831.0,1,0,1,2,6,10,0,8,1,0,81.0
0,0,1737028740.0,1,0,1,5,6,4,8,11,3,0,3.0
0,0,1757022120.0,0,0,0,1,5,2,5,21,3,0,127.0
7,0,1746656499.0,2,1,2,2,2,0,5,22,2,0,64.0
0,0,1746355724.0,0,0,0,5,2,3,4,10,6,1,42.0
0,0,1764090499.0,0,0,0,2,3,1,0,17,1,0,195.0
0,0,1737129365.0,2,0,2,3,4,2,9,15,4,0,192.0
0,0,1756310761.0,0,0,0,5,4,7,4,16,2,0,163.0
0,0,1741384883.0,0,0,0,3,4,10,9,22,4,0,12.0
0,0,1741694986.0,1,0,1,1,4,2,9,12,1,0,216.0
0,0,1764727577.0,3,0,3,1,1,3,4,2,2,0,131.0
0,0,1738226388.0,2,0,2,1,3,2,5,8,3,0,54.0
0,0,1772206076.0,0,0,0,2,1,0,4,15,4,0,146.0
0,0,1762618795.0,1,0,1,1,4,1,5,16,5,1,29.0
0,0,1741121632.0,3,0,3,5,3,0,8,20,1,0,96.0
0,0,1749464043.0,1,0,1,1,5,6,5,10,0,0,73.0
0,0,1766918354.0,3,0,3,3,2,6,4,10,6,1,104.0
0,0,1766035134.0,1,0,1,5,5,2,0,5,3,0,232.0
7,0,1768352998.0,0,1,0,0,2,3,9,1,2,0,146.0
0,0,1739662497.0,0,0,0,0,5,2,9,23,5,1,208.0
0,0,1772809753.0,0,0,0,4,4,4,4,15,4,0,16.0
0,0,1759188743.0,3,0,3,0,6,0,5,23,0,0,138.0
7,0,1761522781.0,2,1,2,1,2,10,5,23,6,1,41.0
7,0,1769198765.0,0,1,0,3,2,1,5,20,4,0,234.0
0,0,1746653338.0,1,0,1,4,4,2,4,21,2,0,58.0
0,0,1767056409.0,3,0,3,3,5,3,9,1,1,0,169.0
0,0,1751692812.0,1,0,1,4,5,3,5,5,5,1,99.0
0,0,1752053563.0,2,0,2,4,3,2,0,9,2,0,231.0
0,0,1770088282.0,2,0,2,3,5,6,0,3,1,0,191.0
0,0,1745082580.0,1,0,1,2,6,1,8,17,5,1,153.0
0,0,1757999251.0,0,0,0,2,1,3,4,5,1,0,91.0
0,0,1770987879.0,1,0,1,3,4,6,9,13,4,0,207.0
0,0,1738250150.0,0,0,0,5,1,3,8,15,3,0,106.0
0,0,1743303342.0,0,0,0,2,5,0,0,2,6,1,67.0
0,0,1765642699.0,0,0,0,1,3,5,5,16,5,1,150.0
0,0,1736793516.0,3,0,3,3,1,6,0,18,0,0,69.0
0,0,1750554806.0,2,0,2,3,3,10,9,1,6,1,36.0
0,0,1760670196.0,3,0,3,1,3,2,9,3,4,0,122.0
0,0,1747398135.0,3,0,3,3,4,6,4,12,4,0,128.0
0,0,1746720862.0,0,0,0,0,4,2,8,16,3,0,70.0
0,0,1740134911.0,2,0,2,3,4,15,4,10,4,0,196.0
0,0,1740546124.0,0,0,0,4,4,2,8,5,2,0,185.0
0,0,1771064594.0,3,0,3,4,2,11,8,10,5,1,210.0
0,0,1760270955.0,3,0,3,3,6,1,5,12,6,1,26.0
0,0,1743815962.0,0,0,0,3,5,4,9,1,5,1,229.0
0,0,1754828782.0,1,0,1,2,4,0,0,12,6,1,52.0
0,0,1741286191.0,3,0,3,0,5,3,8,18,3,0,92.0
0,0,1737253590.0,1,0,1,0,4,3,5,2,6,1,60.0
0,0,1749104464.0,1,0,1,4,4,11,9,6,3,0,115.0
0,0,1740524653.0,0,0,0,0,5,2,9,23,1,0,61.0
0,0,1735750087.0,0,0,0,0,5,2,8,16,2,0,217.0
0,0,1747905809.0,3,0,3,4,3,3,8,9,3,0,60.0
0,0,1767176459.0,3,0,3,1,6,15,5,10,2,0,166.0
0,0,1743719776.0,1,0,1,3,3,2,5,22,3,0,138.0
0,0,1750325278.0,0,0,0,4,4,5,8,9,3,0,218.0
0,0,1745674062.0,3,0,3,4,1,6,9,13,5,1,166.0
0,0,1764030768.0,2,0,2,4,3,10,8,0,1,0,134.0
0,0,1762206072.0,3,0,3,5,4,1,8,21,0,0,232.0
7,0,1739152747.0,2,1,2,5,1,6,5,1,0,0,3.0
0,0,1766108889.0,3,0,3,1,3,5,8,1,4,0,69.0
7,0,1767118317.0,1,1,1,5,1,3,9,18,1,0,229.0
0,0,1753383934.0,2,0,2,3,4,11,4,19,3,0,136.0
0,0,1745769134.0,2,0,2,1,5,1,4,15,6,1,228.0
7,0,1764748446.0,3,1,3,3,6,2,5,7,2,0,222.0
0,0,1743117925.0,0,0,0,2,4,1,8,23,3,0,71.0
0,0,1763581176.0,0,0,0,2,6,4,4,19,2,0,160.0
0,0,1736094798.0,3,0,3,0,3,2,9,16,6,1,87.0
0,0,1765111993.0,3,0,3,3,5,1,4,12,6,1,152.0
0,0,1753584000.0,0,0,0,2,2,5,5,2,6,1,96.0
0,0,1766765912.0,2,0,2,0,5,5,5,16,4,0,160.0
0,0,1763991185.0,0,0,0,5,3,2,8,13,0,0,207.0
0,0,1755966936.0,1,0,1,4,1,11,0,16,5,1,217.0
0,0,1753490512.0,3,0,3,5,1,1,9,0,5,1,93.0
0,0,1763421601.0,1,0,1,0,6,10,4,23,0,0,175.0
7,0,1741911880.0,2,1,2,0,1,1,9,0,4,0,101.0
0,0,1751198668.0,1,0,1,2,1,3,5,12,6,1,221.0
0,0,1740889396.0,1,0,1,2,2,3,9,4,6,1,166.0
0,0,1770821709.0,0,0,0,3,5,6,5,14,2,0,6.0
0,0,1767974905.0,2,0,2,0,6,1,0,16,4,0,58.0
0,0,1769372534.0,2,0,2,5,2,1,8,20,6,1,191.0
7,0,1762717173.0,1,1,1,0,5,15,9,19,6,1,129.0
0,0,1766365793.0,0,0,0,2,1,1,4,1,0,0,62.0
0,0,1739627462.0,3,0,3,3,3,10,9,13,5,1,29.0
0,0,1753380527.0,1,0,1,3,6,2,4,18,3,0,6.0
0,0,1757110526.0,2,0,2,2,6,6,8,22,4,0,40.0
0,0,1769300178.0,1,0,1,3,6,5,5,0,6,1,20.0
0,0,1744678494.0,0,0,0,3,2,0,0,0,1,0,168.0
0,0,1766194787.0,2,0,2,1,2,6,5,1,5,1,85.0
0,0,1739417935.0,3,0,3,0,4,4,0,3,3,0,209.0
0,0,1762952134.0,0,0,0,3,5,5,4,12,2,0,154.0
0,0,1772135883.0,1,0,1,4,1,5,8,19,3,0,24.0
0,0,1752678211.0,0,0,0,2,6,3,0,15,2,0,157.0
0,0,1765384719.0,3,0,3,1,3,6,9,16,2,0,206.0
0,0,1738823535.0,1,0,1,4,3,4,8,6,3,0,207.0
0,0,1754214420.0,0,0,0,0,5,3,8,9,6,1,148.0
0,0,1743737359.0,3,0,3,4,1,4,4,3,4,0,2.0
0,0,1757115379.0,2,0,2,3,3,15,4,23,4,0,7.0
0,0,1737372425.0,1,0,1,0,2,2,0,11,0,0,216.0
0,0,1737162279.0,2,0,2,4,6,11,9,1,5,1,229.0
0,0,1767344182.0,3,0,3,5,4,10,9,8,4,0,219.0
0,0,1749051208.0,2,0,2,3,5,3,5,15,2,0,207.0
0,0,1764628718.0,2,0,2,0,2,5,0,22,0,0,137.0
7,0,1771773411.0,0,1,0,0,6,6,9,15,6,1,155.0
0,0,1738550042.0,0,0,0,4,1,0,4,2,0,0,50.0
0,0,1762072114.0,2,0,2,2,5,1,5,8,6,1,153.0
0,0,1737260440.0,0,0,0,3,4,1,5,4,6,1,164.0
0,0,1736609326.0,1,0,1,1,6,10,4,15,5,1,229.0
0,0,1744802485.0,1,0,1,1,2,0,4,11,2,0,135.0
0,0,1759188525.0,3,0,3,2,2,10,0,23,0,0,80.0
0,0,1758662744.0,3,0,3,1,1,5,5,21,1,0,219.0
0,0,1749042048.0,0,0,0,3,4,10,0,13,2,0,102.0
0,0,1740184072.0,3,0,3,4,3,4,4,0,5,1,115.0
0,0,1757677796.0,3,0,3,1,5,2,5,11,4,0,182.0
0,0,1743664414.0,3,0,3,1,4,3,9,7,3,0,18.0
0,0,1751983903.0,2,0,2,4,3,3,8,14,1,0,39.0
0,0,1748006931.0,1,0,1,5,1,2,5,13,4,0,185.0
0,0,1752787858.0,1,0,1,2,2,1,4,21,3,0,139.0
0,0,1760424973.0,3,0,3,3,1,1,0,6,1,0,178.0
0,0,1772692653.0,1,0,1,4,1,3,4,6,3,0,240.0
0,0,1744932703.0,0,0,0,5,6,11,5,23,3,0,30.0
0,0,1750813973.0,0,0,0,0,1,6,0,1,2,0,83.0
0,0,1770058955.0,3,0,3,5,6,3,5,19,0,0,76.0
0,0,1744209708.0,2,0,2,1,4,0,0,14,2,0,210.0
0,0,1767232180.0,0,0,0,0,2,3,9,1,3,0,109.0
0,0,1755350774.0,3,0,3,3,4,0,4,13,5,1,171.0
0,0,1766315243.0,3,0,3,0,3,4,9,11,6,1,17.0
0,0,1766704657.0,1,0,1,3,5,1,8,23,3,0,127.0
0,0,1750335602.0,3,0,3,1,3,11,8,12,3,0,106.0
0,0,1742217594.0,0,0,0,3,4,6,4,13,0,0,142.0
0,0,1748756819.0,2,0,2,3,3,3,4,5,6,1,187.0
0,0,1754264449.0,0,0,0,2,3,3,5,23,6,1,150.0
0,0,1767856803.0,1,0,1,1,4,11,4,7,3,0,219.0
0,0,1770725703.0,2,0,2,5,4,10,9,12,1,0,43.0
0,0,1751538213.0,1,0,1,4,2,3,9,10,3,0,132.0
0,0,1758733333.0,1,0,1,2,3,1,9,17,2,0,4.0
0,0,1759761910.0,2,0,2,2,4,4,5,14,0,0,226.0
0,0,1746976740.0,0,0,0,2,1,10,4,15,6,1,143.0
0,0,1769280521.0,2,0,2,2,4,6,8,18,5,1,239.0
0,0,1760685003.0,1,0,1,1,2,1,5,7,4,0,35.0
0,0,1741242370.0,1,0,1,5,1,2,5,6,3,0,72.0
0,0,1738658259.0,3,0,3,4,1,3,0,8,1,0,140.0
0,0,1765068689.0,3,0,3,1,3,3,4,0,6,1,135.0
7,0,1766805910.0,2,1,2,1,2,11,0,3,5,1,103.0
0,0,1768677331.0,1,0,1,3,2,3,5,19,5,1,53.0
0,0,1747082716.0,3,0,3,3,1,4,9,20,0,0,238.0
0,0,1765434999.0,3,0,3,4,1,2,0,6,3,0,238.0
0,0,1764818079.0,1,0,1,2,1,2,4,3,3,0,231.0
0,0,1752960098.0,1,0,1,4,3,10,8,21,5,1,228.0
0,0,1751063832.0,2,0,2,5,6,1,9,22,4,0,31.0
0,0,1742831213.0,2,0,2,2,5,10,0,15,0,0,126.0
7,0,1739388661.0,1,1,1,0,6,0,5,19,2,0,97.0
0,0,1758793252.0,0,0,0,5,4,5,9,9,3,0,217.0
0,0,1740618648.0,0,0,0,0,3,2,4,1,3,0,16.0
0,0,1739006180.0,1,0,1,3,4,2,4,9,5,1,93.0
0,0,1746605579.0,0,0,0,2,3,10,4,8,2,0,66.0
0,0,1748013605.0,3,0,3,4,3,6,4,15,4,0,157.0
0,0,1755108514.0,0,0,0,0,6,2,8,18,2,0,145.0
0,0,1749110759.0,1,0,1,3,1,3,9,8,3,0,231.0
0,0,1746249571.0,0,0,0,1,3,0,4,5,5,1,213.0
0,0,1742795558.0,3,0,3,0,4,1,8,5,0,0,30.0
0,0,1739226455.0,1,0,1,5,1,2,4,22,0,0,80.0
0,0,1768201944.0,2,0,2,3,3,11,0,7,0,0,60.0
0,0,1759212841.0,2,0,2,0,6,4,0,6,1,0,55.0
0,0,1737889690.0,2,0,2,1,1,1,4,11,6,1,161.0
0,0,1765392877.0,1,0,1,3,4,3,8,18,2,0,62.0
0,0,1751545478.0,1,0,1,4,6,10,0,12,3,0,65.0
0,0,1752506296.0,0,0,0,0,1,1,4,15,0,0,94.0
0,0,1755435872.0,1,0,1,5,1,2,9,13,6,1,184.0
0,0,1762207805.0,3,0,3,0,1,1,0,22,0,0,55.0
0,0,1771394434.0,2,0,2,3,4,4,8,6,2,0,126.0
0,0,1748074433.0,1,0,1,1,1,11,9,8,5,1,45.0
0,0,1750202968.0,0,0,0,0,2,3,8,23,1,0,155.0
0,0,1739126195.0,2,0,2,4,6,2,8,18,6,1,95.0
0,0,1762052408.0,1,0,1,5,2,6,9,3,6,1,185.0
0,0,1771933652.0,3,0,3,3,6,10,9,11,1,0,51.0
0,0,1746200170.0,1,0,1,2,4,4,9,15,4,0,93.0
0,0,1751610331.0,2,0,2,4,4,6,8,6,4,0,61.0
0,0,1764726008.0,3,0,3,4,5,11,5,1,2,0,120.0
0,0,1756137382.0,3,0,3,0,6,4,8,15,0,0,213.0
0,0,1740343776.0,0,0,0,0,3,1,4,20,6,1,17.0
0,0,1743532251.0,0,0,0,1,4,5,5,18,1,0,78.0
0,0,1772228194.0,1,0,1,4,4,5,0,21,4,0,41.0
0,0,1749047234.0,3,0,3,4,2,3,4,14,2,0,129.0
0,0,1737019807.0,2,0,2,3,6,2,0,9,3,0,180.0
0,0,1751023554.0,0,0,0,5,3,2,4,11,4,0,200.0
0,0,1751022544.0,1,0,1,3,6,10,5,11,4,0,48.0
0,0,1737741737.0,1,0,1,1,1,7,8,18,4,0,173.0
0,0,1741859147.0,2,0,2,4,6,2,5,9,3,0,130.0
7,0,1743978981.0,3,1,3,5,3,1,5,22,6,1,74.0
0,0,1756661033.0,1,0,1,4,5,10,8,17,6,1,191.0
0,0,1753622222.0,2,0,2,3,1,4,4,13,6,1,48.0
0,0,1740505912.0,0,0,0,1,2,2,9,17,1,0,84.0
0,0,1740006830.0,3,0,3,1,5,0,5,23,2,0,168.0
0,0,1760616040.0,2,0,2,0,5,10,4,12,3,0,123.0
0,0,1753299032.0,1,0,1,4,2,0,0,19,2,0,189.0
0,0,1737299028.0,1,0,1,3,1,6,4,15,6,1,239.0
0,0,1753674137.0,2,0,2,4,5,4,9,3,0,0,198.0
0,0,1771729757.0,1,0,1,3,3,2,4,3,6,1,24.0
0,0,1756097878.0,2,0,2,2,5,1,0,4,0,0,87.0
0,0,1764077440.0,2,0,2,0,4,2,5,13,1,0,170.0
0,0,1742073624.0,2,0,2,4,1,3,8,21,5,1,129.0
0,0,1751937925.0,2,0,2,5,2,1,8,1,1,0,209.0
0,0,1765763291.0,1,0,1,3,5,1,5,1,0,0,209.0
0,0,1747301766.0,1,0,1,3,6,1,9,9,3,0,169.0
0,0,1770412881.0,0,0,0,2,2,2,8,21,4,0,93.0
0,0,1771301391.0,0,0,0,0,1,2,9,4,1,0,216.0
0,0,1752277225.0,2,0,2,4,4,2,5,23,4,0,102.0
0,0,1739713592.0,0,0,0,2,1,10,8,13,6,1,18.0
7,0,1753544642.0,0,1,0,3,3,4,9,15,5,1,70.0
0,0,1770245541.0,3,0,3,0,5,2,0,22,2,0,53.0
0,0,1750937056.0,3,0,3,5,5,6,8,11,3,0,55.0
0,0,1763281606.0,2,0,2,5,3,2,4,8,6,1,148.0
7,0,1758194517.0,0,1,0,0,3,1,0,11,3,0,130.0
0,0,1770867560.0,2,0,2,4,3,2,5,3,3,0,231.0
0,0,1762847447.0,0,0,0,4,3,2,0,7,1,0,231.0
0,0,1743239496.0,1,0,1,1,4,10,0,9,5,1,146.0
0,0,1772676260.0,0,0,0,5,3,10,0,2,3,0,67.0
0,0,1742736070.0,1,0,1,3,3,3,9,13,6,1,55.0
0,0,1765565570.0,3,0,3,3,5,6,5,18,4,0,183.0
0,0,1767926423.0,0,0,0,2,6,2,5,2,4,0,202.0
0,0,1742922006.0,2,0,2,3,2,3,9,17,1,0,77.0
0,0,1764378854.0,0,0,0,0,6,2,9,1,5,1,31.0
0,0,1741684393.0,0,0,0,3,2,1,9,9,1,0,95.0
0,0,1744327941.0,3,0,3,5,4,1,5,23,3,0,203.0
0,0,1741234179.0,0,0,0,0,4,0,4,4,3,0,50.0
0,0,1746105656.0,1,0,1,3,1,0,5,13,3,0,152.0
0,0,1768091706.0,0,0,0,5,1,2,0,0,6,1,208.0
0,0,1771542345.0,2,0,2,0,4,3,8,23,3,0,16.0
0,0,1750641642.0,2,0,2,3,4,6,5,1,0,0,25.0
0,0,1759712780.0,1,0,1,0,4,1,5,1,0,0,15.0
0,0,1757660643.0,2,0,2,1,3,2,9,7,4,0,203.0
0,0,1763132399.0,0,0,0,1,4,2,9,14,4,0,195.0
0,0,1762837484.0,2,0,2,5,4,0,4,5,1,0,87.0
0,0,1752920673.0,2,0,2,0,4,3,5,10,5,1,43.0
7,0,1741340371.0,1,1,1,4,2,2,0,9,4,0,4.0
0,0,1760550555.0,0,0,0,4,2,4,4,17,2,0,147.0
0,0,1755284647.0,1,0,1,1,2,0,8,19,4,0,37.0
0,0,1767762859.0,2,0,2,4,4,6,0,5,2,0,98.0
0,0,1769914421.0,0,0,0,3,4,2,0,2,6,1,195.0
0,0,1771007379.0,2,0,2,2,3,10,0,18,4,0,56.0
0,0,1762360053.0,3,0,3,2,6,3,0,16,2,0,234.0
0,0,1746206435.0,3,0,3,3,4,2,5,17,4,0,28.0
0,0,1763072829.0,1,0,1,1,3,15,9,22,3,0,223.0
0,0,1745644138.0,1,0,1,3,3,10,9,5,5,1,138.0
0,0,1770869165.0,0,0,0,1,4,2,9,4,3,0,171.0
0,0,1766300728.0,2,0,2,5,4,3,5,7,6,1,37.0
0,0,1761349149.0,0,0,0,0,3,3,8,23,4,0,125.0
0,0,1749231050.0,1,0,1,5,6,3,4,17,4,0,58.0
0,0,1756041897.0,0,0,0,5,6,0,9,13,6,1,132.0
0,0,1735907538.0,1,0,1,5,1,3,0,12,4,0,105.0
0,0,1771056524.0,1,0,1,0,1,2,5,8,5,1,218.0
0,0,1739108555.0,3,0,3,1,1,3,8,13,6,1,67.0
0,0,1762330720.0,2,0,2,2,6,3,8,8,2,0,92.0
0,0,1754911900.0,0,0,0,5,1,3,0,11,0,0,88.0
0,0,1752127051.0,2,0,2,4,5,11,9,5,3,0,33.0
7,0,1755087220.0,0,1,0,5,5,2,4,12,2,0,203.0
0,0,1765448689.0,2,0,2,4,3,3,0,10,3,0,161.0
0,0,1764040991.0,3,0,3,5,1,6,5,3,1,0,83.0
0,0,1745188883.0,0,0,0,4,6,10,8,22,6,1,102.0
0,0,1737594780.0,0,0,0,3,6,2,0,1,3,0,80.0
0,0,1758406604.0,2,0,2,1,3,11,9,22,5,1,92.0
0,0,1761997559.0,0,0,0,1,2,2,9,11,5,1,25.0
0,0,1753309610.0,0,0,0,5,5,5,0,22,2,0,129.0
0,0,1751525970.0,1,0,1,4,6,10,5,6,3,0,129.0
0,0,1741018932.0,2,0,2,3,5,6,8,16,0,0,34.0
7,0,1766073927.0,0,1,0,4,3,0,5,16,3,0,168.0
0,0,1753539119.0,1,0,1,1,3,10,9,14,5,1,133.0
0,0,1749175112.0,3,0,3,0,4,10,0,1,4,0,90.0
0,0,1736129351.0,0,0,0,5,4,11,9,2,0,0,110.0
0,0,1761876247.0,2,0,2,4,6,2,4,2,4,0,218.0
0,0,1740654864.0,0,0,0,4,5,10,5,11,3,0,174.0
0,0,1770261860.0,3,0,3,0,2,2,9,3,3,0,138.0
0,0,1736659473.0,3,0,3,0,4,5,4,5,6,1,54.0
0,0,1745537684.0,0,0,0,0,2,7,5,23,3,0,108.0
0,0,1747388026.0,0,0,0,5,6,10,8,9,4,0,198.0
7,0,1745903000.0,3,1,3,3,3,3,8,5,1,0,134.0
0,0,1768119017.0,0,0,0,1,4,2,4,8,6,1,163.0
0,0,1759732683.0,0,0,0,2,1,15,8,6,0,0,213.0
0,0,1746225301.0,1,0,1,4,5,0,8,22,4,0,65.0
0,0,1755662352.0,1,0,1,2,1,10,9,3,2,0,28.0
0,0,1746986537.0,1,0,1,1,6,3,0,18,6,1,34.0
0,0,1745396402.0,1,0,1,1,1,2,9,8,2,0,236.0
0,0,1751136236.0,3,0,3,0,3,5,9,18,5,1,19.0
0,0,1741473430.0,2,0,2,1,4,2,4,22,5,1,213.0
0,0,1742395776.0,1,0,1,2,2,2,4,14,2,0,17.0
0,0,1750994237.0,1,0,1,5,5,3,4,3,4,0,61.0
0,0,1741631979.0,1,0,1,1,3,1,8,18,0,0,227.0
0,0,1762186841.0,2,0,2,0,3,4,4,16,0,0,55.0
0,0,1754375843.0,3,0,3,4,1,3,4,6,1,0,76.0
0,0,1765708908.0,0,0,0,2,3,2,8,10,6,1,224.0
0,0,1759919142.0,2,0,2,5,6,4,9,10,2,0,93.0
0,0,1772746117.0,2,0,2,2,1,0,8,21,3,0,9.0
0,0,1740393453.0,2,0,2,2,1,2,4,10,0,0,98.0
0,0,1760857585.0,3,0,3,1,6,2,9,7,6,1,56.0
0,0,1749168138.0,0,0,0,4,5,4,4,0,4,0,2.0
0,0,1769771219.0,1,0,1,3,6,0,9,11,4,0,144.0
0,0,1765885537.0,2,0,2,0,5,2,8,11,1,0,205.0
0,0,1756077576.0,1,0,1,0,6,3,9,23,6,1,87.0
0,0,1753565659.0,0,0,0,4,2,0,0,21,5,1,113.0
0,0,1764232090.0,3,0,3,2,1,3,0,8,3,0,57.0
0,0,1742919812.0,3,0,3,0,2,3,4,16,1,0,184.0
0,0,1741705074.0,0,0,0,0,1,2,5,14,1,0,51.0
0,0,1742507965.0,2,0,2,2,5,5,0,21,3,0,119.0
0,0,1761123692.0,2,0,2,5,6,0,8,9,2,0,158.0
7,0,1743346834.0,1,1,1,4,1,10,4,15,6,1,20.0
0,0,1772144833.0,1,0,1,5,3,6,8,22,3,0,113.0
0,0,1739008474.0,3,0,3,2,5,6,0,9,5,1,54.0
0,0,1769467296.0,0,0,0,0,2,2,4,22,0,0,86.0
0,0,1762014147.0,2,0,2,4,6,3,4,16,5,1,79.0
0,0,1754850529.0,2,0,2,3,6,1,9,18,6,1,231.0
0,0,1758726658.0,3,0,3,1,3,10,4,15,2,0,186.0
0,0,1747942243.0,1,0,1,0,5,4,9,19,3,0,82.0
0,0,1766671805.0,1,0,1,0,6,1,9,14,3,0,14.0
0,0,1771937252.0,2,0,2,3,4,5,5,12,1,0,77.0
0,0,1748829438.0,1,0,1,2,5,2,9,1,0,0,184.0
0,0,1767735622.0,3,0,3,2,3,6,9,21,1,0,114.0
0,0,1766450774.0,0,0,0,3,5,0,8,0,1,0,113.0
0,0,1764839858.0,0,0,0,4,4,10,4,9,3,0,235.0
0,0,1753021401.0,2,0,2,3,2,15,5,14,6,1,12.0
0,0,1748814742.0,1,0,1,3,4,2,4,21,6,1,100.0
0,0,1742554047.0,0,0,0,2,4,10,5,10,4,0,128.0
0,0,1744091426.0,1,0,1,5,3,2,9,5,1,0,148.0
0,0,1770818472.0,3,0,3,4,5,5,5,14,2,0,134.0
0,0,1772724490.0,1,0,1,1,6,1,0,15,3,0,198.0
0,0,1761600875.0,3,0,3,2,1,6,0,21,0,0,43.0
0,0,1755462871.0,3,0,3,2,3,6,8,20,6,1,171.0
0,0,1741978744.0,0,0,0,3,5,15,4,18,4,0,205.0
0,0,1758308964.0,2,0,2,5,5,0,9,19,4,0,193.0
0,0,1743087711.0,3,0,3,0,2,15,0,15,3,0,75.0
0,0,1758894154.0,2,0,2,0,6,6,9,13,4,0,23.0
0,0,1772562031.0,1,0,1,2,5,2,4,18,1,0,120.0
0,0,1747652775.0,2,0,2,4,2,1,8,11,0,0,21.0
0,0,1747918708.0,3,0,3,2,1,3,5,12,3,0,52.0
0,0,1766980096.0,0,0,0,2,1,3,0,3,0,0,92.0
0,0,1755075183.0,2,0,2,2,5,3,5,8,2,0,47.0
0,0,1753189243.0,0,0,0,0,2,10,9,13,1,0,158.0
0,0,1737706014.0,1,0,1,3,6,6,8,8,4,0,51.0
0,0,1765127691.0,0,0,0,4,4,6,9,17,6,1,144.0
0,0,1751949155.0,1,0,1,4,2,2,5,4,1,0,82.0
0,0,1737621581.0,1,0,1,2,5,6,5,8,3,0,234.0
0,0,1746587170.0,3,0,3,4,5,3,4,3,2,0,123.0
0,0,1756816556.0,3,0,3,1,3,10,8,12,1,0,167.0
0,0,1736083547.0,2,0,2,1,1,1,9,13,6,1,186.0
0,0,1758619912.0,1,0,1,1,2,1,4,9,1,0,179.0
0,0,1738077122.0,3,0,3,3,3,1,9,15,1,0,160.0
0,0,1737618030.0,3,0,3,3,3,3,8,7,3,0,26.0
0,0,1752012374.0,0,0,0,2,5,4,8,22,1,0,51.0
0,0,1737259743.0,0,0,0,1,5,1,8,4,6,1,131.0
0,0,1751468236.0,2,0,2,5,4,0,0,14,2,0,175.0
0,0,1750374574.0,1,0,1,0,3,11,4,23,3,0,200.0
0,0,1745506168.0,3,0,3,0,6,3,4,14,3,0,153.0
0,0,1751008261.0,3,0,3,5,5,0,8,7,4,0,137.0
0,0,1765897077.0,2,0,2,1,2,2,8,14,1,0,188.0
0,0,1771139911.0,2,0,2,4,3,3,9,7,6,1,191.0
0,0,1763518074.0,2,0,2,4,5,2,9,2,2,0,135.0
0,0,1752542369.0,2,0,2,5,1,2,8,1,1,0,19.0
0,0,1754288260.0,3,0,3,2,3,2,4,6,0,0,193.0
7,0,1751239998.0,2,1,2,5,4,10,5,23,6,1,235.0
0,0,1748020359.0,2,0,2,0,6,2,5,17,4,0,216.0
0,0,1750774674.0,2,0,2,5,5,6,5,14,1,0,12.0
0,0,1747030188.0,1,0,1,1,1,5,0,6,0,0,52.0
0,0,1753851675.0,1,0,1,1,6,6,5,5,2,0,26.0
0,0,1769736749.0,2,0,2,3,5,3,5,1,4,0,55.0
0,0,1742949187.0,2,0,2,4,4,6,4,0,2,0,185.0
0,0,1748774398.0,0,0,0,0,5,6,9,10,6,1,229.0
0,0,1761250452.0,0,0,0,1,6,6,0,20,3,0,52.0
0,0,1746422216.0,2,0,2,2,3,2,0,5,0,0,196.0
0,0,1748238009.0,0,0,0,0,2,15,4,5,0,0,159.0
0,0,1759473006.0,2,0,2,2,2,6,5,6,4,0,88.0
0,0,1746767373.0,0,0,0,5,3,2,5,5,4,0,54.0
0,0,1739044534.0,2,0,2,1,4,1,9,19,5,1,109.0
0,0,1768286766.0,3,0,3,5,4,2,8,6,1,0,136.0
0,0,1758168168.0,3,0,3,4,1,11,9,4,3,0,95.0
0,0,1764343619.0,3,0,3,0,4,3,5,15,4,0,238.0
0,0,1735994340.0,1,0,1,5,3,15,4,12,5,1,103.0
0,0,1738065994.0,1,0,1,2,1,2,0,12,1,0,19.0
0,0,1749772414.0,3,0,3,1,3,15,8,23,3,0,193.0
0,0,1753467917.0,3,0,3,3,5,0,0,18,4,0,65.0
0,0,1745232700.0,1,0,1,3,5,4,5,10,0,0,132.0
0,0,1758812609.0,1,0,1,3,2,3,0,15,3,0,24.0
0,0,1741539434.0,3,0,3,3,5,1,4,16,6,1,100.0
0,0,1757086107.0,0,0,0,0,1,6,0,15,4,0,95.0
0,0,1760987841.0,0,0,0,0,6,4,5,19,0,0,141.0
0,0,1737181506.0,1,0,1,2,2,6,8,6,5,1,145.0
0,0,1763951166.0,3,0,3,2,2,3,8,2,0,0,69.0
0,0,1759754054.0,2,0,2,0,2,2,0,12,0,0,68.0
0,0,1755930131.0,2,0,2,1,2,10,0,6,5,1,21.0
0,0,1749823483.0,2,0,2,5,2,3,4,14,4,0,218.0
0,0,1739134141.0,0,0,0,3,6,10,0,20,6,1,69.0
0,0,1746499920.0,2,0,2,2,3,4,8,2,1,0,135.0
0,0,1737781985.0,2,0,2,5,2,11,4,5,5,1,127.0
0,0,1736058727.0,0,0,0,4,3,1,9,6,6,1,122.0
0,0,1741071196.0,0,0,0,4,4,2,8,6,1,0,17.0
0,0,1747838767.0,1,0,1,3,4,3,9,14,2,0,126.0
0,0,1751158960.0,2,0,2,0,6,10,0,1,6,1,145.0
0,0,1750378716.0,0,0,0,0,5,2,4,0,4,0,174.0
0,0,1764510663.0,3,0,3,4,1,2,8,13,6,1,150.0
0,0,1748302588.0,2,0,2,2,6,3,9,23,0,0,35.0
0,0,1743755702.0,3,0,3,4,1,10,9,8,4,0,79.0
0,0,1761797216.0,0,0,0,5,1,4,9,4,3,0,91.0
0,0,1743250258.0,1,0,1,0,1,5,8,12,5,1,101.0
7,0,1759678604.0,1,1,1,3,1,11,4,15,6,1,151.0
0,0,1769119318.0,1,0,1,5,2,5,5,22,3,0,163.0
0,0,1738871508.0,3,0,3,0,3,4,5,19,3,0,45.0
0,0,1752023267.0,0,0,0,0,4,4,8,1,2,0,222.0
0,0,1772747628.0,1,0,1,1,2,5,5,21,3,0,226.0
0,0,1757056675.0,2,0,2,4,6,0,8,7,4,0,34.0
0,0,1763454786.0,1,0,1,4,1,11,9,8,1,0,238.0
0,0,1736589779.0,3,0,3,0,3,1,8,10,5,1,235.0
0,0,1764944124.0,2,0,2,4,5,7,5,14,4,0,185.0
0,0,1768570570.0,1,0,1,4,5,1,5,13,4,0,120.0
0,0,1761162721.0,3,0,3,5,2,11,8,19,2,0,26.0
0,0,1758673353.0,0,0,0,3,5,10,4,0,2,0,103.0
0,0,1736326321.0,2,0,2,2,6,6,0,8,2,0,195.0
0,0,1741370225.0,3,0,3,3,5,3,4,17,4,0,123.0
0,0,1760410732.0,1,0,1,3,3,2,4,2,1,0,19.0
0,0,1749038690.0,3,0,3,1,5,2,9,12,2,0,143.0
0,0,1754387186.0,0,0,0,1,5,2,0,9,1,0,136.0
0,0,1749617900.0,2,0,2,1,5,15,9,4,2,0,15.0
7,0,1759074614.0,2,1,2,5,2,3,9,15,6,1,64.0
0,0,1766005137.0,1,0,1,1,3,6,9,20,2,0,160.0
0,0,1736399040.0,2,0,2,0,3,2,8,5,3,0,73.0
0,0,1763518877.0,1,0,1,3,1,7,0,2,2,0,78.0
0,0,1755942475.0,1,0,1,4,1,3,0,9,5,1,113.0
0,0,1772622242.0,1,0,1,3,2,11,8,11,2,0,125.0
0,0,1771005065.0,1,0,1,3,4,10,9,17,4,0,159.0
0,0,1744151562.0,3,0,3,5,2,1,8,22,1,0,20.0
0,0,1770532037.0,2,0,2,2,6,10,8,6,6,1,150.0
0,0,1753405375.0,1,0,1,2,2,1,8,1,4,0,239.0
0,0,1762068147.0,0,0,0,0,6,1,4,7,6,1,93.0
0,0,1737492274.0,0,0,0,3,6,6,0,20,1,0,7.0
0,0,1746122696.0,2,0,2,4,5,6,8,18,3,0,36.0
0,0,1738823981.0,0,0,0,4,2,0,0,6,3,0,38.0
0,0,1772191071.0,1,0,1,0,2,2,4,11,4,0,154.0
0,0,1765990993.0,0,0,0,1,6,1,9,17,2,0,25.0
0,0,1739804702.0,3,0,3,5,4,2,9,15,0,0,183.0
0,0,1760500322.0,0,0,0,5,5,1,5,3,2,0,134.0
0,0,1752206999.0,2,0,2,2,4,0,4,4,4,0,133.0
0,0,1754354181.0,2,0,2,5,5,0,9,0,1,0,34.0
0,0,1756735652.0,1,0,1,0,3,2,5,14,0,0,3.0
0,0,1772792905.0,2,0,2,5,5,2,4,10,4,0,44.0
0,0,1753117922.0,1,0,1,4,3,11,8,17,0,0,218.0
0,0,1742798953.0,2,0,2,4,3,1,5,6,0,0,21.0
0,0,1740241464.0,1,0,1,4,4,3,8,16,5,1,158.0
0,0,1766408685.0,1,0,1,3,6,0,8,13,0,0,236.0
0,0,1758417395.0,0,0,0,4,5,4,8,1,6,1,238.0
0,0,1759624290.0,1,0,1,3,6,2,8,0,6,1,80.0
0,0,1765093388.0,1,0,1,2,6,4,4,7,6,1,51.0
0,0,1762560955.0,0,0,0,3,3,2,9,0,5,1,230.0
0,0,1735770732.0,1,0,1,1,4,0,4,22,2,0,7.0
0,0,1765915043.0,2,0,2,5,3,1,9,19,1,0,6.0
0,0,1752852036.0,2,0,2,3,5,15,0,15,4,0,87.0
0,0,1771976944.0,2,0,2,1,1,2,4,23,1,0,201.0
0,0,1742822612.0,2,0,2,3,6,2,4,13,0,0,135.0
0,0,1744677150.0,0,0,0,5,2,10,9,0,1,0,124.0
0,0,1747156919.0,1,0,1,1,4,2,8,17,1,0,200.0
0,0,1744082919.0,1,0,1,1,5,3,9,3,1,0,62.0
7,0,1766390005.0,1,1,1,1,5,4,9,7,0,0,129.0
0,0,1738238608.0,3,0,3,2,4,3,4,12,3,0,129.0
0,0,1772534135.0,1,0,1,1,5,6,0,10,1,0,186.0
0,0,1735718609.0,1,0,1,2,6,2,9,8,2,0,232.0
0,0,1741311646.0,1,0,1,2,5,1,4,1,4,0,110.0
0,0,1739488110.0,2,0,2,4,2,4,5,23,3,0,86.0
0,0,1741343455.0,1,0,1,5,2,3,4,10,4,0,134.0
0,0,1742899841.0,3,0,3,5,3,1,0,10,1,0,97.0
0,0,1737786060.0,0,0,0,5,2,0,5,6,5,1,24.0
0,0,1770085810.0,2,0,2,5,3,4,9,2,1,0,140.0
0,0,1735982701.0,0,0,0,0,6,11,0,9,5,1,74.0
0,0,1756840939.0,3,0,3,3,5,6,4,19,1,0,129.0
0,0,1739914045.0,0,0,0,5,1,1,9,21,1,0,118.0
0,0,1736788313.0,2,0,2,1,5,4,8,17,0,0,6.0
0,0,1761470871.0,0,0,0,2,4,1,5,9,6,1,37.0
0,0,1757191907.0,1,0,1,5,6,1,4,20,5,1,153.0
0,0,1758439888.0,2,0,2,1,6,1,9,7,6,1,133.0
0,0,1758597513.0,0,0,0,5,2,10,4,3,1,0,122.0
0,0,1752310632.0,3,0,3,0,4,4,5,8,5,1,191.0
0,0,1757907974.0,1,0,1,5,2,3,8,3,0,0,153.0
0,0,1748297771.0,2,0,2,3,5,1,4,22,0,0,230.0
0,0,1764365373.0,0,0,0,3,3,2,4,21,4,0,163.0
0,0,1741693362.0,1,0,1,3,3,5,9,11,1,0,10.0
0,0,1735773490.0,0,0,0,4,2,2,4,23,2,0,195.0
0,0,1769066922.0,1,0,1,2,6,2,0,7,3,0,61.0
0,0,1758274272.0,2,0,2,3,4,0,5,9,4,0,22.0
0,0,1743783192.0,2,0,2,2,4,2,4,16,4,0,16.0
0,0,1751417938.0,0,0,0,0,4,5,4,0,2,0,197.0
0,0,1759037751.0,2,0,2,0,6,1,0,5,6,1,42.0
0,0,1753789757.0,1,0,1,5,4,2,4,11,1,0,113.0
0,0,1764337722.0,2,0,2,5,4,11,0,13,4,0,107.0
0,0,1758219131.0,2,0,2,5,6,1,4,18,3,0,226.0
0,0,1751845999.0,2,0,2,3,6,10,8,23,6,1,73.0
0,0,1749915232.0,2,0,2,1,4,3,8,15,5,1,221.0
0,0,1763478426.0,1,0,1,3,4,3,9,15,1,0,193.0
0,0,1764490676.0,1,0,1,5,6,1,4,8,6,1,223.0
0,0,1745486555.0,0,0,0,0,5,3,9,9,3,0,91.0
0,0,1756925384.0,1,0,1,3,5,3,5,18,2,0,125.0
0,0,1750073129.0,2,0,2,4,1,4,0,11,0,0,169.0
0,0,1738466028.0,1,0,1,3,3,4,9,3,6,1,78.0
0,0,1742572104.0,0,0,0,5,1,2,9,15,4,0,149.0
7,0,1752449445.0,0,1,0,3,3,4,4,23,6,1,193.0
0,0,1744977914.0,2,0,2,3,4,2,4,12,4,0,30.0
0,0,1752728008.0,3,0,3,4,4,2,5,4,3,0,79.0
0,0,1768985040.0,2,0,2,0,6,2,9,8,2,0,198.0
0,0,1753543546.0,2,0,2,1,5,10,5,15,5,1,234.0
0,0,1744627370.0,3,0,3,1,4,1,4,10,0,0,11.0
0,0,1766325416.0,1,0,1,3,5,2,4,13,6,1,102.0
0,0,1748130613.0,3,0,3,1,6,2,8,23,5,1,112.0
0,0,1740495465.0,3,0,3,2,4,2,0,14,1,0,123.0
0,0,1770955324.0,2,0,2,3,2,7,0,4,4,0,238.0
0,0,1743236769.0,3,0,3,0,3,2,5,8,5,1,236.0
0,0,1747081301.0,3,0,3,2,3,0,8,20,0,0,45.0
0,0,1754086078.0,1,0,1,4,1,0,5,22,4,0,226.0
0,0,1761396510.0,1,0,1,1,5,6,5,12,5,1,206.0
0,0,1749770250.0,0,0,0,2,4,4,8,23,3,0,207.0
0,0,1746525137.0,1,0,1,1,2,3,9,9,1,0,116.0
7,0,1742105725.0,2,1,2,3,5,6,4,6,6,1,130.0
0,0,1740646439.0,2,0,2,4,1,2,9,8,3,0,47.0
0,0,1748291753.0,1,0,1,1,3,5,5,20,0,0,90.0
0,0,1763711783.0,1,0,1,3,5,2,8,7,4,0,191.0
0,0,1748502736.0,2,0,2,4,2,3,5,7,3,0,192.0
0,0,1735864267.0,2,0,2,3,1,6,0,0,4,0,238.0
0,0,1739625024.0,2,0,2,3,5,4,8,13,5,1,45.0
0,0,1740901564.0,1,0,1,5,5,0,5,7,6,1,219.0
0,0,1745990409.0,2,0,2,3,5,2,9,5,2,0,24.0
0,0,1750325728.0,3,0,3,2,5,3,5,9,3,0,147.0
0,0,1740383464.0,0,0,0,5,3,10,0,7,0,0,240.0
0,0,1763910501.0,3,0,3,1,5,11,0,15,6,1,115.0
0,0,1754608684.0,0,0,0,2,4,3,8,23,3,0,147.0
0,0,1766360689.0,2,0,2,0,6,2,8,23,6,1,93.0
0,0,1738700914.0,2,0,2,0,1,3,5,20,1,0,62.0
0,0,1747602986.0,3,0,3,2,2,2,5,21,6,1,7.0
0,0,1749744859.0,0,0,0,5,6,10,5,16,3,0,97.0
0,0,1740187052.0,3,0,3,1,3,2,9,1,5,1,48.0
0,0,1765880657.0,3,0,3,3,4,1,8,10,1,0,167.0
0,0,1765164114.0,0,0,0,0,5,10,4,3,0,0,222.0
0,0,1745933668.0,2,0,2,5,4,3,5,13,1,0,134.0
0,0,1763886255.0,1,0,1,4,5,0,9,8,6,1,214.0
0,0,1767070913.0,3,0,3,1,2,2,9,5,1,0,74.0
7,0,1763574994.0,0,1,0,2,2,6,8,17,2,0,155.0
0,0,1760335264.0,3,0,3,5,1,2,8,6,0,0,212.0
0,0,1751326031.0,2,0,2,2,4,0,4,23,0,0,140.0
0,0,1749096344.0,2,0,2,3,4,10,9,4,3,0,38.0
0,0,1739017670.0,1,0,1,4,5,3,9,12,5,1,110.0
0,0,1768749125.0,2,0,2,0,5,0,5,15,6,1,111.0
0,0,1743005969.0,0,0,0,2,5,10,5,16,2,0,170.0
0,0,1770264906.0,1,0,1,3,2,2,9,4,3,0,187.0
0,0,1752430549.0,2,0,2,5,1,10,5,18,6,1,59.0
0,0,1750968188.0,3,0,3,5,3,10,4,20,3,0,199.0
0,0,1757488439.0,0,0,0,4,2,2,5,7,2,0,36.0
0,0,1772816787.0,2,0,2,5,6,10,5,17,4,0,93.0
0,0,1747544311.0,0,0,0,2,2,6,4,4,6,1,134.0
0,0,1749555041.0,0,0,0,5,1,6,8,11,1,0,82.0
0,0,1736544885.0,3,0,3,3,2,6,5,21,4,0,191.0
0,0,1764244362.0,3,0,3,5,2,11,4,11,3,0,105.0
0,0,1741589437.0,0,0,0,3,2,2,4,6,0,0,124.0
0,0,1770079151.0,3,0,3,0,1,3,0,0,1,0,225.0
0,0,1772715212.0,0,0,0,3,3,3,9,12,3,0,236.0
0,0,1753868479.0,1,0,1,5,1,2,5,9,2,0,125.0
0,0,1739558545.0,2,0,2,2,6,2,5,18,4,0,114.0
0,0,1771378553.0,1,0,1,5,4,2,4,1,2,0,212.0
0,0,1762004986.0,0,0,0,4,1,1,0,13,5,1,235.0
0,0,1772553827.0,2,0,2,2,5,0,8,16,1,0,173.0
0,0,1767525582.0,2,0,2,1,5,1,0,11,6,1,96.0
0,0,1751926669.0,0,0,0,5,1,1,4,22,0,0,67.0
0,0,1758468251.0,0,0,0,1,2,3,0,15,6,1,147.0
0,0,1754886298.0,0,0,0,1,2,2,0,4,0,0,138.0
0,0,1759024955.0,3,0,3,1,6,4,8,2,6,1,110.0
0,0,1767668014.0,1,0,1,5,4,2,0,2,1,0,96.0
0,0,1762061823.0,1,0,1,5,2,0,5,5,6,1,18.0
0,0,1739792260.0,3,0,3,5,6,6,9,11,0,0,166.0
0,0,1759093216.0,3,0,3,2,3,11,9,21,6,1,195.0
0,0,1747724627.0,2,0,2,0,2,11,5,7,1,0,130.0
0,0,1763490906.0,1,0,1,3,4,3,4,18,1,0,80.0
0,0,1740515803.0,3,0,3,5,3,2,5,20,1,0,231.0
0,0,1751444848.0,0,0,0,2,3,1,0,8,2,0,226.0
7,0,1759696794.0,3,1,3,2,4,6,9,20,6,1,172.0
0,0,1770564548.0,3,0,3,5,5,2,5,15,6,1,71.0
0,0,1764473832.0,0,0,0,4,6,6,9,3,6,1,207.0
0,0,1772225619.0,3,0,3,5,3,3,8,20,4,0,201.0
0,0,1750744241.0,0,0,0,5,6,6,9,5,1,0,210.0
0,0,1748588511.0,1,0,1,2,4,3,0,7,4,0,226.0
0,0,1760347128.0,0,0,0,5,5,2,0,9,0,0,216.0
0,0,1758243629.0,2,0,2,0,2,0,0,1,4,0,147.0
0,0,1768500122.0,3,0,3,3,6,3,5,18,3,0,104.0
0,0,1745891706.0,1,0,1,3,1,10,4,1,1,0,92.0
0,0,1761896882.0,0,0,0,0,5,5,4,7,4,0,18.0
0,0,1758550224.0,1,0,1,3,2,10,8,14,0,0,240.0
0,0,1748753834.0,1,0,1,0,1,2,0,4,6,1,44.0
0,0,1762564794.0,1,0,1,4,6,3,0,1,5,1,44.0
0,0,1745146244.0,1,0,1,2,1,1,9,10,6,1,19.0
0,0,1767219816.0,3,0,3,5,4,6,5,22,2,0,103.0
0,0,1747305627.0,2,0,2,0,6,1,0,10,3,0,95.0
0,0,1754968291.0,2,0,2,5,5,6,0,3,1,0,181.0
0,0,1755355622.0,0,0,0,2,1,1,8,14,5,1,45.0
0,0,1752340083.0,2,0,2,5,4,2,4,17,5,1,125.0
0,0,1745626119.0,2,0,2,1,2,10,4,0,5,1,231.0
0,0,1739360954.0,2,0,2,3,3,3,4,11,2,0,180.0
0,0,1743192887.0,3,0,3,4,1,5,5,20,4,0,101.0
0,0,1753917035.0,2,0,2,3,6,11,0,23,2,0,80.0
0,0,1764912808.0,0,0,0,5,5,2,0,5,4,0,16.0
0,0,1758243713.0,1,0,1,1,4,2,0,1,4,0,73.0
0,0,1760085113.0,3,0,3,3,5,3,5,8,4,0,154.0
0,0,1758684365.0,3,0,3,4,3,11,4,3,2,0,173.0
0,0,1755939870.0,0,0,0,4,6,2,9,9,5,1,7.0
0,0,1763041875.0,0,0,0,2,5,6,8,13,3,0,107.0
0,0,1758155187.0,2,0,2,4,5,3,9,0,3,0,170.0
7,0,1759420666.0,2,1,2,1,1,10,5,15,3,0,88.0
0,0,1765282118.0,2,0,2,4,1,6,0,12,1,0,143.0
0,0,1758496373.0,2,0,2,2,3,11,8,23,6,1,135.0
0,0,1743845967.0,2,0,2,5,6,11,9,9,5,1,158.0
0,0,1738168161.0,0,0,0,5,1,10,9,16,2,0,7.0
0,0,1754534635.0,3,0,3,3,4,3,8,2,3,0,58.0
0,0,1758022021.0,1,0,1,0,6,3,8,11,1,0,112.0
0,0,1766625723.0,3,0,3,2,6,11,0,1,3,0,153.0
0,0,1749642696.0,2,0,2,4,3,2,5,11,2,0,100.0
0,0,1750188101.0,2,0,2,5,6,2,5,19,1,0,96.0
0,0,1739154667.0,2,0,2,1,3,1,4,2,0,0,94.0
0,0,1764143047.0,0,0,0,0,3,6,9,7,2,0,107.0
0,0,1769887437.0,0,0,0,3,1,10,9,19,5,1,2.0
0,0,1752806037.0,0,0,0,5,6,3,8,2,4,0,199.0
0,0,1766183446.0,2,0,2,1,2,2,9,22,4,0,177.0
0,0,1743616861.0,1,0,1,0,5,2,8,18,2,0,198.0
0,0,1768336550.0,3,0,3,5,6,3,0,20,1,0,173.0
0,0,1766264776.0,2,0,2,5,2,15,0,21,5,1,136.0
0,0,1738413175.0,2,0,2,4,6,1,5,12,5,1,183.0
0,0,1737694365.0,0,0,0,5,3,1,9,4,4,0,70.0
0,0,1771262267.0,0,0,0,5,1,2,4,17,0,0,198.0
0,0,1755324102.0,1,0,1,4,5,11,8,6,5,1,223.0
0,0,1760629292.0,0,0,0,4,2,2,5,15,3,0,237.0
0,0,1772058273.0,2,0,2,2,3,2,9,22,2,0,71.0
0,0,1741850882.0,2,0,2,1,1,2,4,7,3,0,217.0
0,0,1769384112.0,1,0,1,2,3,6,0,23,6,1,143.0
0,0,1759181195.0,2,0,2,2,3,10,9,21,0,0,58.0
0,0,1754216245.0,3,0,3,5,1,15,9,10,6,1,104.0
0,0,1743145646.0,3,0,3,4,5,10,9,7,4,0,106.0
0,0,1738222642.0,0,0,0,2,3,3,9,7,3,0,66.0
0,0,1766285929.0,0,0,0,2,3,1,8,2,6,1,93.0
0,0,1771685189.0,2,0,2,0,1,1,8,14,5,1,199.0
0,0,1763838816.0,2,0,2,4,5,1,4,19,5,1,205.0
0,0,1757159227.0,3,0,3,1,3,5,0,11,5,1,5.0
0,0,1752458514.0,2,0,2,5,3,6,9,2,0,0,115.0
0,0,1747329412.0,3,0,3,2,6,2,9,17,3,0,215.0
0,0,1757998895.0,0,0,0,3,3,11,8,5,1,0,45.0
0,0,1755112580.0,1,0,1,3,1,4,9,19,2,0,172.0
0,0,1766436683.0,3,0,3,4,4,6,5,20,0,0,201.0
0,0,1760082216.0,1,0,1,5,5,6,9,7,4,0,10.0
0,0,1751565146.0,1,0,1,1,1,2,8,17,3,0,121.0
0,0,1748719366.0,1,0,1,3,1,11,9,19,5,1,238.0
0,0,1770257027.0,0,0,0,0,3,3,8,2,3,0,132.0
0,0,1768884518.0,1,0,1,2,4,6,8,4,1,0,160.0
0,0,1744528107.0,2,0,2,4,1,5,5,7,6,1,134.0
0,0,1745238301.0,0,0,0,5,2,2,0,12,0,0,43.0
0,0,1740455028.0,2,0,2,4,5,11,9,3,1,0,183.0
0,0,1771674421.0,0,0,0,5,5,2,8,11,5,1,194.0
0,0,1741330680.0,0,0,0,5,4,6,8,6,4,0,203.0
0,0,1757296265.0,1,0,1,2,4,0,5,1,0,0,225.0
0,0,1740734010.0,0,0,0,0,1,10,0,9,4,0,217.0
7,0,1756474725.0,0,1,0,3,6,2,9,13,4,0,236.0
0,0,1766692653.0,1,0,1,4,5,0,9,19,3,0,32.0
0,0,1752453269.0,0,0,0,2,5,6,4,0,0,0,28.0
0,0,1770446228.0,3,0,3,2,6,10,8,6,5,1,105.0
0,0,1740470220.0,2,0,2,0,6,5,5,7,1,0,45.0
0,0,1743951725.0,0,0,0,5,1,10,4,15,6,1,51.0
0,0,1747313041.0,1,0,1,0,4,2,8,12,3,0,41.0
0,0,1761996086.0,1,0,1,3,2,3,8,11,5,1,57.0
0,0,1750571946.0,1,0,1,1,2,3,4,5,6,1,17.0
0,0,1752530346.0,0,0,0,3,4,3,8,21,0,0,23.0
0,0,1745569877.0,3,0,3,5,4,11,9,8,4,0,78.0
0,0,1751546138.0,1,0,1,1,1,11,4,12,3,0,64.0
0,0,1756022888.0,1,0,1,4,3,11,4,8,6,1,67.0
0,0,1761701298.0,1,0,1,3,3,3,9,1,2,0,180.0
0,0,1738855269.0,3,0,3,1,4,2,5,15,3,0,117.0
0,0,1744256801.0,3,0,3,4,4,3,4,3,3,0,7.0
0,0,1771380117.0,0,0,0,4,5,0,8,2,2,0,77.0
0,0,1767376101.0,2,0,2,4,1,11,4,17,4,0,208.0
0,0,1742834586.0,2,0,2,1,1,4,9,16,0,0,77.0
7,0,1762423328.0,1,1,1,4,3,10,0,10,3,0,230.0
0,0,1736524091.0,2,0,2,1,3,2,9,15,4,0,161.0
0,0,1752114825.0,2,0,2,1,5,0,9,2,3,0,22.0
0,0,1768080041.0,1,0,1,0,5,1,5,21,5,1,30.0
0,0,1771545765.0,2,0,2,5,2,2,4,0,4,0,67.0
0,0,1742494806.0,1,0,1,2,5,1,9,18,3,0,91.0
0,0,1752363120.0,0,0,0,1,5,15,4,23,5,1,233.0
0,0,1764929254.0,0,0,0,1,5,0,0,10,4,0,187.0
7,0,1766600210.0,0,1,0,3,1,6,0,18,2,0,180.0
0,0,1748455070.0,0,0,0,0,5,6,4,17,2,0,226.0
7,0,1750426504.0,3,1,3,4,1,1,8,13,4,0,101.0
0,0,1761906264.0,1,0,1,3,6,11,8,10,4,0,46.0
0,0,1747941384.0,0,0,0,2,2,2,0,19,3,0,192.0
0,0,1744847304.0,3,0,3,0,2,1,5,23,2,0,198.0
0,0,1767559899.0,3,0,3,4,5,2,9,20,6,1,153.0
0,0,1742480347.0,0,0,0,0,6,2,8,14,3,0,75.0
0,0,1770216067.0,1,0,1,2,4,1,4,14,2,0,168.0
0,0,1747911311.0,1,0,1,0,1,3,5,10,3,0,187.0
0,0,1756084468.0,0,0,0,1,3,11,8,1,0,0,165.0
0,0,1760923234.0,1,0,1,2,6,15,4,1,0,0,187.0
0,0,1765299051.0,2,0,2,5,3,10,0,16,1,0,35.0
0,0,1766312980.0,2,0,2,2,3,1,9,10,6,1,181.0
0,0,1738519094.0,1,0,1,2,5,5,9,17,6,1,58.0
0,0,1757644963.0,2,0,2,5,5,1,9,2,4,0,94.0
0,0,1747361290.0,0,0,0,2,3,0,4,2,4,0,211.0
7,0,1761411346.0,3,1,3,2,1,3,0,16,5,1,75.0
0,0,1751424694.0,2,0,2,3,3,2,4,2,2,0,41.0
0,0,1763249798.0,0,0,0,3,1,0,5,23,5,1,88.0
0,0,1752570510.0,2,0,2,4,4,5,0,9,1,0,36.0
0,0,1744922418.0,3,0,3,5,5,0,9,20,3,0,175.0
0,0,1753395545.0,0,0,0,4,5,11,5,22,3,0,139.0
0,0,1770393071.0,1,0,1,5,3,2,8,15,4,0,218.0
0,0,1737204989.0,3,0,3,0,5,4,5,12,5,1,82.0
0,0,1768610453.0,3,0,3,3,4,6,9,0,5,1,236.0
0,0,1769116743.0,2,0,2,0,6,6,5,21,3,0,193.0
0,0,1749244245.0,3,0,3,4,5,11,0,21,4,0,12.0
0,0,1747892227.0,0,0,0,2,1,11,5,5,3,0,166.0
0,0,1756502299.0,0,0,0,1,2,2,9,21,4,0,3.0
7,0,1749906993.0,0,1,0,2,5,2,9,13,5,1,144.0
0,0,1771178794.0,0,0,0,1,3,0,8,18,6,1,147.0
0,0,1767182820.0,0,0,0,1,6,3,8,12,2,0,164.0
0,0,1751689506.0,2,0,2,2,3,15,8,4,5,1,179.0
0,0,1752567389.0,3,0,3,1,1,11,8,8,1,0,237.0
0,0,1755351954.0,1,0,1,5,3,1,8,13,5,1,81.0
0,0,1761128931.0,2,0,2,2,2,3,4,10,2,0,82.0
0,0,1756092137.0,3,0,3,3,1,2,0,3,0,0,236.0
0,0,1748688255.0,0,0,0,2,3,2,5,10,5,1,56.0
0,0,1760675660.0,0,0,0,4,1,15,9,4,4,0,143.0
0,0,1753804139.0,3,0,3,4,1,10,5,15,1,0,16.0
0,0,1770751413.0,3,0,3,0,3,2,5,19,1,0,229.0
0,0,1739953302.0,1,0,1,3,2,1,0,8,2,0,68.0
0,0,1765798706.0,3,0,3,5,2,0,4,11,0,0,220.0
0,0,1754787000.0,0,0,0,4,6,0,8,0,6,1,51.0
0,0,1770648867.0,3,0,3,3,6,2,4,14,0,0,143.0
0,0,1753684163.0,3,0,3,1,6,3,5,6,0,0,167.0
0,0,1741405178.0,0,0,0,0,1,1,5,3,5,1,84.0
0,0,1770428835.0,1,0,1,1,3,6,5,1,5,1,191.0
0,0,1754113635.0,3,0,3,1,1,3,9,5,5,1,78.0
0,0,1741500285.0,1,0,1,2,4,2,8,6,6,1,222.0
0,0,1740437765.0,3,0,3,5,6,1,4,22,0,0,31.0
0,0,1760564914.0,1,0,1,3,6,1,4,21,2,0,20.0
0,0,1754259226.0,3,0,3,3,4,3,5,22,6,1,102.0
0,0,1771714647.0,3,0,3,1,5,1,9,22,5,1,140.0
0,0,1757416055.0,2,0,2,1,5,2,8,11,1,0,189.0
0,0,1767189218.0,1,0,1,3,3,4,4,13,2,0,196.0
0,0,1746712858.0,0,0,0,2,1,0,0,14,3,0,93.0
0,0,1740836916.0,3,0,3,1,4,1,0,13,5,1,195.0
0,0,1770410451.0,2,0,2,2,6,10,4,20,4,0,186.0
0,0,1756371454.0,1,0,1,2,6,2,0,8,3,0,191.0
7,0,1771632919.0,1,1,1,5,5,10,5,0,5,1,176.0
0,0,1757297793.0,1,0,1,3,5,1,0,2,0,0,175.0
0,0,1735890909.0,0,0,0,4,6,10,5,7,4,0,212.0
0,0,1757422479.0,0,0,0,5,4,2,0,12,1,0,240.0
0,0,1739808778.0,2,0,2,5,2,2,0,16,0,0,156.0
0,0,1761336002.0,3,0,3,0,2,2,0,20,4,0,143.0
0,0,1740192436.0,3,0,3,2,5,2,0,2,5,1,96.0
0,0,1738964097.0,1,0,1,1,2,1,5,21,4,0,47.0
0,0,1753523062.0,2,0,2,0,6,3,5,9,5,1,170.0
0,0,1739325428.0,0,0,0,4,6,5,4,1,2,0,103.0
0,0,1759529350.0,0,0,0,0,4,3,5,22,4,0,129.0
0,0,1749578926.0,2,0,2,4,4,3,8,18,1,0,219.0
0,0,1752789796.0,2,0,2,5,6,2,4,22,3,0,23.0
0,0,1759891738.0,3,0,3,3,6,15,8,2,2,0,13.0
0,0,1745599740.0,3,0,3,5,1,0,4,16,4,0,90.0
0,0,1767120481.0,1,0,1,4,1,6,9,18,1,0,205.0
0,0,1750077113.0,1,0,1,2,1,1,5,12,0,0,219.0
0,0,1748345005.0,1,0,1,0,5,11,0,11,1,0,10.0
0,0,1756157889.0,1,0,1,0,5,4,0,21,0,0,52.0
0,0,1767081059.0,3,0,3,4,3,2,0,7,1,0,187.0
0,0,1752385400.0,0,0,0,2,1,2,8,5,6,1,63.0
0,0,1758649195.0,2,0,2,1,5,3,0,17,1,0,60.0
0,0,1740668736.0,3,0,3,5,6,3,5,15,3,0,137.0
0,0,1736191752.0,3,0,3,3,3,3,0,19,0,0,122.0
0,0,1744275799.0,0,0,0,1,4,3,0,9,3,0,57.0
0,0,1766067358.0,0,0,0,4,1,3,4,14,3,0,59.0
0,0,1767403572.0,1,0,1,5,2,1,4,1,5,1,190.0
0,0,1746760868.0,3,0,3,2,1,3,8,3,4,0,193.0
0,0,1753495228.0,0,0,0,2,2,3,9,2,5,1,129.0
0,0,1751948694.0,1,0,1,3,3,2,8,4,1,0,77.0
0,0,1753351332.0,0,0,0,2,6,3,4,10,3,0,179.0
0,0,1752876436.0,2,0,2,1,3,0,0,22,4,0,18.0
0,0,1765205119.0,2,0,2,0,4,2,4,14,0,0,88.0
0,0,1769042280.0,1,0,1,1,2,2,0,0,3,0,168.0
0,0,1758549338.0,0,0,0,4,2,0,0,13,0,0,125.0
0,0,1744292699.0,2,0,2,4,4,2,8,13,3,0,172.0
0,0,1746135721.0,1,0,1,1,6,3,4,21,3,0,130.0
0,0,1770481612.0,3,0,3,3,2,1,0,16,5,1,201.0
0,0,1771458323.0,3,0,3,2,6,1,9,23,2,0,183.0
0,0,1745046843.0,1,0,1,4,6,6,0,7,5,1,231.0
0,0,1756879840.0,2,0,2,3,4,2,5,6,2,0,132.0
0,0,1748925308.0,1,0,1,5,4,3,8,4,1,0,195.0
0,0,1757389481.0,2,0,2,4,1,5,8,3,1,0,203.0
0,0,1750114371.0,3,0,3,3,6,0,5,22,0,0,82.0
0,0,1763398299.0,0,0,0,4,4,10,5,16,0,0,122.0
0,0,1760686090.0,1,0,1,0,2,10,4,7,4,0,178.0
0,0,1743784453.0,0,0,0,1,1,10,0,16,4,0,165.0
0,0,1743488131.0,3,0,3,1,6,3,5,6,1,0,107.0
0,0,1741035043.0,1,0,1,5,1,10,9,20,0,0,115.0
7,0,1763297417.0,0,1,0,3,6,15,9,12,6,1,136.0
0,0,1758118760.0,0,0,0,1,2,0,0,14,2,0,56.0
0,0,1758391069.0,1,0,1,0,3,4,5,17,5,1,36.0
0,0,1772115961.0,3,0,3,4,1,1,5,14,3,0,119.0
0,0,1756382735.0,2,0,2,3,4,6,9,12,3,0,111.0
0,0,1758912612.0,2,0,2,2,5,2,5,18,4,0,161.0
0,0,1746390382.0,3,0,3,1,2,2,5,20,6,1,146.0
0,0,1769239224.0,0,0,0,2,6,0,9,7,5,1,88.0
0,0,1756335215.0,3,0,3,3,4,6,5,22,2,0,79.0
0,0,1742080397.0,3,0,3,2,4,2,0,23,5,1,180.0
0,0,1772598274.0,3,0,3,0,6,0,4,4,2,0,14.0
0,0,1738820594.0,2,0,2,0,1,5,0,5,3,0,215.0
0,0,1760755180.0,2,0,2,4,1,6,8,2,5,1,200.0
0,0,1769058893.0,3,0,3,4,1,2,5,5,3,0,113.0
0,0,1757687654.0,1,0,1,5,6,3,8,14,4,0,240.0
0,0,1765985549.0,2,0,2,3,5,3,4,15,2,0,71.0
0,0,1768150014.0,0,0,0,3,2,15,9,16,6,1,186.0
0,0,1744862830.0,3,0,3,5,6,6,8,4,3,0,56.0
0,0,1747669282.0,1,0,1,1,2,6,4,15,0,0,114.0
0,0,1759919250.0,2,0,2,5,2,10,0,10,2,0,116.0
0,0,1741653894.0,3,0,3,0,6,10,4,0,1,0,75.0
0,0,1772276961.0,2,0,2,5,6,10,5,11,5,1,28.0
0,0,1745784755.0,0,0,0,0,4,2,9,20,6,1,50.0
0,0,1758525077.0,3,0,3,0,5,2,0,7,0,0,101.0
0,0,1770477546.0,0,0,0,5,3,0,5,15,5,1,21.0
0,0,1758639048.0,1,0,1,4,5,2,4,14,1,0,37.0
0,0,1736866646.0,2,0,2,4,1,11,5,14,1,0,11.0
0,0,1744449893.0,1,0,1,2,2,2,4,9,5,1,215.0
0,0,1772794562.0,3,0,3,2,5,5,0,10,4,0,18.0
7,0,1741028532.0,2,1,2,2,2,0,8,19,0,0,194.0
0,0,1740928713.0,1,0,1,5,4,2,5,15,6,1,153.0
0,0,1761251229.0,1,0,1,4,3,0,0,20,3,0,143.0
0,0,1755538077.0,3,0,3,3,1,15,5,17,0,0,81.0
0,0,1738378342.0,1,0,1,5,3,2,5,2,5,1,32.0
0,0,1738558740.0,1,0,1,4,6,5,0,4,0,0,75.0
0,0,1738815767.0,1,0,1,5,6,6,4,4,3,0,182.0
0,0,1763943338.0,0,0,0,1,1,2,0,0,0,0,92.0
0,0,1769486429.0,3,0,3,2,2,10,5,4,1,0,71.0
0,0,1735962081.0,1,0,1,0,6,1,8,3,5,1,46.0
0,0,1758225993.0,0,0,0,0,5,4,0,20,3,0,157.0
0,0,1745036312.0,3,0,3,2,1,2,4,4,5,1,34.0
0,0,1747052587.0,2,0,2,1,5,3,8,12,0,0,220.0
0,0,1765762330.0,1,0,1,1,1,3,0,1,0,0,155.0
0,0,1771715827.0,0,0,0,2,3,1,4,23,5,1,11.0
0,0,1758983388.0,1,0,1,5,4,2,4,14,5,1,228.0
0,0,1759692322.0,3,0,3,1,2,3,5,19,6,1,20.0
0,0,1738391354.0,2,0,2,0,1,1,4,6,5,1,9.0
0,0,1772286563.0,1,0,1,3,3,2,5,13,5,1,162.0
0,0,1758605757.0,3,0,3,2,3,2,8,5,1,0,26.0
0,0,1755332411.0,2,0,2,3,2,3,5,8,5,1,199.0
0,0,1738284898.0,1,0,1,5,6,2,4,0,4,0,53.0
0,0,1745851998.0,0,0,0,2,1,6,4,14,0,0,25.0
0,0,1753738791.0,1,0,1,0,4,10,9,21,0,0,55.0
0,0,1738808482.0,0,0,0,2,5,4,9,2,3,0,175.0
0,0,1739737456.0,3,0,3,0,6,1,4,20,6,1,172.0
0,0,1759410466.0,0,0,0,5,1,2,0,13,3,0,56.0
0,0,1745888193.0,2,0,2,4,5,0,4,0,1,0,207.0
0,0,1766065117.0,1,0,1,3,4,2,0,13,3,0,171.0
0,0,1771319508.0,3,0,3,4,6,10,0,9,1,0,167.0
7,0,1764498637.0,2,1,2,2,5,11,9,10,6,1,224.0
0,0,1769261130.0,1,0,1,0,6,2,0,13,5,1,74.0
0,0,1757078322.0,0,0,0,1,5,3,9,13,4,0,43.0
0,0,1760294927.0,0,0,0,3,5,1,9,18,6,1,167.0
7,0,1752701775.0,1,1,1,2,6,3,9,21,2,0,111.0
0,0,1751497010.0,0,0,0,3,4,11,5,22,2,0,52.0
0,0,1765479269.0,0,0,0,1,6,1,0,18,3,0,119.0
0,0,1746105431.0,1,0,1,0,2,2,9,13,3,0,125.0
0,0,1753822915.0,2,0,2,3,3,1,4,21,1,0,84.0
0,0,1767052130.0,2,0,2,5,1,2,5,23,0,0,41.0
0,0,1764815717.0,2,0,2,1,4,2,0,2,3,0,73.0
0,0,1756669985.0,1,0,1,1,1,2,8,19,6,1,207.0
0,0,1743213502.0,3,0,3,1,5,0,9,1,5,1,208.0
7,0,1739058704.0,0,1,0,4,2,10,5,23,5,1,44.0
0,0,1736943375.0,2,0,2,4,3,4,4,12,2,0,208.0
0,0,1746081737.0,0,0,0,2,5,2,0,6,3,0,141.0
0,0,1767537296.0,1,0,1,2,4,0,8,14,6,1,106.0
0,0,1760543498.0,3,0,3,5,1,3,4,15,2,0,165.0
0,0,1748545217.0,3,0,3,5,3,3,0,19,3,0,3.0
0,0,1753500774.0,1,0,1,5,3,15,0,3,5,1,65.0
0,0,1766205022.0,2,0,2,2,5,2,9,4,5,1,174.0
0,0,1768746571.0,2,0,2,4,2,3,9,14,6,1,144.0
0,0,1755785841.0,1,0,1,4,5,10,8,14,3,0,176.0
0,0,1748014795.0,1,0,1,3,2,5,4,15,4,0,33.0
0,0,1742741088.0,2,0,2,4,4,3,8,14,6,1,71.0
0,0,1765764453.0,1,0,1,4,1,1,9,2,0,0,4.0
0,0,1755596896.0,3,0,3,4,5,3,9,9,1,0,98.0
0,0,1759334998.0,2,0,2,3,6,6,8,16,2,0,211.0
0,0,1755373183.0,0,0,0,4,5,3,4,19,5,1,57.0
7,0,1751343730.0,2,1,2,5,2,4,0,4,1,0,77.0
0,0,1767387126.0,3,0,3,3,2,0,9,20,4,0,133.0
0,0,1763793276.0,2,0,2,1,6,2,5,6,5,1,105.0
0,0,1742199547.0,3,0,3,5,6,6,4,8,0,0,37.0
0,0,1767753237.0,3,0,3,5,4,3,9,2,2,0,125.0
0,0,1748858539.0,2,0,2,4,3,4,5,10,0,0,100.0
0,0,1770883400.0,2,0,2,5,6,6,5,8,3,0,106.0
0,0,1766667948.0,1,0,1,4,6,1,8,13,3,0,190.0
0,0,1762579155.0,0,0,0,3,2,1,8,5,5,1,10.0
0,0,1759152490.0,1,0,1,0,3,3,0,13,0,0,27.0
0,0,1745818659.0,3,0,3,1,2,0,4,5,0,0,185.0
0,0,1749920589.0,3,0,3,5,2,10,8,17,5,1,51.0
0,0,1752258040.0,1,0,1,4,2,2,5,18,4,0,104.0
0,0,1749151811.0,3,0,3,5,2,3,5,19,3,0,206.0
0,0,1740149386.0,2,0,2,5,4,6,8,14,4,0,195.0
0,0,1749343195.0,0,0,0,0,2,7,4,0,6,1,174.0
0,0,1770042745.0,3,0,3,2,6,0,8,14,0,0,97.0
0,0,1749474552.0,3,0,3,2,5,2,5,13,0,0,152.0
0,0,1745275856.0,3,0,3,4,2,15,9,22,0,0,101.0
0,0,1754940548.0,3,0,3,2,3,3,9,19,0,0,73.0
0,0,1757602512.0,3,0,3,0,5,1,4,14,3,0,176.0
0,0,1768387967.0,3,0,3,5,4,3,8,10,2,0,74.0
0,0,1756718606.0,3,0,3,2,5,1,5,9,0,0,228.0
0,0,1751576193.0,0,0,0,3,5,1,4,20,3,0,188.0
0,0,1737418590.0,0,0,0,1,5,2,5,0,1,0,223.0
0,0,1756169852.0,1,0,1,5,6,4,0,0,1,0,57.0
0,0,1768657311.0,1,0,1,5,6,10,0,13,5,1,73.0
0,0,1766589399.0,1,0,1,1,4,6,8,15,2,0,31.0
0,0,1754613863.0,2,0,2,1,6,1,8,0,4,0,82.0
0,0,1750989439.0,2,0,2,3,5,0,5,1,4,0,191.0
0,0,1755120056.0,1,0,1,4,5,10,8,21,2,0,109.0
0,0,1760504926.0,3,0,3,0,2,2,4,5,2,0,224.0
7,0,1740118160.0,3,1,3,1,2,3,8,6,4,0,133.0
0,0,1770703401.0,3,0,3,3,4,0,5,6,1,0,89.0
0,0,1740062215.0,3,0,3,5,5,1,8,14,3,0,81.0
0,0,1745209111.0,3,0,3,4,3,10,0,4,0,0,184.0
7,0,1758260444.0,2,1,2,0,6,11,8,5,4,0,128.0
0,0,1746581016.0,3,0,3,3,3,6,5,1,2,0,38.0
0,0,1743642158.0,2,0,2,4,6,2,4,1,3,0,218.0
0,0,1769575385.0,0,0,0,5,2,1,9,4,2,0,31.0
0,0,1752350242.0,3,0,3,4,6,2,5,19,5,1,135.0
0,0,1769132824.0,3,0,3,2,3,3,8,1,4,0,76.0
0,0,1741556665.0,2,0,2,4,3,5,9,21,6,1,34.0
0,0,1759911379.0,1,0,1,5,1,5,4,8,2,0,36.0
0,0,1736274301.0,1,0,1,4,5,6,4,18,1,0,25.0
0,0,1737104145.0,3,0,3,4,6,2,8,8,4,0,12.0
0,0,1770047579.0,2,0,2,4,2,10,0,15,0,0,34.0
7,0,1746054400.0,2,1,2,2,4,10,9,23,2,0,114.0
0,0,1766303090.0,3,0,3,0,6,2,4,7,6,1,91.0
0,0,1757060723.0,2,0,2,2,4,2,9,8,4,0,225.0
0,0,1761447977.0,2,0,2,3,6,3,0,3,6,1,31.0
0,0,1764988920.0,3,0,3,3,6,10,9,2,5,1,33.0
0,0,1739383842.0,0,0,0,1,1,2,4,18,2,0,216.0
0,0,1769091530.0,0,0,0,1,6,2,8,14,3,0,220.0
0,0,1737219351.0,3,0,3,3,3,15,8,16,5,1,235.0
0,0,1762777314.0,2,0,2,5,1,0,8,12,0,0,150.0
0,0,1753445294.0,3,0,3,4,5,3,8,12,4,0,17.0
0,0,1746232738.0,2,0,2,3,2,0,0,0,5,1,196.0
0,0,1742526571.0,0,0,0,4,3,3,4,3,4,0,62.0
0,0,1739648532.0,3,0,3,3,4,10,0,19,5,1,85.0
0,0,1755850072.0,2,0,2,4,6,3,9,8,4,0,204.0
0,0,1765348461.0,3,0,3,3,5,3,5,6,2,0,116.0
0,0,1754177716.0,1,0,1,1,4,3,8,23,5,1,230.0
0,0,1748249233.0,3,0,3,5,4,0,5,8,0,0,223.0
0,0,1748593787.0,2,0,2,1,1,1,5,8,4,0,134.0
7,0,1757239134.0,2,1,2,4,6,15,0,9,6,1,165.0
0,0,1738379233.0,1,0,1,2,5,6,0,3,5,1,101.0
0,0,1754644383.0,3,0,3,3,1,2,9,9,4,0,105.0
0,0,1740341791.0,3,0,3,1,2,2,5,20,6,1,31.0
0,0,1755972182.0,3,0,3,1,5,0,5,18,5,1,175.0
0,0,1746033817.0,1,0,1,5,1,6,5,17,2,0,164.0
7,0,1743659086.0,3,1,3,5,5,0,4,5,3,0,57.0
0,0,1752582446.0,3,0,3,2,3,2,0,12,1,0,18.0
0,0,1743572139.0,2,0,2,1,6,10,4,5,2,0,237.0
0,0,1749939882.0,0,0,0,1,6,3,0,22,5,1,159.0
0,0,1751584840.0,0,0,0,4,3,10,8,23,3,0,53.0
0,0,1742955533.0,0,0,0,4,6,2,0,2,2,0,165.0
0,0,1767299792.0,3,0,3,3,1,2,9,20,3,0,43.0
0,0,1750482213.0,3,0,3,3,5,10,0,5,5,1,128.0
0,0,1746085290.0,2,0,2,0,5,0,5,7,3,0,111.0
0,0,1772292873.0,3,0,3,5,5,2,5,15,5,1,171.0
0,0,1735906460.0,2,0,2,4,5,10,4,12,4,0,218.0
0,0,1737350300.0,3,0,3,5,3,2,0,5,0,0,56.0
0,0,1738168556.0,3,0,3,4,5,3,9,16,2,0,207.0
0,0,1763276365.0,2,0,2,1,6,11,0,6,6,1,49.0
0,0,1756051104.0,1,0,1,0,2,3,9,15,6,1,125.0
0,0,1754593397.0,3,0,3,5,3,2,4,19,3,0,230.0
0,0,1753666264.0,1,0,1,0,6,11,4,1,0,0,118.0
0,0,1772595423.0,1,0,1,5,5,1,4,3,2,0,96.0
0,0,1769104810.0,2,0,2,1,6,3,5,18,3,0,59.0
0,0,1755432860.0,3,0,3,5,5,4,0,12,6,1,55.0
0,0,1752747130.0,2,0,2,1,1,0,8,10,3,0,68.0
0,0,1750397507.0,2,0,2,0,1,2,4,5,4,0,118.0
0,0,1769931267.0,1,0,1,4,3,3,8,7,6,1,174.0
0,0,1765625151.0,1,0,1,3,3,4,9,11,5,1,238.0
0,0,1760442821.0,1,0,1,1,5,1,9,11,1,0,76.0
0,0,1744731435.0,0,0,0,3,2,6,0,15,1,0,66.0
0,0,1750048520.0,1,0,1,3,5,10,8,4,0,0,12.0
0,0,1751320630.0,2,0,2,0,5,1,5,21,0,0,142.0
0,0,1742034366.0,2,0,2,4,1,1,0,10,5,1,166.0
0,0,1764245849.0,1,0,1,4,6,5,8,12,3,0,203.0
0,0,1735953171.0,0,0,0,0,2,11,5,1,5,1,165.0
0,0,1769892488.0,2,0,2,0,1,1,5,20,5,1,13.0
0,0,1745757718.0,2,0,2,2,4,2,8,12,6,1,52.0
0,0,1737936845.0,2,0,2,1,5,10,8,0,0,0,113.0
0,0,1768289280.0,0,0,0,4,6,2,0,7,1,0,107.0
0,0,1755633480.0,2,0,2,3,6,2,0,19,1,0,125.0
0,0,1749034561.0,0,0,0,4,3,11,8,10,2,0,13.0
0,0,1756498812.0,1,0,1,4,1,3,0,20,4,0,58.0
0,0,1737778154.0,3,0,3,3,2,3,4,4,5,1,232.0
0,0,1752589839.0,2,0,2,2,3,0,8,14,1,0,166.0
0,0,1755714345.0,3,0,3,4,6,1,0,18,2,0,47.0
0,0,1757420368.0,3,0,3,4,3,4,9,12,1,0,32.0
0,0,1771176217.0,1,0,1,0,4,2,0,17,6,1,16.0
0,0,1769813311.0,1,0,1,5,2,3,4,22,4,0,166.0
0,0,1758642143.0,0,0,0,0,3,4,5,15,1,0,45.0
0,0,1756365919.0,2,0,2,0,5,5,9,7,3,0,111.0
0,0,1740081270.0,1,0,1,0,4,11,9,19,3,0,232.0
0,0,1745395583.0,0,0,0,2,2,2,9,8,2,0,188.0
0,0,1765178940.0,1,0,1,5,6,6,5,7,0,0,11.0
0,0,1750700623.0,0,0,0,4,2,11,8,17,0,0,101.0
0,0,1764885686.0,2,0,2,2,2,1,5,22,3,0,185.0
0,0,1764086572.0,0,0,0,1,2,2,5,16,1,0,54.0
0,0,1769074874.0,1,0,1,1,3,5,8,9,3,0,53.0
0,0,1753649157.0,2,0,2,2,4,1,8,20,6,1,85.0
0,0,1759509583.0,0,0,0,2,5,2,4,16,4,0,164.0
0,0,1771369123.0,1,0,1,0,5,2,8,22,1,0,104.0
0,0,1736952510.0,1,0,1,0,1,7,5,14,2,0,57.0
0,0,1762522875.0,1,0,1,1,5,2,4,13,4,0,168.0
0,0,1759660758.0,3,0,3,0,1,3,5,10,6,1,138.0
0,0,1750796749.0,1,0,1,1,6,0,8,20,1,0,165.0
0,0,1752510866.0,1,0,1,3,3,2,5,16,0,0,127.0
0,0,1768596582.0,0,0,0,4,3,2,8,20,4,0,63.0
0,0,1746826536.0,3,0,3,2,5,3,8,21,4,0,79.0
0,0,1737779085.0,3,0,3,3,6,6,8,4,5,1,217.0
0,0,1745139952.0,3,0,3,4,3,3,0,9,6,1,152.0
0,0,1758647517.0,0,0,0,2,1,2,5,17,1,0,182.0
0,0,1767779027.0,3,0,3,0,2,1,4,9,2,0,207.0
0,0,1747422791.0,0,0,0,4,6,15,0,19,4,0,145.0
0,0,1746273642.0,3,0,3,2,5,0,9,12,5,1,145.0
0,0,1741192202.0,0,0,0,5,1,10,8,16,2,0,212.0
0,0,1757658861.0,2,0,2,5,1,4,8,6,4,0,185.0
0,0,1769178460.0,3,0,3,2,2,4,5,14,4,0,225.0
0,0,1737817974.0,1,0,1,4,2,6,4,15,5,1,31.0
0,0,1765677845.0,3,0,3,4,2,11,9,2,6,1,71.0
0,0,1767056390.0,1,0,1,2,5,2,0,0,1,0,181.0
0,0,1768606037.0,3,0,3,5,6,3,5,23,4,0,28.0
0,0,1759190895.0,3,0,3,2,3,1,0,0,1,0,125.0
0,0,1739751110.0,3,0,3,1,3,3,5,0,0,0,180.0
0,0,1747487021.0,1,0,1,5,3,6,4,13,5,1,2.0
7,0,1736732619.0,0,1,0,0,2,7,9,1,0,0,106.0
0,0,1749627567.0,3,0,3,5,2,2,4,7,2,0,34.0
0,0,1756748686.0,1,0,1,2,1,2,0,17,0,0,171.0
0,0,1764082471.0,2,0,2,4,6,1,8,14,1,0,4.0
0,0,1736389239.0,3,0,3,0,3,10,8,2,3,0,217.0
0,0,1754578872.0,2,0,2,3,4,3,4,15,3,0,21.0
0,0,1759272209.0,2,0,2,3,5,2,0,22,1,0,227.0
0,0,1765111421.0,3,0,3,0,2,11,5,12,6,1,90.0
0,0,1745225990.0,3,0,3,5,3,10,8,8,0,0,92.0
0,0,1739422330.0,2,0,2,1,2,3,8,4,3,0,65.0
0,0,1738331845.0,3,0,3,4,4,2,5,13,4,0,30.0
0,0,1755103574.0,1,0,1,3,6,4,4,16,2,0,240.0
0,0,1739967272.0,0,0,0,2,1,10,9,12,2,0,146.0
0,0,1757821987.0,1,0,1,4,4,11,5,3,6,1,117.0
0,0,1739685459.0,2,0,2,0,5,2,5,5,6,1,148.0
0,0,1752981509.0,3,0,3,4,1,3,9,3,6,1,167.0
0,0,1757988924.0,2,0,2,3,1,2,8,2,1,0,86.0
7,0,1763574447.0,3,1,3,2,4,5,8,17,2,0,142.0
0,0,1772559373.0,1,0,1,2,3,3,5,17,1,0,238.0
0,0,1756148232.0,3,0,3,4,2,4,9,18,0,0,71.0
0,0,1767742781.0,1,0,1,0,5,0,4,23,1,0,139.0
0,0,1770653996.0,0,0,0,5,2,0,9,16,0,0,189.0
0,0,1740539220.0,0,0,0,1,3,1,0,3,2,0,69.0
0,0,1747984896.0,0,0,0,1,2,5,9,7,4,0,11.0
0,0,1755784587.0,0,0,0,1,6,11,0,13,3,0,167.0
0,0,1747782447.0,1,0,1,0,6,0,0,23,1,0,145.0
0,0,1746249871.0,1,0,1,1,3,10,8,5,5,1,9.0
0,0,1768724985.0,1,0,1,1,2,4,5,8,6,1,71.0
0,0,1747650067.0,2,0,2,5,4,11,9,10,0,0,79.0
0,0,1748909037.0,3,0,3,2,2,2,4,0,1,0,20.0
0,0,1742494119.0,2,0,2,0,1,6,5,18,3,0,86.0
0,0,1738581015.0,2,0,2,2,4,3,9,11,0,0,219.0
0,0,1757120149.0,3,0,3,1,2,2,0,0,5,1,11.0
0,0,1755260764.0,2,0,2,4,2,15,4,12,4,0,174.0
0,0,1738959163.0,1,0,1,3,4,0,9,20,4,0,125.0
0,0,1768966397.0,3,0,3,4,2,15,4,3,2,0,187.0
0,0,1756286987.0,0,0,0,2,5,10,8,9,2,0,8.0
0,0,1759606918.0,0,0,0,4,2,4,9,19,5,1,3.0
0,0,1749937775.0,0,0,0,0,4,4,0,21,5,1,99.0
0,0,1769616200.0,3,0,3,3,5,3,4,16,2,0,83.0
0,0,1763803314.0,2,0,2,4,5,6,4,9,5,1,79.0
0,0,1756226284.0,1,0,1,0,5,10,0,16,1,0,94.0
0,0,1767781532.0,1,0,1,3,4,0,8,10,2,0,221.0
0,0,1772484745.0,1,0,1,4,2,4,4,20,0,0,228.0
0,0,1744981624.0,0,0,0,4,2,10,4,13,4,0,49.0
0,0,1761948374.0,1,0,1,2,1,2,8,22,4,0,228.0
0,0,1741797889.0,1,0,1,4,6,1,9,16,2,0,103.0
0,0,1757709655.0,2,0,2,3,6,1,4,20,4,0,173.0
0,0,1751265820.0,2,0,2,3,1,2,5,6,0,0,192.0
0,0,1744836793.0,1,0,1,2,3,10,0,20,2,0,210.0
0,0,1737294675.0,3,0,3,1,1,0,9,13,6,1,29.0
0,0,1770623461.0,3,0,3,3,1,2,0,7,0,0,190.0
0,0,1770842241.0,1,0,1,2,1,4,8,20,2,0,6.0
0,0,1761341663.0,0,0,0,5,1,2,8,21,4,0,41.0
0,0,1762343561.0,0,0,0,1,2,6,0,11,2,0,217.0
0,0,1761685713.0,2,0,2,3,5,2,5,21,1,0,108.0
0,0,1746141572.0,3,0,3,1,2,2,4,23,3,0,43.0
0,0,1751548048.0,0,0,0,3,5,10,8,13,3,0,95.0
0,0,1762918409.0,2,0,2,5,4,11,0,3,2,0,93.0
0,0,1748758367.0,2,0,2,0,2,3,4,6,6,1,122.0
0,0,1761130584.0,1,0,1,2,5,2,5,10,2,0,85.0
0,0,1750485246.0,3,0,3,1,5,2,5,5,5,1,168.0
0,0,1761021414.0,3,0,3,4,6,2,5,4,1,0,239.0
0,0,1747511494.0,2,0,2,0,1,6,0,19,5,1,52.0
0,0,1753811630.0,3,0,3,4,2,5,8,17,1,0,117.0
0,0,1756449220.0,2,0,2,2,2,4,8,6,4,0,61.0
0,0,1762071615.0,2,0,2,5,1,2,4,8,6,1,74.0
0,0,1742967941.0,3,0,3,2,5,6,9,5,2,0,117.0
0,0,1766460852.0,3,0,3,1,2,2,8,3,1,0,61.0
0,0,1764955505.0,1,0,1,1,5,1,8,17,4,0,135.0
0,0,1768823670.0,1,0,1,1,1,10,9,11,0,0,50.0
0,0,1745886315.0,0,0,0,2,5,1,9,0,1,0,238.0
0,0,1750491792.0,2,0,2,4,2,6,4,7,5,1,188.0
0,0,1772421329.0,3,0,3,2,1,3,8,3,0,0,77.0
0,0,1759023513.0,1,0,1,3,1,3,5,1,6,1,209.0
0,0,1736065952.0,3,0,3,0,4,2,4,8,6,1,162.0
0,0,1757152972.0,1,0,1,1,2,1,4,10,5,1,151.0
0,0,1745002547.0,1,0,1,1,5,3,0,18,4,0,98.0
0,0,1751137751.0,0,0,0,2,6,1,8,19,5,1,18.0
0,0,1740962345.0,3,0,3,3,4,1,0,0,0,0,95.0
0,0,1751165442.0,3,0,3,5,5,0,4,2,6,1,139.0
0,0,1740306547.0,1,0,1,1,5,11,4,10,6,1,2.0
0,0,1746121771.0,3,0,3,5,5,1,0,17,3,0,172.0
0,0,1771223857.0,0,0,0,4,5,2,9,6,0,0,108.0
7,0,1766738744.0,3,1,3,0,5,2,9,8,4,0,73.0
0,0,1746857477.0,1,0,1,0,5,2,4,6,5,1,103.0
0,0,1743522561.0,1,0,1,5,2,10,4,15,1,0,133.0
0,0,1771664063.0,0,0,0,4,6,2,9,8,5,1,70.0
0,0,1736496604.0,3,0,3,3,6,1,5,8,4,0,66.0
0,0,1764833179.0,1,0,1,5,5,10,8,7,3,0,207.0
0,0,1754976004.0,3,0,3,4,3,2,8,5,1,0,10.0
0,0,1772602186.0,2,0,2,0,5,6,0,5,2,0,100.0
0,0,1762255152.0,1,0,1,1,2,2,8,11,1,0,54.0
0,0,1755782334.0,0,0,0,2,3,3,4,13,3,0,53.0
0,0,1772289954.0,3,0,3,3,1,10,0,14,5,1,213.0
0,0,1772308977.0,3,0,3,2,2,10,0,20,5,1,26.0
0,0,1764154133.0,1,0,1,3,6,3,0,10,2,0,146.0
0,0,1743158304.0,0,0,0,1,5,1,8,10,4,0,105.0
0,0,1755933497.0,2,0,2,0,3,0,5,7,5,1,236.0
0,0,1751754784.0,0,0,0,0,1,5,9,22,5,1,132.0
0,0,1770622056.0,1,0,1,2,3,0,5,7,0,0,102.0
0,0,1754800921.0,1,0,1,2,6,2,5,4,6,1,80.0
0,0,1737091280.0,1,0,1,4,2,2,5,5,4,0,210.0
0,0,1747724496.0,3,0,3,2,5,2,0,7,1,0,144.0
0,0,1755977195.0,1,0,1,3,1,1,4,19,5,1,62.0
0,0,1743223443.0,3,0,3,3,4,1,9,4,5,1,4.0
0,0,1758332666.0,2,0,2,5,4,2,9,1,5,1,11.0
0,0,1760453590.0,0,0,0,0,2,2,5,14,1,0,134.0
0,0,1753308893.0,0,0,0,4,3,0,4,22,2,0,194.0
0,0,1754909672.0,3,0,3,1,2,3,8,10,0,0,100.0
0,0,1743634150.0,0,0,0,4,5,4,0,22,2,0,105.0
0,0,1768158462.0,1,0,1,5,1,3,5,19,6,1,188.0
0,0,1763922764.0,2,0,2,3,3,10,4,18,6,1,120.0
0,0,1770609544.0,2,0,2,0,6,3,0,3,0,0,88.0
0,0,1742821814.0,3,0,3,0,2,6,8,13,0,0,86.0
0,0,1753466492.0,2,0,2,0,2,4,9,18,4,0,19.0
0,0,1748362157.0,0,0,0,1,1,10,4,16,1,0,81.0
0,0,1756479847.0,0,0,0,2,5,11,5,15,4,0,178.0
0,0,1749472011.0,3,0,3,2,2,3,8,12,0,0,226.0
0,0,1762827905.0,0,0,0,2,1,7,5,2,1,0,184.0
0,0,1768663400.0,2,0,2,1,4,10,4,15,5,1,21.0
0,0,1738523194.0,0,0,0,3,6,2,0,19,6,1,98.0
0,0,1744755120.0,3,0,3,2,2,3,5,22,1,0,65.0
0,0,1760553513.0,0,0,0,1,3,10,4,18,2,0,194.0
0,0,1745568226.0,0,0,0,2,1,2,5,8,4,0,165.0
0,0,1772839232.0,2,0,2,5,1,10,4,23,4,0,191.0
0,0,1754561143.0,1,0,1,0,4,10,8,10,3,0,213.0
0,0,1757677281.0,0,0,0,2,6,2,4,11,4,0,118.0
0,0,1752393829.0,0,0,0,5,3,2,0,8,6,1,157.0
0,0,1743051394.0,3,0,3,4,5,7,5,4,3,0,93.0
0,0,1744772190.0,3,0,3,0,3,3,5,2,2,0,95.0
0,0,1768062269.0,2,0,2,2,1,2,0,16,5,1,136.0
0,0,1740267681.0,0,0,0,4,1,0,9,23,5,1,72.0
0,0,1739597204.0,3,0,3,4,1,2,8,5,5,1,149.0
0,0,1740842876.0,2,0,2,3,4,10,5,15,5,1,84.0
0,0,1749814707.0,1,0,1,3,6,11,9,11,4,0,137.0
0,0,1769236126.0,0,0,0,0,2,6,9,6,5,1,108.0
0,0,1740289661.0,2,0,2,3,6,2,9,5,6,1,116.0
0,0,1745293095.0,1,0,1,1,3,2,0,3,1,0,217.0
0,0,1753581148.0,3,0,3,5,2,6,0,1,6,1,198.0
0,0,1743369774.0,0,0,0,5,3,0,0,21,6,1,49.0
0,0,1769233825.0,1,0,1,0,3,10,0,5,5,1,30.0
0,0,1755482948.0,1,0,1,1,6,5,0,2,0,0,204.0
0,0,1739032965.0,3,0,3,3,5,3,4,16,5,1,53.0
0,0,1758083531.0,3,0,3,5,6,6,0,4,2,0,175.0
0,0,1739798831.0,1,0,1,0,2,2,8,13,0,0,210.0
0,0,1748478264.0,3,0,3,3,2,4,0,0,3,0,5.0
0,0,1752083755.0,3,0,3,0,3,0,8,17,2,0,124.0
0,0,1755378981.0,1,0,1,0,5,1,8,21,5,1,37.0
0,0,1769887608.0,2,0,2,1,2,2,0,19,5,1,109.0
0,0,1757538578.0,0,0,0,5,6,3,0,21,2,0,72.0
0,0,1755483424.0,3,0,3,4,3,10,5,2,0,0,189.0
0,0,1745000502.0,1,0,1,5,4,15,4,18,4,0,118.0
0,0,1765126486.0,3,0,3,5,4,10,5,16,6,1,104.0
0,0,1748792848.0,1,0,1,2,2,10,9,15,6,1,53.0
0,0,1737785198.0,2,0,2,2,1,3,8,6,5,1,194.0
0,0,1764039987.0,2,0,2,3,1,6,8,3,1,0,148.0
0,0,1747011792.0,3,0,3,4,1,4,4,1,0,0,34.0
0,0,1744983773.0,3,0,3,2,2,2,8,13,4,0,166.0
0,0,1744663120.0,0,0,0,1,1,1,0,20,0,0,224.0
0,0,1763066555.0,3,0,3,1,6,2,5,20,3,0,87.0
0,0,1743688818.0,3,0,3,2,6,2,5,14,3,0,99.0
0,0,1738216966.0,1,0,1,5,1,2,5,6,3,0,216.0
0,0,1747196471.0,1,0,1,3,3,11,4,4,2,0,72.0
0,0,1738814059.0,2,0,2,5,4,1,0,3,3,0,208.0
0,0,1771008434.0,2,0,2,5,5,5,9,18,4,0,94.0
0,0,1767133830.0,1,0,1,5,4,3,9,22,1,0,92.0
0,0,1769998998.0,2,0,2,4,6,2,5,2,0,0,39.0
0,0,1754670090.0,1,0,1,4,4,4,0,16,4,0,42.0
0,0,1745032690.0,0,0,0,5,5,2,4,3,5,1,120.0
0,0,1748030434.0,2,0,2,5,3,6,8,20,4,0,131.0
0,0,1750703758.0,3,0,3,5,4,2,4,18,0,0,88.0
0,0,1737382003.0,1,0,1,1,4,10,0,14,0,0,193.0
0,0,1758093558.0,2,0,2,1,3,3,9,7,2,0,151.0
7,0,1745359130.0,1,1,1,2,4,11,9,21,1,0,10.0
0,0,1736479018.0,1,0,1,5,1,2,9,3,4,0,128.0
0,0,1757286888.0,3,0,3,5,6,3,0,23,6,1,57.0
0,0,1759236499.0,0,0,0,3,2,3,5,12,1,0,133.0
0,0,1740738157.0,0,0,0,4,4,3,0,10,4,0,156.0
0,0,1741560388.0,0,0,0,4,4,2,4,22,6,1,160.0
0,0,1756331821.0,0,0,0,3,1,2,0,21,2,0,186.0
0,0,1767005848.0,2,0,2,2,5,2,4,10,0,0,211.0
0,0,1748196544.0,2,0,2,3,4,4,5,18,6,1,215.0
0,0,1744910979.0,2,0,2,2,4,3,0,17,3,0,202.0
0,0,1769449892.0,1,0,1,3,1,3,4,17,0,0,49.0
0,0,1742490226.0,3,0,3,2,4,6,4,17,3,0,224.0
7,0,1755915608.0,3,1,3,0,2,2,9,2,5,1,184.0
0,0,1763768981.0,0,0,0,0,2,1,8,23,4,0,212.0
0,0,1747398710.0,3,0,3,0,6,3,9,12,4,0,145.0
0,0,1768240707.0,2,0,2,0,1,6,9,17,0,0,107.0
0,0,1747362170.0,1,0,1,5,6,10,9,2,4,0,162.0
0,0,1761966471.0,3,0,3,4,5,1,8,3,5,1,165.0
0,0,1739516458.0,0,0,0,1,5,2,9,7,4,0,7.0
7,0,1740539238.0,1,1,1,3,2,6,4,3,2,0,32.0
0,0,1757089578.0,2,0,2,3,4,2,4,16,4,0,210.0
0,0,1754128325.0,1,0,1,1,3,10,5,9,5,1,178.0
7,0,1754521910.0,3,1,3,4,1,10,0,23,2,0,83.0
0,0,1752405150.0,3,0,3,0,3,5,4,11,6,1,58.0
7,0,1745080333.0,3,1,3,4,5,2,4,16,5,1,141.0
0,0,1737562267.0,1,0,1,0,6,6,0,16,2,0,163.0
0,0,1758877631.0,2,0,2,2,5,3,5,9,4,0,17.0
0,0,1753697387.0,0,0,0,3,2,2,9,10,0,0,100.0
0,0,1767757977.0,1,0,1,3,2,4,5,3,2,0,107.0
0,0,1752812423.0,1,0,1,3,6,10,4,4,4,0,208.0
0,0,1747512601.0,2,0,2,2,2,2,5,20,5,1,4.0
0,0,1739108943.0,3,0,3,4,5,4,5,13,6,1,204.0
0,0,1761853733.0,0,0,0,0,5,1,4,19,3,0,77.0
0,0,1738797826.0,2,0,2,5,3,3,8,23,2,0,204.0
0,0,1742563395.0,1,0,1,2,4,1,9,13,4,0,160.0
0,0,1743872293.0,2,0,2,2,3,2,0,16,5,1,110.0
0,0,1764035388.0,3,0,3,2,5,2,9,1,1,0,211.0
0,0,1763533992.0,1,0,1,2,3,10,5,6,2,0,16.0
0,0,1736839228.0,1,0,1,3,6,0,8,7,1,0,204.0
0,0,1772590301.0,0,0,0,2,4,10,0,2,2,0,94.0
0,0,1768367923.0,1,0,1,5,5,3,5,5,2,0,217.0
0,0,1772669899.0,3,0,3,4,5,1,4,0,3,0,189.0
0,0,1739141380.0,1,0,1,1,2,11,5,22,6,1,133.0
0,0,1761798760.0,1,0,1,0,5,6,0,4,3,0,106.0
0,0,1744281288.0,1,0,1,0,1,4,0,10,3,0,128.0
0,0,1744878424.0,1,0,1,0,3,2,5,8,3,0,89.0
0,0,1736701174.0,1,0,1,4,4,2,0,16,6,1,171.0
0,0,1742087626.0,2,0,2,4,2,3,8,1,6,1,125.0
0,0,1739440212.0,2,0,2,4,6,4,5,9,3,0,235.0
0,0,1766151409.0,2,0,2,4,6,3,5,13,4,0,119.0
0,0,1759028022.0,2,0,2,4,2,3,4,2,6,1,131.0
0,0,1747354636.0,3,0,3,3,4,2,0,0,4,0,194.0
0,0,1750414860.0,2,0,2,5,6,2,5,10,4,0,188.0
0,0,1749751809.0,3,0,3,2,3,2,9,18,3,0,51.0
0,0,1765763812.0,0,0,0,3,5,3,4,1,0,0,50.0
0,0,1766502610.0,3,0,3,2,5,3,0,15,1,0,150.0
0,0,1764056175.0,3,0,3,2,5,4,0,7,1,0,142.0
0,0,1767155172.0,1,0,1,2,2,2,0,4,2,0,100.0
0,0,1752455177.0,3,0,3,5,3,10,0,1,0,0,112.0
0,0,1769808049.0,1,0,1,5,5,11,0,21,4,0,127.0
0,0,1745513085.0,1,0,1,3,3,1,4,16,3,0,32.0
0,0,1742444118.0,1,0,1,5,1,11,8,4,3,0,21.0
0,0,1748429406.0,0,0,0,1,1,3,5,10,2,0,124.0
0,0,1769444425.0,1,0,1,0,4,6,5,16,0,0,206.0
0,0,1738071082.0,1,0,1,3,1,6,5,13,1,0,136.0
0,0,1756771397.0,1,0,1,3,1,1,8,0,1,0,25.0
0,0,1754428141.0,3,0,3,5,5,4,5,21,1,0,152.0
0,0,1747966243.0,2,0,2,1,6,3,8,2,4,0,29.0
0,0,1760313996.0,1,0,1,1,6,3,9,0,0,0,101.0
0,0,1741593866.0,1,0,1,1,5,2,5,8,0,0,184.0
0,0,1760351585.0,2,0,2,0,2,1,9,10,0,0,201.0
0,0,1753111959.0,2,0,2,3,3,0,9,15,0,0,99.0
0,0,1748159793.0,2,0,2,4,5,1,8,7,6,1,99.0
0,0,1740756354.0,1,0,1,4,2,1,8,15,4,0,121.0
0,0,1750858505.0,0,0,0,1,3,2,5,13,2,0,99.0
0,0,1770181388.0,0,0,0,2,6,4,0,5,2,0,47.0
0,0,1754084462.0,2,0,2,1,3,0,0,21,4,0,154.0
0,0,1752140389.0,2,0,2,1,6,1,5,9,3,0,90.0
0,0,1765328006.0,3,0,3,2,2,1,0,0,2,0,15.0
0,0,1765071624.0,3,0,3,4,2,11,9,1,6,1,207.0
0,0,1739589920.0,2,0,2,2,1,10,5,3,5,1,30.0
0,0,1745507047.0,3,0,3,4,4,10,5,15,3,0,231.0
0,0,1763601781.0,2,0,2,4,1,6,0,1,3,0,12.0
0,0,1763813436.0,2,0,2,0,3,2,9,12,5,1,221.0
0,0,1763047280.0,1,0,1,5,6,4,8,15,3,0,125.0
0,0,1764168492.0,1,0,1,4,1,3,0,14,2,0,174.0
0,0,1748446825.0,0,0,0,2,1,2,5,15,2,0,100.0
0,0,1768189335.0,0,0,0,3,2,1,8,3,0,0,121.0
0,0,1758835602.0,0,0,0,2,5,6,9,21,3,0,233.0
0,0,1759674400.0,0,0,0,2,4,6,5,14,6,1,235.0
0,0,1752268892.0,0,0,0,3,4,2,4,21,4,0,118.0
0,0,1771222972.0,0,0,0,1,3,5,4,6,0,0,55.0
0,0,1740899375.0,2,0,2,1,1,2,4,7,6,1,88.0
0,0,1757957862.0,3,0,3,4,1,2,8,17,0,0,218.0
0,0,1768606792.0,2,0,2,4,3,6,9,23,4,0,114.0
0,0,1764057079.0,2,0,2,4,5,10,8,7,1,0,226.0
0,0,1757665264.0,2,0,2,0,5,6,8,8,4,0,109.0
0,0,1759077758.0,0,0,0,3,6,11,0,16,6,1,13.0
0,0,1764113391.0,1,0,1,0,3,0,9,23,1,0,164.0
0,0,1754990578.0,3,0,3,3,5,1,5,9,1,0,193.0
0,0,1736961220.0,1,0,1,5,6,1,4,17,2,0,20.0
0,0,1749647544.0,0,0,0,4,3,0,5,13,2,0,180.0
0,0,1761452654.0,2,0,2,0,3,10,4,4,6,1,99.0
0,0,1752984089.0,3,0,3,0,5,1,0,4,6,1,209.0
0,0,1771491507.0,2,0,2,5,4,10,4,8,3,0,24.0
0,0,1761756718.0,1,0,1,5,3,2,4,16,2,0,62.0
0,0,1736182213.0,2,0,2,1,1,1,5,16,0,0,181.0
0,0,1768573889.0,1,0,1,3,3,2,5,14,4,0,68.0
0,0,1746668330.0,2,0,2,5,4,2,4,1,3,0,32.0
0,0,1750892163.0,3,0,3,3,4,2,5,22,2,0,186.0
0,0,1758768215.0,1,0,1,4,6,7,9,2,3,0,56.0
0,0,1762953563.0,0,0,0,2,6,2,8,13,2,0,130.0
0,0,1755914944.0,2,0,2,4,4,6,9,2,5,1,121.0
0,0,1743400474.0,3,0,3,3,1,6,8,5,0,0,69.0
0,0,1755348970.0,0,0,0,0,2,2,0,12,5,1,120.0
0,0,1772281586.0,0,0,0,1,2,1,4,12,5,1,220.0
0,0,1753169636.0,3,0,3,3,5,1,9,7,1,0,14.0
0,0,1761662627.0,0,0,0,5,1,6,4,14,1,0,60.0
0,0,1761021301.0,0,0,0,3,2,6,0,4,1,0,30.0
0,0,1745427690.0,2,0,2,2,6,1,8,17,2,0,186.0
0,0,1761478493.0,1,0,1,1,6,2,4,11,6,1,70.0
0,0,1769211232.0,2,0,2,3,4,1,5,23,4,0,213.0
0,0,1762262933.0,2,0,2,1,1,10,9,13,1,0,121.0
0,0,1747187436.0,3,0,3,1,5,3,5,1,2,0,75.0
7,0,1736476014.0,3,1,3,4,2,2,5,2,4,0,125.0
0,0,1762968709.0,0,0,0,4,5,2,4,17,2,0,27.0
0,0,1752372147.0,0,0,0,2,2,2,8,2,6,1,147.0
0,0,1753551912.0,2,0,2,1,6,3,0,17,5,1,41.0
0,0,1745282974.0,0,0,0,5,1,6,4,0,1,0,116.0
0,0,1746842428.0,2,0,2,2,3,4,0,2,5,1,220.0
0,0,1761840055.0,0,0,0,3,6,5,0,16,3,0,180.0
0,0,1748969898.0,1,0,1,3,3,0,9,16,1,0,102.0
0,0,1746686906.0,3,0,3,0,6,1,9,6,3,0,220.0
0,0,1747300849.0,1,0,1,4,1,0,0,9,3,0,147.0
0,0,1757550476.0,3,0,3,5,4,11,8,0,3,0,229.0
0,0,1743872139.0,2,0,2,0,1,2,4,16,5,1,78.0
0,0,1751134541.0,1,0,1,3,2,2,5,18,5,1,95.0
0,0,1757814376.0,0,0,0,2,3,3,4,1,6,1,162.0
0,0,1758365187.0,2,0,2,0,6,4,4,10,5,1,239.0
0,0,1737903321.0,3,0,3,3,3,3,5,14,6,1,190.0
0,0,1757349587.0,1,0,1,3,6,2,4,16,0,0,93.0
0,0,1735732170.0,3,0,3,3,1,10,0,11,2,0,84.0
0,0,1745802592.0,2,0,2,3,1,2,8,1,0,0,178.0
0,0,1767731631.0,2,0,2,0,3,10,5,20,1,0,76.0
0,0,1742591968.0,2,0,2,5,1,0,0,21,4,0,59.0
0,0,1770187394.0,1,0,1,0,6,1,4,6,2,0,131.0
0,0,1762804549.0,0,0,0,5,5,2,4,19,0,0,56.0
0,0,1750402245.0,0,0,0,0,4,6,8,6,4,0,179.0
0,0,1746439968.0,0,0,0,0,6,1,9,10,0,0,119.0
0,0,1744099983.0,1,0,1,0,4,3,8,8,1,0,34.0
0,0,1772717407.0,3,0,3,3,4,2,8,13,3,0,232.0
0,0,1756198030.0,1,0,1,3,5,2,8,8,1,0,205.0
0,0,1746029690.0,3,0,3,4,5,0,8,16,2,0,180.0
0,0,1761229197.0,1,0,1,1,2,3,8,14,3,0,238.0
0,0,1741479217.0,0,0,0,0,5,2,4,0,6,1,31.0
0,0,1768750795.0,3,0,3,4,2,6,4,15,6,1,130.0
0,0,1743154818.0,2,0,2,5,3,3,0,9,4,0,81.0
0,0,1735872237.0,2,0,2,4,5,4,4,2,4,0,6.0
0,0,1763324475.0,1,0,1,2,4,6,9,20,6,1,80.0
0,0,1772170449.0,2,0,2,3,5,10,4,5,4,0,56.0
0,0,1749391384.0,0,0,0,1,1,2,9,14,6,1,176.0
0,0,1758506004.0,3,0,3,2,1,5,5,1,0,0,119.0
0,0,1760266823.0,1,0,1,1,4,1,5,11,6,1,77.0
0,0,1766011055.0,3,0,3,4,6,3,4,22,2,0,11.0
0,0,1750883547.0,0,0,0,4,1,10,9,20,2,0,32.0
0,0,1747521622.0,2,0,2,3,1,1,8,22,5,1,190.0
0,0,1742474580.0,1,0,1,5,4,2,8,12,3,0,128.0
0,0,1740720045.0,2,0,2,4,6,11,4,5,4,0,163.0
0,0,1754075297.0,1,0,1,4,6,2,4,19,4,0,71.0
0,0,1772197427.0,1,0,1,1,3,10,8,13,4,0,125.0
0,0,1757343097.0,0,0,0,2,3,1,5,14,0,0,207.0
0,0,1766094414.0,2,0,2,2,4,2,9,21,3,0,65.0
0,0,1760850546.0,3,0,3,4,6,2,4,5,6,1,123.0
0,0,1746733100.0,0,0,0,2,5,6,4,19,3,0,66.0
0,0,1771853777.0,1,0,1,3,5,2,9,13,0,0,113.0
0,0,1769715804.0,3,0,3,4,5,3,5,19,3,0,178.0
0,0,1749086742.0,1,0,1,3,5,10,9,1,3,0,128.0
0,0,1740932035.0,0,0,0,1,3,15,4,16,6,1,147.0
0,0,1764996958.0,1,0,1,1,4,2,4,4,5,1,100.0
0,0,1769211693.0,3,0,3,3,1,6,9,23,4,0,228.0
0,0,1740044406.0,1,0,1,1,3,3,5,9,3,0,2.0
0,0,1741245191.0,2,0,2,1,3,2,8,7,3,0,202.0
0,0,1771610068.0,2,0,2,2,6,3,9,17,4,0,188.0
0,0,1763030612.0,2,0,2,4,1,0,8,10,3,0,236.0
0,0,1755431987.0,2,0,2,4,5,2,0,11,6,1,227.0
0,0,1763280150.0,1,0,1,4,3,5,9,8,6,1,174.0
0,0,1769431021.0,3,0,3,3,6,1,9,12,0,0,30.0
7,0,1759145758.0,2,1,2,2,4,3,0,11,0,0,50.0
0,0,1764284214.0,1,0,1,5,4,6,5,22,3,0,56.0
0,0,1769278947.0,0,0,0,5,5,1,9,18,5,1,124.0
0,0,1743482509.0,1,0,1,2,2,3,9,4,1,0,74.0
0,0,1748974688.0,0,0,0,4,3,2,8,18,1,0,194.0
0,0,1741340423.0,0,0,0,0,3,3,9,9,4,0,239.0
0,0,1771362198.0,2,0,2,5,4,6,4,21,1,0,90.0
0,0,1757177307.0,1,0,1,4,3,1,5,16,5,1,196.0
0,0,1762006086.0,1,0,1,4,3,1,4,14,5,1,118.0
0,0,1738876231.0,1,0,1,1,1,3,5,21,3,0,169.0
0,0,1747883053.0,0,0,0,0,6,3,8,3,3,0,197.0
0,0,1741721993.0,0,0,0,2,4,1,4,19,1,0,38.0
0,0,1740053752.0,2,0,2,1,5,2,9,12,3,0,120.0
0,0,1769316131.0,1,0,1,3,1,2,0,4,6,1,197.0
0,0,1765515971.0,1,0,1,2,6,2,8,5,4,0,227.0
0,0,1763668040.0,1,0,1,3,5,2,8,19,3,0,175.0
0,0,1763258438.0,0,0,0,1,6,10,9,2,6,1,12.0
0,0,1752377093.0,2,0,2,5,1,5,9,3,6,1,131.0
0,0,1761041514.0,1,0,1,4,4,2,8,10,1,0,88.0
0,0,1742765373.0,1,0,1,3,6,2,0,21,6,1,53.0
0,0,1740743117.0,0,0,0,5,4,3,9,11,4,0,230.0
0,0,1749857831.0,0,0,0,1,4,5,8,23,4,0,70.0
0,0,1742985776.0,2,0,2,2,4,2,5,10,2,0,229.0
0,0,1768627655.0,1,0,1,3,6,1,4,5,5,1,121.0
0,0,1771081409.0,2,0,2,5,2,2,0,15,5,1,105.0
0,0,1741997434.0,0,0,0,1,3,5,9,0,5,1,207.0
0,0,1767948745.0,3,0,3,2,5,10,0,8,4,0,165.0
0,0,1753645486.0,2,0,2,5,3,15,9,19,6,1,173.0
0,0,1741364002.0,1,0,1,4,3,4,8,16,4,0,54.0
0,0,1758027735.0,2,0,2,4,4,0,5,13,1,0,47.0
0,0,1751763062.0,1,0,1,1,2,3,8,0,6,1,159.0
0,0,1759553285.0,3,0,3,1,4,2,9,4,5,1,204.0
0,0,1740822295.0,2,0,2,3,1,2,8,9,5,1,107.0
7,0,1742830618.0,0,1,0,3,1,5,4,15,0,0,153.0
0,0,1747179036.0,1,0,1,0,6,1,5,23,1,0,147.0
0,0,1766756265.0,0,0,0,4,1,2,4,13,4,0,223.0
0,0,1765962735.0,0,0,0,5,1,2,0,9,2,0,47.0
0,0,1747013189.0,3,0,3,3,3,3,4,1,0,0,66.0
7,0,1772789313.0,0,1,0,2,3,2,4,9,4,0,141.0
0,0,1749267459.0,1,0,1,5,1,3,9,3,5,1,24.0
0,0,1745253994.0,3,0,3,3,4,4,9,16,0,0,53.0
7,0,1751655639.0,2,1,2,2,2,2,8,19,4,0,217.0
0,0,1744026712.0,0,0,0,4,6,2,8,11,0,0,147.0
0,0,1757685851.0,0,0,0,5,5,6,0,14,4,0,205.0
7,0,1757749809.0,3,1,3,0,2,2,5,7,5,1,205.0
0,0,1742619307.0,3,0,3,5,1,0,8,4,5,1,160.0
0,0,1739751384.0,2,0,2,2,4,1,0,0,0,0,223.0
0,0,1746291241.0,0,0,0,5,4,1,9,16,5,1,41.0
0,0,1735920692.0,3,0,3,4,2,15,4,16,4,0,47.0
0,0,1757191318.0,0,0,0,3,3,2,9,20,5,1,74.0
0,0,1752555306.0,2,0,2,5,1,10,4,4,1,0,92.0
0,0,1738166636.0,1,0,1,5,4,6,4,16,2,0,64.0
0,0,1736095953.0,2,0,2,1,5,11,0,16,6,1,26.0
0,0,1748601767.0,1,0,1,0,1,6,4,10,4,0,215.0
0,0,1763944969.0,1,0,1,2,4,1,4,0,0,0,37.0
0,0,1737165698.0,2,0,2,3,1,5,9,2,5,1,26.0
0,0,1770275641.0,2,0,2,1,5,2,8,7,3,0,62.0
0,0,1750643711.0,3,0,3,1,2,3,9,1,0,0,150.0
0,0,1755864932.0,0,0,0,1,1,2,5,12,4,0,4.0
0,0,1752176853.0,2,0,2,2,4,0,9,19,3,0,152.0
0,0,1761308009.0,0,0,0,3,3,1,4,12,4,0,68.0
0,0,1768346205.0,1,0,1,5,4,3,4,23,1,0,106.0
0,0,1763464415.0,3,0,3,0,2,4,9,11,1,0,73.0
0,0,1768387375.0,0,0,0,4,6,1,0,10,2,0,211.0
0,0,1748941773.0,3,0,3,1,1,1,0,9,1,0,66.0
0,0,1750160010.0,1,0,1,0,6,2,0,11,1,0,113.0
0,0,1757271255.0,2,0,2,3,5,10,4,18,6,1,207.0
0,0,1760548974.0,3,0,3,0,4,3,8,17,2,0,75.0
0,0,1762735509.0,0,0,0,5,4,1,9,0,0,0,174.0
0,0,1751319806.0,1,0,1,4,6,15,0,21,0,0,10.0
0,0,1756065029.0,0,0,0,4,4,2,5,19,6,1,24.0
0,0,1760215152.0,0,0,0,3,3,2,5,20,5,1,40.0
0,0,1768156561.0,3,0,3,3,4,3,4,18,6,1,133.0
